wrol_sample_id,whonrds_id,Site ID_orig,SiteID,Watershed,Sampling Event,Date,q_daily_cfs,q_daily_m3s,USGS_site,latitude_dec_deg,longitude_dec_deg,NHDPlusID,COMID,Checked,Notes,uparea,travTime,q_daily_specific,tt_hr,Notes
1,169,CT-BUNN,CT-BUNN,Connecticut,01-Summer 2019,8/28/2019,0.93,0.0263376,,41.7862,-72.965,1.00E+13,,,"too small, not sure about flowpath",,,,1.705751145,est. scaling model
2,162,CT-EBRA,CT-EBRA,Connecticut,01-Summer 2019,8/5/2019,33,0.93456,,44.6339,-71.8981,1.00E+13,73001057,,,209.387518,,0.004463303,20.39356396,
3,173,CT-FARM,CT-FARM,Connecticut,01-Summer 2019,8/29/2019,247,6.99504,,41.9083,-72.7594,1.00E+13,73003727,,,1548.815326,,0.004516381,4808.905563,
4,NA,CT-MOOS,CT-MOOS,Connecticut,01-Summer 2019,8/5/2019,16.9,0.478608,,44.5117,-71.8378,1.00E+13,73001351,,,333.330004,,0.001435838,37.53654116,
5,170,CT-NEPA,CT-NEPA,Connecticut,01-Summer 2019,8/28/2019,3.93,0.1112976,,41.8207,-72.9701,1.00E+13,73004283,,"site is above reservoir, but only one COMID for entire watershed including reservoir. same COMID as PHEL. not accurate",80.06194687,,0.001390144,5.044340825,est. scaling model
6,166,CT-PASS,CT-PASS,Connecticut,01-Summer 2019,8/6/2019,171,4.84272,,44.3656,-72.0393,1.00E+13,73001343,,,1123.892282,,0.004308883,34.15335344,
7,168,CT-PHEL,CT-PHEL,Connecticut,01-Summer 2019,8/28/2019,,0,,41.7998,-72.9649,1.00E+13,73004283,,"site is above reservoir, but only one COMID for entire watershed including reservoir. same COMID as NEPA. not accurate",80.06194687,,0,2.765008583,est. scaling model
8,164,CT-POPE,CT-POPE,Connecticut,01-Summer 2019,8/6/2019,1.05,0.029736,,44.4761,-72.125,1.00E+13,73001606,,"closest COMID is Sleepers R near N Danville, using same as W9. not accurate",45.22535143,,0.000657507,1.724717251,est. scaling model
9,NA,CT-SLPR,CT-SLPR,Connecticut,01-Summer 2019,8/5/2019,7.38,0.2090016,,44.4353,-72.0389,1.00E+13,73001445,,,121.2631555,,0.001723538,12.02754601,
10,171,CT-STIL,CT-STIL,Connecticut,01-Summer 2019,8/28/2019,15.3,0.433296,,41.9679,-73.0334,1.00E+13,73003738,,,226.5205148,,0.001912833,3513.845511,
11,172,CT-THOM,CT-THOM,Connecticut,01-Summer 2019,8/29/2019,3300,93.456,,41.9872,-72.6058,1.00E+13,73003672,,,25118.03066,,0.003720674,28316.52807,
12,167,CT-UNIO,CT-UNIO,Connecticut,01-Summer 2019,8/28/2019,108,3.05856,,41.7555,-72.887,1.00E+13,73003731,,,1015.872129,,0.003010773,6371.400841,
13,165,CT-W9,CT-W9,Connecticut,01-Summer 2019,8/6/2019,,0,,44.4906,-72.1622,1.00E+13,73001606,,"closest COMID is Sleepers R near N Danville, using same as POPE. not accurate",45.22535143,,0,1.013016508,est. scaling model
14,032,BEA-SHI,BEA-SHI,Deschutes,01-Summer 2019,9/11/2019,,,,,,0,78021800,,,430.7473181,,,NA,
15,026,BRO-LAP,BRO-LAP,Deschutes,01-Summer 2019,9/10/2019,25.4,0.719328,,43.7236,-121.796,5.50E+13,78024593,,,48.96964195,,0.014689264,8.354017596,
16,025,CUL-LAP,CUL-LAP,Deschutes,01-Summer 2019,9/10/2019,56.8,1.608576,,43.82276,-121.797685,5.50E+13,78024783,,,47.17553241,,0.034097676,6.45830809,
17,029,DES-BFA,DES-BFA,Deschutes,01-Summer 2019,9/10/2019,1570,44.4624,,43.9305,-121.412,0,78024103,,,4494.832968,,0.009891891,1695.814168,
18,024,DES-LAP,DES-LAP,Deschutes,01-Summer 2019,9/10/2019,123,3.48336,,43.814019,-121.777208,5.50E+13,78024269,,,316.6585115,,0.011000368,24.21272167,
19,030,DES-MAD,DES-MAD,Deschutes,01-Summer 2019,9/11/2019,3880,109.8816,,44.742799,-121.229678,5.50E+13,78021674,,,21255.14756,,0.005169647,3647.18935,
20,033,DES-MOO,DES-MOO,Deschutes,01-Summer 2019,9/11/2019,4500,127.44,,45.6222,-120.9044,5.50E+13,78020390,,,28183.15146,,0.004521851,2930.712499,
21,NA,DES-WIC,DES-WIC,Deschutes,01-Summer 2019,9/10/2019,1100,31.152,,43.686204,-121.687328,5.50E+13,78024218,,,1309.24102,,0.023793938,3729.413252,
22,NA,LDS-LAP,LDS-LAP,Deschutes,01-Summer 2019,9/10/2019,145,4.1064,,43.6892,-121.503,5.50E+13,78024191,,,2247.596804,,0.001827018,1057.924646,
23,031,WRM-HOT,WRM-HOT,Deschutes,01-Summer 2019,9/11/2019,,,,,,5.50E+13,78021793,,,1405.196556,,,NA,
24,007,EAS-ALM,EAS-ALM,Gunnison,01-Summer 2019,8/17/2019,291,8.24112,,38.6644,-106.8475,4.10E+13,77014019,,,748.3898082,,0.011011801,28.02879015,
25,003,EAS-BRA,EAS-BRA,Gunnison,01-Summer 2019,8/16/2019,,0.066143703,,38.9857545,-107.0027911,4.10E+13,77015865,,,123.1700284,,0.000537011,1.309562334,est. scaling model
26,006,EAS-PUM,EAS-PUM,Gunnison,01-Summer 2019,8/17/2019,,1.639672922,,38.922336,-106.951195,4.10E+13,77015865,,,123.1700284,,0.013312272,11.71592212,est. scaling model
27,001,EAS-ROC,EAS-ROC,Gunnison,01-Summer 2019,8/16/2019,,0.088205359,,38.981617,-107.005668,4.10E+13,77015865,,,123.1700284,,0.000716127,1.362010423,est. scaling model
28,002,EAS-RUS,EAS-RUS,Gunnison,01-Summer 2019,8/16/2019,,0.625026404,,38.9905473,-107.0065371,4.10E+13,77015865,,,123.1700284,,0.005074501,3.978222262,est. scaling model
29,011,GUN-GRJ,GUN-GRJ,Gunnison,01-Summer 2019,8/18/2019,1730,48.9936,,38.983351,-108.45103,4.10E+13,77013352,,,20545.75266,,0.00238461,3297.556283,
30,008,GUN-GUN,GUN-GUN,Gunnison,01-Summer 2019,8/18/2019,889,25.17648,,38.529203,-106.956087,4.10E+13,77013903,,,2619.676449,,0.00961053,3379.09085,
31,009,GUN-R32,GUN-R32,Gunnison,01-Summer 2019,8/17/2019,1060,30.0192,,38.5172,-106.9956,4.10E+13,77013519,,,5489.262646,,0.005468713,1646.4025,
32,010,GUN-TUN,GUN-TUN,Gunnison,01-Summer 2019,8/18/2019,1020,28.8864,,38.5292,-107.6483,4.10E+13,77013467,,"COMID at sampling site  (77013466) includes part of upstream reservoir, not accurate, so trying the next reach upstream which is in reservoir",10087.31448,,0.002863636,5812.244383,
33,005,TAY-RES,TAY-RES,Gunnison,01-Summer 2019,8/16/2019,399,11.29968,,38.8183,-106.6086,4.10E+13,77014098,,,681.6496713,,0.016576961,10867.11463,
34,004,TAY-TAY,TAY-TAY,Gunnison,01-Summer 2019,8/16/2019,112,3.17184,,38.8604,-106.567,4.10E+13,77014146,,,350.1634509,,0.00905817,16.13118603,
35,016,BLU-BLU,BLU-BLU,Willamette,01-Summer 2019,9/4/2019,587,16.62384,,44.1623,-122.332,5.50E+13,78023549,,,238.7871243,,0.069617824,2968.096387,
36,015,BLU-TID,BLU-TID,Willamette,01-Summer 2019,9/4/2019,19.47730721,0.55159734,,44.2179,-122.265,5.50E+13,78023561,,,123.5513324,,0.00446452,8.740677086,
37,013,LOO-BLU,LOO-BLU,Willamette,01-Summer 2019,9/4/2019,7.17,0.2030544,,44.2097,-122.257,5.50E+13,78023871,,,63.21419937,,0.003212164,3.281202644,est. scaling model
38,014,HJA-WS1,HJA-WS1,Willamette,01-Summer 2019,9/4/2019,0.012659028,0.000358504,,44.208517,-122.256831,5.50E+13,78023871,,"too small, same COMID as LOO-BLU",63.21419937,,5.67E-06,1.00034366,est. scaling model
39,012,HJA-WS2,HJA-WS2,Willamette,01-Summer 2019,9/4/2019,0.032158333,0.000910724,,44.213385,-122.243976,5.50E+13,78023871,,"too small, same COMID as LOO-BLU",63.21419937,,1.44E-05,1.001863151,est. scaling model
40,017,MCK-WAL,MCK-WAL,Willamette,01-Summer 2019,9/4/2019,1420,40.2144,,44.06957,-122.772306,0,78023324,,,2865.888933,,0.014032086,1296.781968,
41,021,WIL-COR,WIL-COR,Willamette,01-Summer 2019,9/6/2019,5270,149.2464,,44.566361,-123.256806,5.50E+13,78022384,,,11236.75727,,0.013281981,1413.11963,
42,019,WIL-GOS,WIL-GOS,Willamette,01-Summer 2019,9/6/2019,499,14.13168,,43.9806,-122.9653,5.50E+13,78023308,,,1702.345984,,0.008301297,1442.971526,
43,020,WIL-HAR,WIL-HAR,Willamette,01-Summer 2019,9/4/2019,5090,144.1488,,44.2701246,-123.1748105,5.50E+13,78023210,,,8907.570134,,0.01618273,1558.662617,
44,018,WIL-JAS,WIL-JAS,Willamette,01-Summer 2019,9/6/2019,2240,63.4368,,43.9983,-122.905,5.50E+13,78023216,,,3533.637589,,0.017952265,2004.222406,
45,022,WIL-POR,WIL-POR,Willamette,01-Summer 2019,9/7/2019,6260,177.2832,,45.5175,-122.6692,5.50E+13,78020394,,,29027.36383,,0.006107451,1377.864258,
46,186,CT-BUNN,CT-BUNN,Connecticut,02-Fall 2019,11/8/2019,5,0.1416,,41.7862,-72.965,1.00E+13,,,"too small, not sure about flowpath",,,,2.902994438,est. scaling model
47,183,CT-EBRA,CT-EBRA,Connecticut,02-Fall 2019,11/4/2019,165,4.6728,,44.6339,-71.8981,1.00E+13,73001057,,,209.387518,,0.022316517,16.81189732,
48,179,CT-FARM,CT-FARM,Connecticut,02-Fall 2019,11/7/2019,524,14.83968,,41.9083,-72.7594,1.00E+13,73003727,,,1548.815326,,0.00958131,4803.560958,
49,174,CT-MOOS,CT-MOOS,Connecticut,02-Fall 2019,11/4/2019,177,5.01264,,44.5117,-71.8378,1.00E+13,73001351,,,333.330004,,0.01503807,28.31677984,
50,182,CT-NEPA,CT-NEPA,Connecticut,02-Fall 2019,11/8/2019,12.7,0.359664,,41.8207,-72.9701,1.00E+13,73004283,,"site is above reservoir, but only one COMID for entire watershed including reservoir. same COMID as PHEL. not accurate",80.06194687,,0.004492321,7.573914382,est. scaling model
51,175,CT-PASS,CT-PASS,Connecticut,02-Fall 2019,11/4/2019,1180,33.4176,,44.3656,-72.0393,1.00E+13,73001343,,,1123.892282,,0.02973381,27.08738278,
52,185,CT-PHEL,CT-PHEL,Connecticut,02-Fall 2019,11/8/2019,,0,,41.7998,-72.9649,1.00E+13,73004283,,"site is above reservoir, but only one COMID for entire watershed including reservoir. same COMID as NEPA. not accurate",80.06194687,,0,2.765008583,est. scaling model
53,177,CT-POPE,CT-POPE,Connecticut,02-Fall 2019,11/5/2019,6.27,0.1775664,,44.4761,-72.125,1.00E+13,73001606,,"closest COMID is Sleepers R near N Danville, using same as W9. not accurate",45.22535143,,0.003926258,3.067212785,est. scaling model
54,184,CT-SLPR,CT-SLPR,Connecticut,02-Fall 2019,11/4/2019,75.5,2.13816,,44.4353,-72.0389,1.00E+13,73001445,,,121.2631555,,0.017632396,9.098926486,
55,180,CT-STIL,CT-STIL,Connecticut,02-Fall 2019,11/7/2019,114,3.22848,,41.9679,-73.0334,1.00E+13,73003738,,,226.5205148,,0.014252484,3511.157809,
56,178,CT-THOM,CT-THOM,Connecticut,02-Fall 2019,11/7/2019,14900,421.968,,41.9872,-72.6058,1.00E+13,73003672,,,25118.03066,,0.016799406,28292.62337,
57,181,CT-UNIO,CT-UNIO,Connecticut,02-Fall 2019,11/7/2019,327,9.26064,,41.7555,-72.887,1.00E+13,73003731,,,1015.872129,,0.00911595,6367.005748,
58,176,CT-W9,CT-W9,Connecticut,02-Fall 2019,11/5/2019,,0,,44.4906,-72.1622,1.00E+13,73001606,,"closest COMID is Sleepers R near N Danville, using same as POPE. not accurate",45.22535143,,0,1.097538851,est. scaling model
59,004,BRO-LAP,BRO-LAP,Deschutes,02-Fall 2019,11/20/2019,25,0.708,,43.7236,-121.796,5.50E+13,78024593,,,48.96964195,,0.014457937,8.369945509,
60,042,CUL-LAP,CUL-LAP,Deschutes,02-Fall 2019,11/20/2019,45.2,1.280064,,43.82276,-121.797685,5.50E+13,78024783,,,47.17553241,,0.027134066,6.637796703,
82,045,LDS-LAP,LDS-LAP,Deschutes,02-Fall 2019,11/20/2019,68.5,1.93992,,43.6892,-121.503,5.50E+13,78024191,,,2247.596804,,0.000863109,1062.860069,
61,046,DES-BFA,DES-BFA,Deschutes,02-Fall 2019,11/21/2019,498,14.10336,,43.9305,-121.412,0,78024103,,,4494.832968,,0.003137683,1703.329445,
62,41,DES-LAP,DES-LAP,Deschutes,02-Fall 2019,11/20/2019,89.4,2.531808,,43.814019,-121.777208,5.50E+13,78024269,,,316.6585115,,0.007995389,25.15774559,
63,048,DES-MAD,DES-MAD,Deschutes,02-Fall 2019,11/21/2019,4050,114.696,,44.742799,-121.229678,5.50E+13,78021674,,,21255.14756,,0.005396152,3646.616561,
64,050,DES-MOO,DES-MOO,Deschutes,02-Fall 2019,11/21/2019,4620,130.8384,,45.6222,-120.9044,5.50E+13,78020390,,,28183.15146,,0.004642433,2930.186672,
65,044,DES-WIC,DES-WIC,Deschutes,02-Fall 2019,11/20/2019,108,3.05856,,43.686204,-121.687328,5.50E+13,78024218,,,1309.24102,,0.002336132,3736.848555,
66,47,WHY-SIS,WHY-SIS,Deschutes,02-Fall 2019,11/21/2019,22.4,0.634368,14076050,44.287949,-121.544078,0,78023762,,,144.680945,,0.0043846,22.56963698,
85,049,TRO-GAT,TRO-GAT,Deschutes,02-Fall 2019,11/21/2019,10.6,0.300192,,44.801195,-121.06603,0,78021831,,,1747.995846,,0.000171735,59.73336248,
67,216,EAS-ALM,EAS-ALM,Gunnison,02-Fall 2019,10/18/2019,77.7,2.200464,,38.6644,-106.8475,4.10E+13,77014019,,,748.3898082,,0.002940265,32.84134904,
68,1004,EAS-BRA,EAS-BRA,Gunnison,02-Fall 2019,10/19/2019,,0.039191327,,38.9857545,-107.0027911,4.10E+13,77015865,,,123.1700284,,0.000318189,1.212724777,est. scaling model
69,1003,EAS-PUM,EAS-PUM,Gunnison,02-Fall 2019,10/19/2019,,0.448260411,,38.922336,-106.951195,4.10E+13,77015865,,,123.1700284,,0.003639363,7.598196956,est. scaling model
70,1001,EAS-ROC,EAS-ROC,Gunnison,02-Fall 2019,10/19/2019,,0.048046144,,38.981617,-107.005668,4.10E+13,77015865,,,123.1700284,,0.00039008,1.234425865,est. scaling model
71,1002,EAS-RUS,EAS-RUS,Gunnison,02-Fall 2019,10/19/2019,,0.073169985,,38.9905473,-107.0065371,4.10E+13,77015865,,,123.1700284,,0.000594057,1.850713026,est. scaling model
72,213,GUN-GRJ,GUN-GRJ,Gunnison,02-Fall 2019,10/20/2019,1810,51.2592,,38.983351,-108.45103,4.10E+13,77013352,,,20545.75266,,0.002494881,3296.905491,
73,212,GUN-GUN,GUN-GUN,Gunnison,02-Fall 2019,10/18/2019,290,8.2128,,38.529203,-106.956087,4.10E+13,77013903,,,2619.676449,,0.003135044,3384.628494,
74,210,GUN-R32,GUN-R32,Gunnison,02-Fall 2019,10/18/2019,386,10.93152,,38.5172,-106.9956,4.10E+13,77013519,,,5489.262646,,0.001991437,1652.755656,
75,209,GUN-TUN,GUN-TUN,Gunnison,02-Fall 2019,10/20/2019,425,12.036,,38.5292,-107.6483,4.10E+13,77013467,,"COMID at sampling site  (77013466) includes part of upstream reservoir, not accurate, so trying the next reach upstream which is in reservoir",10087.31448,,0.001193182,5819.649746,
76,215,TAY-RES,TAY-RES,Gunnison,02-Fall 2019,10/18/2019,135,3.8232,,38.8183,-106.6086,4.10E+13,77014098,,,681.6496713,,0.005608746,10869.1026,
77,211,TAY-TAY,TAY-TAY,Gunnison,02-Fall 2019,10/18/2019,58.5,1.65672,,38.8604,-106.567,4.10E+13,77014146,,,350.1634509,,0.004731276,17.43868602,
78,055,BLU-BLU,BLU-BLU,Willamette,02-Fall 2019,12/10/2019,58.8,1.665216,,44.1623,-122.332,5.50E+13,78023549,,,238.7871243,,0.006973642,2970.162157,
79,053,BLU-TID,BLU-TID,Willamette,02-Fall 2019,12/10/2019,49.93795546,1.414242899,,44.2179,-122.265,5.50E+13,78023561,,,123.5513324,,0.011446602,7.806868333,
80,051,HJA-WS1,HJA-WS1,Willamette,02-Fall 2019,12/10/2019,0.098475,0.002788812,,44.208517,-122.256831,5.50E+13,78023871,,"too small, same COMID as LOO-BLU",63.21419937,,4.41E-05,1.006367473,est. scaling model
81,052,HJA-WS2,HJA-WS2,Willamette,02-Fall 2019,12/10/2019,0.078524306,0.002223808,,44.213385,-122.243976,5.50E+13,78023871,,"too small, same COMID as LOO-BLU",63.21419937,,3.52E-05,1.003690686,est. scaling model
83,054,LOO-BLU,LOO-BLU,Willamette,02-Fall 2019,12/10/2019,18,0.50976,,44.2097,-122.257,5.50E+13,78023871,,,63.21419937,,0.008064011,4.396441643,est. scaling model
84,056,MCK-WAL,MCK-WAL,Willamette,02-Fall 2019,12/5/2019,1060,30.0192,,44.06957,-122.772306,0,78023324,,,2865.888933,,0.010474656,1299.005491,
86,060,WIL-COR,WIL-COR,Willamette,02-Fall 2019,12/6/2019,4010,113.5632,,44.566361,-123.256806,5.50E+13,78022384,,,11236.75727,,0.010106403,1416.196337,
87,057,WIL-GOS,WIL-GOS,Willamette,02-Fall 2019,12/5/2019,200,5.664,,43.9806,-122.9653,5.50E+13,78023308,,,1702.345984,,0.003327173,1448.112645,
88,059,WIL-HAR,WIL-HAR,Willamette,02-Fall 2019,12/5/2019,3670,103.9344,,44.2701246,-123.1748105,5.50E+13,78023210,,,8907.570134,,0.011668098,1561.667805,
89,058,WIL-JAS,WIL-JAS,Willamette,02-Fall 2019,12/5/2019,1590,45.0288,,43.9983,-122.905,5.50E+13,78023216,,,3533.637589,,0.012742903,2006.278624,
90,061,WIL-POR,WIL-POR,Willamette,02-Fall 2019,12/8/2019,7760,219.7632,,45.5175,-122.6692,5.50E+13,78020394,,,29027.36383,,0.007570898,1374.262672,
91,134,CT-BUNN,CT-BUNN,Connecticut,03-Winter 2020,3/22/2020,8.55,0.242136,,41.7862,-72.965,1.00E+13,,,"too small, not sure about flowpath",,,,3.546241104,est. scaling model
92,124,CT-EBRA,CT-EBRA,Connecticut,03-Winter 2020,3/13/2020,250,7.08,,44.6339,-71.8981,1.00E+13,73001057,,,209.387518,,0.033812904,15.9941808,
93,NA,CT-FARM,CT-FARM,Connecticut,03-Winter 2020,3/21/2020,1450,41.064,,41.9083,-72.7594,1.00E+13,73003727,,,1548.815326,,0.026513167,4797.054953,
94,126,CT-MOOS,CT-MOOS,Connecticut,03-Winter 2020,3/12/2020,499,14.13168,,44.5117,-71.8378,1.00E+13,73001351,,,333.330004,,0.042395463,25.00509972,
95,NA,CT-NEPA,CT-NEPA,Connecticut,03-Winter 2020,3/21/2020,52.2,1.478304,,41.8207,-72.9701,1.00E+13,73004283,,"site is above reservoir, but only one COMID for entire watershed including reservoir. same COMID as PHEL. not accurate",80.06194687,,0.018464502,11.65957512,est. scaling model
96,125,CT-PASS,CT-PASS,Connecticut,03-Winter 2020,3/13/2020,1900,53.808,,44.3656,-72.0393,1.00E+13,73001343,,,1123.892282,,0.047876474,25.58246883,
97,NA,CT-PHEL,CT-PHEL,Connecticut,03-Winter 2020,3/22/2020,,0,,41.7998,-72.9649,1.00E+13,73004283,,"site is above reservoir, but only one COMID for entire watershed including reservoir. same COMID as NEPA. not accurate",80.06194687,,0,2.765008583,est. scaling model
98,122,CT-POPE,CT-POPE,Connecticut,03-Winter 2020,3/13/2020,16.9,0.478608,,44.4761,-72.125,1.00E+13,73001606,,"closest COMID is Sleepers R near N Danville, using same as W9. not accurate",45.22535143,,0.010582737,4.449242436,est. scaling model
99,121,CT-SLPR,CT-SLPR,Connecticut,03-Winter 2020,3/12/2020,114,3.22848,,44.4353,-72.0389,1.00E+13,73001445,,,121.2631555,,0.026623751,8.659946485,
100,130,CT-STIL,CT-STIL,Connecticut,03-Winter 2020,3/21/2020,249,7.05168,,41.9679,-73.0334,1.00E+13,73003738,,,226.5205148,,0.031130425,3510.27523,
101,128,CT-THOM,CT-THOM,Connecticut,03-Winter 2020,3/21/2020,30600,866.592,,41.9872,-72.6058,1.00E+13,73003672,,,25118.03066,,0.034500794,28282.64939,
102,NA,CT-UNIO,CT-UNIO,Connecticut,03-Winter 2020,3/22/2020,682,19.31424,,41.7555,-72.887,1.00E+13,73003731,,,1015.872129,,0.019012472,6364.395853,
103,123,CT-W9,CT-W9,Connecticut,03-Winter 2020,3/13/2020,,0,,44.4906,-72.1622,1.00E+13,73001606,,"closest COMID is Sleepers R near N Danville, using same as POPE. not accurate",45.22535143,,0,1.115793647,est. scaling model
104,076,BRO-LAP,BRO-LAP,Deschutes,03-Winter 2020,2/5/2020,22,0.62304,,43.7236,-121.796,5.50E+13,78024593,,,48.96964195,,0.012722985,8.499330357,
105,075,CUL-LAP,CUL-LAP,Deschutes,03-Winter 2020,2/5/2020,37.6,1.064832,,43.82276,-121.797685,5.50E+13,78024783,,,47.17553241,,0.022571701,6.786065042,
106,079,DES-BFA,DES-BFA,Deschutes,03-Winter 2020,2/5/2020,588,16.65216,,43.9305,-121.412,0,78024103,,,4494.832968,,0.003704734,1702.177025,
107,074,DES-LAP,DES-LAP,Deschutes,03-Winter 2020,2/5/2020,82.2,2.327904,,43.814019,-121.777208,5.50E+13,78024269,,,316.6585115,,0.007351465,25.41251249,
108,081,DES-MAD,DES-MAD,Deschutes,03-Winter 2020,2/4/2020,4470,126.5904,,44.742799,-121.229678,5.50E+13,78021674,,,21255.14756,,0.005955753,3645.309707,
109,083,DES-MOO,DES-MOO,Deschutes,03-Winter 2020,2/8/2020,6950,196.824,,45.6222,-120.9044,5.50E+13,78020390,,,28183.15146,,0.006983747,2922.23703,
110,077,DES-WIC,DES-WIC,Deschutes,03-Winter 2020,2/4/2020,106,3.00192,,43.686204,-121.687328,5.50E+13,78024218,,,1309.24102,,0.00229287,3736.91724,
111,078,LDS-LAP,LDS-LAP,Deschutes,03-Winter 2020,2/4/2020,100,2.832,,43.6892,-121.503,5.50E+13,78024191,,,2247.596804,,0.001260012,1060.314575,
112,080,WHY-SIS,WHY-SIS,Deschutes,03-Winter 2020,2/4/2020,65,1.8408,14076050,44.287949,-121.544078,0,78023762,,,144.680945,,0.012723168,19.86116563,
126,082,TRO-GAT,TRO-GAT,Deschutes,03-Winter 2020,2/4/2020,26.5,0.75048,,44.801195,-121.06603,0,78021831,,,1747.995846,,0.000429337,53.51359919,
113,189,EAS-ALM,EAS-ALM,Gunnison,03-Winter 2020,2/14/2020,62,1.75584,,38.6644,-106.8475,4.10E+13,77014019,,,748.3898082,,0.002346157,33.74306341,
114,192,EAS-PUM,EAS-PUM,Gunnison,03-Winter 2020,2/15/2020,,0.356503219,,38.922336,-106.951195,4.10E+13,77015865,,,123.1700284,,0.002894399,7.015940735,est. scaling model
115,193,EAS-ROC,EAS-ROC,Gunnison,03-Winter 2020,2/20/2020,,0.041156682,,38.981617,-107.005668,4.10E+13,77015865,,,123.1700284,,0.000334145,1.209772808,est. scaling model
116,190,EAS-RUS,EAS-RUS,Gunnison,03-Winter 2020,2/20/2020,,0.036123083,,38.9905473,-107.0065371,4.10E+13,77015865,,,123.1700284,,0.000293278,1.52548547,est. scaling model
117,195,GUN-GUN,GUN-GUN,Gunnison,03-Winter 2020,2/14/2020,235,6.6552,,38.529203,-106.956087,4.10E+13,77013903,,,2619.676449,,0.002540466,3385.753636,
118,188,GUN-R32,GUN-R32,Gunnison,03-Winter 2020,2/14/2020,327,9.26064,,38.5172,-106.9956,4.10E+13,77013519,,,5489.262646,,0.001687046,1653.874478,
119,194,TAY-RES,TAY-RES,Gunnison,03-Winter 2020,2/15/2020,98,2.77536,,38.8183,-106.6086,4.10E+13,77014098,,,681.6496713,,0.004071534,10869.74142,
120,070,BLU-BLU,BLU-BLU,Willamette,03-Winter 2020,1/23/2020,1420,40.2144,,44.1623,-122.332,5.50E+13,78023549,,,238.7871243,,0.16841109,2967.442973,
121,068,BLU-TID,BLU-TID,Willamette,03-Winter 2020,1/23/2020,739.1060698,20.9314839,,44.2179,-122.265,5.50E+13,78023561,,,123.5513324,,0.169415283,5.649938669,
122,067,HJA-WS1,HJA-WS1,Willamette,03-Winter 2020,1/23/2020,7.949504861,0.225129978,,44.208517,-122.256831,5.50E+13,78023871,,"too small, same COMID as LOO-BLU",63.21419937,,0.003561383,1.183851258,est. scaling model
123,066,HJA-WS2,HJA-WS2,Willamette,03-Winter 2020,1/23/2020,5.335323958,0.151096374,,44.213385,-122.243976,5.50E+13,78023871,,"too small, same COMID as LOO-BLU",63.21419937,,0.002390228,1.093918445,est. scaling model
124,069,LOO-BLU,LOO-BLU,Willamette,03-Winter 2020,1/23/2020,326,9.23232,,44.2097,-122.257,5.50E+13,78023871,,,63.21419937,,0.146048199,10.37971288,est. scaling model
125,071,MCK-WAL,MCK-WAL,Willamette,03-Winter 2020,1/23/2020,6530,184.9296,,44.06957,-122.772306,0,78023324,,,2865.888933,,0.064527832,1286.364236,
127,072,WIL-COR,WIL-COR,Willamette,03-Winter 2020,1/24/2020,23600,668.352,,44.566361,-123.256806,5.50E+13,78022384,,,11236.75727,,0.059479081,1397.921591,
128,064,WIL-GOS,WIL-GOS,Willamette,03-Winter 2020,1/22/2020,3990,112.9968,,43.9806,-122.9653,5.50E+13,78023308,,,1702.345984,,0.066377106,1433.182769,
129,023,WIL-HAR,WIL-HAR,Willamette,03-Winter 2020,1/24/2020,22600,640.032,,44.2701246,-123.1748105,5.50E+13,78023210,,,8907.570134,,0.071852592,1546.366273,
130,065,WIL-JAS,WIL-JAS,Willamette,03-Winter 2020,1/22/2020,5910,167.3712,,43.9983,-122.905,5.50E+13,78023216,,,3533.637589,,0.047365129,1998.840291,
131,073,WIL-POR,WIL-POR,Willamette,03-Winter 2020,1/26/2020,90900,2574.288,,45.5175,-122.6692,5.50E+13,78020394,,,29027.36383,,0.08868487,1338.995312,
132,NA,CT-THOM Dec 2019,CT-THOM,Connecticut,99-Monthly,12/3/2019,14700,416.304,1184000,41.9872,-72.6058,,73003672,,,25118.03066,,0.016573911,28292.81903,
133,NA,CT-THOM Jan 2020,CT-THOM,Connecticut,99-Monthly,1/24/2020,16100,455.952,1184000,41.9872,-72.6058,,73003672,,,25118.03066,,0.018152379,28291.508,
134,NA,CT-THOM Feb 2020,CT-THOM,Connecticut,99-Monthly,3/2/2020,18100,512.592,1184000,41.9872,-72.6058,,73003672,,,25118.03066,,0.020407332,28289.84145,
135,034,DES-MOO Oct 2019,DES-MOO,Deschutes,99-Monthly,10/1/2019,4660,131.9712,14103000,45.6222,-120.9044,,78020390,,,28183.15146,,0.004682627,2930.014788,
136,037,DES-MOO Nov 2019,DES-MOO,Deschutes,99-Monthly,11/10/2019,4740,134.2368,14103000,45.6222,-120.9044,,78020390,,,28183.15146,,0.004763016,2929.675924,
137,062,DES-MOO Dec 2019,DES-MOO,Deschutes,99-Monthly,12/27/2019,4890,138.4848,14103000,45.6222,-120.9044,,78020390,,,28183.15146,,0.004913744,2929.057484,
138,085,DES-MOO Mar 2020,DES-MOO,Deschutes,99-Monthly,3/8/2020,4920,139.3344,14103000,45.6222,-120.9044,,78020390,,,28183.15146,,0.00494389,2928.936346,
139,104,DES-MOO Apr 2020,DES-MOO,Deschutes,99-Monthly,4/3/2020,4750,134.52,14103000,45.6222,-120.9044,,78020390,,,28183.15146,,0.004773065,2929.634017,
140,151,DES-MOO Jun 2020,DES-MOO,Deschutes,99-Monthly,6/21/2020,4450,126.024,14103000,45.6222,-120.9044,,78020390,,,28183.15146,,0.004471608,2930.936247,
142,NA,GUN-GRJ Nov 2019,GUN-GRJ,Gunnison,99-Monthly,11/24/2019,1760,49.8432,9152500,38.983351,-108.45103,,77013352,,,20545.75266,,0.002425961,3297.308359,
143,NA,GUN-GRJ Dec 2019,GUN-GRJ,Gunnison,99-Monthly,1/8/2020,1530,43.3296,9152500,38.983351,-108.45103,,77013352,,,20545.75266,,0.002108932,3299.342862,
144,NA,GUN-GRJ Jan 2020,GUN-GRJ,Gunnison,99-Monthly,1/29/2020,1630,46.1616,9152500,38.983351,-108.45103,,77013352,,,20545.75266,,0.002246771,3298.418865,
145,NA,GUN-GRJ Feb 2020,GUN-GRJ,Gunnison,99-Monthly,3/10/2020,1110,31.4352,9152500,38.983351,-108.45103,,77013352,,,20545.75266,,0.00153001,3304.135786,
146,NA,GUN-GRJ Apr 2020,GUN-GRJ,Gunnison,99-Monthly,4/24/2020,1100,31.152,9152500,38.983351,-108.45103,,77013352,,,20545.75266,,0.001516226,3304.273644,
147,NA,GUN-GRJ Jun 2020,GUN-GRJ,Gunnison,99-Monthly,6/23/2020,1200,33.984,9152500,38.983351,-108.45103,,77013352,,,20545.75266,,0.001654064,3302.954361,
148,035,WIL-POR Oct 2019,WIL-POR,Willamette,99-Monthly,10/1/2019,8250,233.64,14211720,45.5175,-122.6692,,78020394,,,29027.36383,,0.008048957,1373.252903,
149,036,WIL-POR Nov 2019,WIL-POR,Willamette,99-Monthly,11/10/2019,11300,320.016,14211720,45.5175,-122.6692,,78020394,,,29027.36383,,0.011024632,1368.18034,
150,023,WIL-POR Dec 2019,WIL-POR,Willamette,99-Monthly,12/27/2019,21900,620.208,14211720,45.5175,-122.6692,,78020394,,,29027.36383,,0.021366322,1358.116061,
151,086,WIL-POR Mar 2020,WIL-POR,Willamette,99-Monthly,3/8/2020,16700,472.944,14211720,45.5175,-122.6692,,78020394,,,29027.36383,,0.01629304,1362.142796,
152,103,WIL-POR Apr 2020,WIL-POR,Willamette,99-Monthly,4/3/2020,39800,1127.136,14211720,45.5175,-122.6692,,78020394,,,29027.36383,,0.038830119,1349.691378,
154,138,CT-EBRA,CT-EBRA,Connecticut,04-Sp 2020,6/5/2020,77.1,2.183472,,44.6339,-71.8981,1.00E+13,73001057,,,209.387518,,0.0104279,18.41909453,
155,137,CT-MOOS,CT-MOOS,Connecticut,04-Sp 2020,6/5/2020,70.6,1.999392,,44.5117,-71.8378,1.00E+13,73001351,,,333.330004,,0.005998236,31.61870598,
156,135,CT-PASS,CT-PASS,Connecticut,04-Sp 2020,6/5/2020,461,13.05552,,44.3656,-72.0393,1.00E+13,73001343,,,1123.892282,,0.011616345,30.32136684,
157,139,CT-POPE,CT-POPE,Connecticut,04-Sp 2020,6/5/2020,3.6,0.101952,,44.4761,-72.125,1.00E+13,73001606,,"closest COMID is Sleepers R near N Danville, using same as W9. not accurate",45.22535143,,0.002254311,2.509802642,est. scaling model
158,136,CT-SLPR,CT-SLPR,Connecticut,04-Sp 2020,6/5/2020,28.4,0.804288,,44.4353,-72.0389,1.00E+13,73001445,,,121.2631555,,0.006632583,10.23164797,
159,140,CT-W9,CT-W9,Connecticut,04-Sp 2020,6/6/2020,,0,,44.4906,-72.1622,1.00E+13,73001606,,"closest COMID is Sleepers R near N Danville, using same as POPE. not accurate",45.22535143,,0,1.049253708,est. scaling model
160,099,CT-BUNN,CT-BUNN,Connecticut,04-Sp 2020,6/5/2020,3.21,0.0909072,,41.7862,-72.965,1.00E+13,,,"too small, not sure about flowpath",,,,2.477357428,est. scaling model
161,101,CT-FARM,CT-FARM,Connecticut,04-Sp 2020,6/6/2020,551,15.60432,,41.9083,-72.7594,1.00E+13,73003727,,,1548.815326,,0.010075004,4803.220816,
162,NA,CT-NEPA,CT-NEPA,Connecticut,04-Sp 2020,6/6/2020,11.2,0.317184,,41.8207,-72.9701,1.00E+13,73004283,,"site is above reservoir, but only one COMID for entire watershed including reservoir. same COMID as PHEL. not accurate",80.06194687,,0.003961732,7.266673715,est. scaling model
163,098,CT-PHEL,CT-PHEL,Connecticut,04-Sp 2020,6/5/2020,,0,,41.7998,-72.9649,1.00E+13,73004283,,"site is above reservoir, but only one COMID for entire watershed including reservoir. same COMID as NEPA. not accurate",80.06194687,,0,2.765008583,est. scaling model
164,102,CT-STIL,CT-STIL,Connecticut,04-Sp 2020,6/6/2020,39,1.10448,,41.9679,-73.0334,1.00E+13,73003738,,,226.5205148,,0.00487585,3512.512568,
165,100,CT-THOM,CT-THOM,Connecticut,04-Sp 2020,6/6/2020,8670,245.5344,,41.9872,-72.6058,1.00E+13,73003672,,,25118.03066,,0.009775225,28300.71713,
166,097,CT-UNIO,CT-UNIO,Connecticut,04-Sp 2020,6/5/2020,313,8.86416,,41.7555,-72.887,1.00E+13,73003731,,,1015.872129,,0.008725665,6367.168489,
167,NA,CT-THOM Aug 2020,CT-THOM,Connecticut,99-Monthly,8/30/2020,3240,91.7568,1184000,41.9872,-72.6058,,73003672,,,25118.03066,,0.003653025,28316.84651,
168,NA,CT-THOM Oct 2020,CT-THOM,Connecticut,99-Monthly,10/1/2020,5760,163.1232,1184000,41.9872,-72.6058,,73003672,,,25118.03066,,0.006494267,28307.18768,
169,NA,"GUN-GRJ ""July"" 2020",GUN-GRJ,Gunnison,99-Monthly,8/5/2020,811,22.96752,9152500,38.983351,-108.45103,,77013352,,,20545.75266,,0.001117872,3309.005211,
170,113,BLU-BLU,BLU-BLU,Willamette,04-Sp 2020,4/21/2020,57.9,1.639728,,44.1623,-122.332,5.50E+13,78023549,,,238.7871243,,0.006866903,2970.17802,
171,115,BLU-TID,BLU-TID,Willamette,04-Sp 2020,4/21/2020,157.8045562,4.469025032,,44.2179,-122.265,5.50E+13,78023561,,,123.5513324,,0.036171403,6.800082805,
172,106,HJA-WS1,HJA-WS1,Willamette,04-Sp 2020,4/21/2020,0.305661458,0.008656333,,44.208517,-122.256831,5.50E+13,78023871,,"too small, same COMID as LOO-BLU",63.21419937,,0.000136937,1.015177426,est. scaling model
173,109,HJA-WS2,HJA-WS2,Willamette,04-Sp 2020,4/21/2020,0.3259625,0.009231258,,44.213385,-122.243976,5.50E+13,78023871,,"too small, same COMID as LOO-BLU",63.21419937,,0.000146031,1.010986401,est. scaling model
174,110,LOO-BLU,LOO-BLU,Willamette,04-Sp 2020,4/21/2020,104,2.94528,,44.2097,-122.257,5.50E+13,78023871,,,63.21419937,,0.046592064,7.482794659,est. scaling model
175,107,MCK-WAL,MCK-WAL,Willamette,04-Sp 2020,4/23/2020,2240,63.4368,,44.06957,-122.772306,0,78023324,,,2865.888933,,0.022135122,1293.467531,
176,114,WIL-COR,WIL-COR,Willamette,04-Sp 2020,4/23/2020,6860,194.2752,,44.566361,-123.256806,5.50E+13,78022384,,,11236.75727,,0.017289258,1410.244725,
177,112,WIL-GOS,WIL-GOS,Willamette,04-Sp 2020,4/23/2020,532,15.06624,,43.9806,-122.9653,5.50E+13,78023308,,,1702.345984,,0.008850281,1442.632137,
178,111,WIL-HAR,WIL-HAR,Willamette,04-Sp 2020,4/23/2020,6610,187.1952,,44.2701246,-123.1748105,5.50E+13,78023210,,,8907.570134,,0.021015293,1556.345136,
179,105,WIL-JAS,WIL-JAS,Willamette,04-Sp 2020,4/23/2020,1760,49.8432,,43.9983,-122.905,5.50E+13,78023216,,,3533.637589,,0.014105351,2005.660372,
180,108,WIL-POR,WIL-POR,Willamette,04-Sp 2020,4/27/2020,19100,540.912,,45.5175,-122.6692,5.50E+13,78020394,,,29027.36383,,0.018634555,1360.131763,
181,118,BRO-LAP,BRO-LAP,Deschutes,04-Sp 2020,5/7/2020,18.5,0.52392,,43.7236,-121.796,5.50E+13,78024593,,,48.96964195,,0.010698873,8.677903657,
182,117,CUL-LAP,CUL-LAP,Deschutes,04-Sp 2020,5/7/2020,39.1,1.107312,,43.82276,-121.797685,5.50E+13,78024783,,,47.17553241,,0.023472168,6.754284478,
183,145,DES-BFA,DES-BFA,Deschutes,04-Sp 2020,5/7/2020,1460,41.3472,,43.9305,-121.412,0,78024103,,,4494.832968,,0.009198829,1696.259534,
184,116,DES-LAP,DES-LAP,Deschutes,04-Sp 2020,5/7/2020,72.6,2.056032,,43.814019,-121.777208,5.50E+13,78024269,,,316.6585115,,0.0064929,25.7940673,
185,147,DES-MAD,DES-MAD,Deschutes,04-Sp 2020,5/7/2020,3810,107.8992,,44.742799,-121.229678,5.50E+13,78021674,,,21255.14756,,0.00507638,3647.433427,
186,149,DES-MOO,DES-MOO,Deschutes,04-Sp 2020,5/13/2020,4840,137.0688,,45.6222,-120.9044,5.50E+13,78020390,,,28183.15146,,0.004863502,2929.261242,
187,119,DES-WIC,DES-WIC,Deschutes,04-Sp 2020,5/7/2020,1030,29.1696,,43.686204,-121.687328,5.50E+13,78024218,,,1309.24102,,0.022279779,3729.596641,
188,120,LDS-LAP,LDS-LAP,Deschutes,04-Sp 2020,5/7/2020,256,7.24992,,43.6892,-121.503,5.50E+13,78024191,,,2247.596804,,0.003225632,1054.468491,
189,146,WHY-SIS,WHY-SIS,Deschutes,04-Sp 2020,5/7/2020,42.4,1.200768,14076050,44.287949,-121.544078,0,78023762,,,144.680945,,0.00829942,20.90597531,
190,148,TRO-GAT,TRO-GAT,Deschutes,04-Sp 2020,5/7/2020,21.6,0.611712,,44.801195,-121.06603,0,78021831,,,1747.995846,,0.00034995,54.84274906,
224,152,DES-MOO Jul 2020,DES-MOO,Deschutes,99-Monthly,7/30/2020,4040,114.4128,14103000,45.6222,-120.9044,,78020390,,,28183.15146,,0.004059617,2932.884451,
225,154,DES-MOO Sep 2020,DES-MOO,Deschutes,99-Monthly,9/3/2020,4040,114.4128,14103000,45.6222,-120.9044,,78020390,,,28183.15146,,0.004059617,2932.884451,
226,#N/A,DES-MOO Oct 2020,DES-MOO,Deschutes,99-Monthly,10/2/2020,4080,115.5456,14103000,45.6222,-120.9044,,78020390,,,28183.15146,,0.004099811,2932.684839,
227,#N/A,DES-MOO Nov 2020,DES-MOO,Deschutes,99-Monthly,11/18/2020,5000,141.6,14103000,45.6222,-120.9044,,78020390,,,28183.15146,,0.005024278,2928.617315,
228,150,WIL-POR Jun 2020,WIL-POR,Willamette,99-Monthly,6/21/2020,21200,600.384,14211720,45.5175,-122.6692,,78020394,,,29027.36383,,0.02068338,1358.591738,
229,153,WIL-POR Jul 2020,WIL-POR,Willamette,99-Monthly,7/30/2020,7030,199.0896,14211720,45.5175,-122.6692,,78020394,,,29027.36383,,0.006858687,1375.907652,
230,155,WIL-POR Sep 2020,WIL-POR,Willamette,99-Monthly,9/3/2020,7370,208.7184,14211720,45.5175,-122.6692,,78020394,,,29027.36383,,0.007190401,1375.118806,
231,#N/A,WIL-POR Oct 2020,WIL-POR,Willamette,99-Monthly,9/30/2020,11300,320.016,14211720,45.5175,-122.6692,,78020394,,,29027.36383,,0.011024632,1368.18034,
232,#N/A,WIL-POR Nov 2020,WIL-POR,Willamette,99-Monthly,11/18/2020,48000,1359.36,14211720,45.5175,-122.6692,,78020394,,,29027.36383,,0.046830295,1347.171452,
234,NA,GUN-GRJ Sep 2020,GUN-GRJ,Gunnison,99-Monthly,9/23/2020,1330,37.6656,9152500,38.983351,-108.45103,,77013352,,,20545.75266,,0.001833255,3301.41248,
