# HeaderRows_27,,,,,,,,,,,,,,,,,,,,,,,,,,,,
# HeaderRows_Format: Column_Header; Unit; InstallationMethod_ID; Instrument_Summary,,,,,,,,,,,,,,,,,,,,,,,,,,,,
# Date; YYYY-MM-DD; WaterColumn_Handheld; Cellular phone (iPhone or Android) or wrist watch set to Pacific Standard Time.,,,,,,,,,,,,,,,,,,,,,,,,,,,,
# Ultrameter_Time_1; hh:mm  UTC-08:00; WaterColumn_Handheld; Cellular phone (iPhone or Android) or wrist watch set to Pacific Standard Time recorded manually at first time point.,,,,,,,,,,,,,,,,,,,,,,,,,,,,
# Ultrameter_Time_2; hh:mm UTC-08:00; WaterColumn_Handheld; Cellular phone (iPhone or Android) or wrist watch set to Pacific Standard Time recorded manually at second time point.,,,,,,,,,,,,,,,,,,,,,,,,,,,,
# Ultrameter_Time_3; hh:mm  UTC-08:00; WaterColumn_Handheld; Cellular phone (iPhone or Android) or wrist watch set to Pacific Standard Time recorded manually at third time point.,,,,,,,,,,,,,,,,,,,,,,,,,,,,
# Ultrameter_Specific_Conductance_1; microsiemens_per_centimeter; WaterColumn_Handheld; Ultrameter II 6PFCE with four-electrode conductivity cell.,,,,,,,,,,,,,,,,,,,,,,,,,,,,
# Ultrameter_Specific_Conductance_2; microsiemens_per_centimeter; WaterColumn_Handheld; Ultrameter II 6PFCE with four-electrode conductivity cell.,,,,,,,,,,,,,,,,,,,,,,,,,,,,
# Ultrameter_Specific_Conductance_3; microsiemens_per_centimeter; WaterColumn_Handheld; Ultrameter II 6PFCE with four-electrode conductivity cell.,,,,,,,,,,,,,,,,,,,,,,,,,,,,
# Ultrameter_Specific_Conductance_Mean; microsiemens_per_centimeter; WaterColumn_Handheld; Ultrameter II 6PFCE with four-electrode conductivity cell.,,,,,,,,,,,,,,,,,,,,,,,,,,,,
# Ultrameter_Specific_Conductance_Range; microsiemens_per_centimeter; WaterColumn_Handheld; Ultrameter II 6PFCE with four-electrode conductivity cell.,,,,,,,,,,,,,,,,,,,,,,,,,,,,
# Ultrameter_pH_1; pH; WaterColumn_Handheld; Ultrameter II 6PFCE with pH sensor.,,,,,,,,,,,,,,,,,,,,,,,,,,,,
# Ultrameter_pH_2; pH; WaterColumn_Handheld; Ultrameter II 6PFCE with pH sensor.,,,,,,,,,,,,,,,,,,,,,,,,,,,,
# Ultrameter_pH_3; pH; WaterColumn_Handheld; Ultrameter II 6PFCE with pH sensor.,,,,,,,,,,,,,,,,,,,,,,,,,,,,
# Ultrameter_pH_Mean; pH; WaterColumn_Handheld; Ultrameter II 6PFCE with pH sensor.,,,,,,,,,,,,,,,,,,,,,,,,,,,,
# Ultrameter_pH_Range; pH; WaterColumn_Handheld; Ultrameter II 6PFCE with pH sensor.,,,,,,,,,,,,,,,,,,,,,,,,,,,,
# Ultrameter_Total_Dissolved_Solids_1; parts_per_million; WaterColumn_Handheld; Ultrameter II 6PFCE with four-electrode conductivity cell. Specific conductance converted to total dissolved solids using standard conversion ratio for freshwater.,,,,,,,,,,,,,,,,,,,,,,,,,,,,
# Ultrameter_Total_Dissolved_Solids_2; parts_per_million; WaterColumn_Handheld; Ultrameter II 6PFCE with four-electrode conductivity cell. Specific conductance converted to total dissolved solids using standard conversion ratio for freshwater.,,,,,,,,,,,,,,,,,,,,,,,,,,,,
# Ultrameter_Total_Dissolved_Solids_3; parts_per_million; WaterColumn_Handheld; Ultrameter II 6PFCE with four-electrode conductivity cell. Specific conductance converted to total dissolved solids using standard conversion ratio for freshwater.,,,,,,,,,,,,,,,,,,,,,,,,,,,,
# Ultrameter_Total_Dissolved_Solids_Mean; parts_per_million; WaterColumn_Handheld; Ultrameter II 6PFCE with four-electrode conductivity cell. Specific conductance converted to total dissolved solids using standard conversion ratio for freshwater.,,,,,,,,,,,,,,,,,,,,,,,,,,,,
# Ultrameter_Total_Dissolved_Solids_Range; parts_per_million; WaterColumn_Handheld; Ultrameter II 6PFCE with four-electrode conductivity cell. Specific conductance converted to total dissolved solids using standard conversion ratio for freshwater.,,,,,,,,,,,,,,,,,,,,,,,,,,,,
# Ultrameter_Temperature_1; degree_celsius; WaterColumn_Handheld; Ultrameter II 6PFCE with temperature sensor.,,,,,,,,,,,,,,,,,,,,,,,,,,,,
# Ultrameter_Temperature_2; degree_celsius; WaterColumn_Handheld; Ultrameter II 6PFCE with temperature sensor.,,,,,,,,,,,,,,,,,,,,,,,,,,,,
# Ultrameter_Temperature_3; degree_celsius; WaterColumn_Handheld; Ultrameter II 6PFCE with temperature sensor.,,,,,,,,,,,,,,,,,,,,,,,,,,,,
# Ultrameter_Temperature_Mean; degree_celsius; WaterColumn_Handheld; Ultrameter II 6PFCE with temperature sensor.,,,,,,,,,,,,,,,,,,,,,,,,,,,,
# Ultrameter_Temperature_Range; degree_celsius; WaterColumn_Handheld; Ultrameter II 6PFCE with temperature sensor.,,,,,,,,,,,,,,,,,,,,,,,,,,,,
Date,Site_ID,Ultrameter_Time_1,Ultrameter_Time_2,Ultrameter_Time_3,Ultrameter_Specific_Conductance_1,Ultrameter_Specific_Conductance_2,Ultrameter_Specific_Conductance_3,Ultrameter_Specific_Conductance_Mean,Ultrameter_Specific_Conductance_Range,Ultrameter_Specific_Conductance_Outlier,Ultrameter_pH_1,Ultrameter_pH_2,Ultrameter_pH_3,Ultrameter_pH_Mean,Ultrameter_pH_Range,Ultrameter_pH_Outlier,Ultrameter_Total_Dissolved_Solids_1,Ultrameter_Total_Dissolved_Solids_2,Ultrameter_Total_Dissolved_Solids_3,Ultrameter_Total_Dissolved_Solids_Mean,Ultrameter_Total_Dissolved_Solids_Range,Ultrameter_Total_Dissolved_Solids_Outlier,Ultrameter_Temperature_1,Ultrameter_Temperature_2,Ultrameter_Temperature_3,Ultrameter_Temperature_Mean,Ultrameter_Temperature_Range,Ultrameter_Temperature_Outlier
 2021-04-20,T06,10:33,10:36,10:37,57.07,56.17,55.96,56.4,1.11,No,8.47,8.36,8.26,8.36,0.21,No,-9999,-9999,-9999,-9999,-9999,No,4.3,4.3,4.3,4.3,0,No
 2021-04-20,T05P,12:14,12:15,12:16,55.47,55.41,55.34,55.41,0.13,No,7.95,8,7.96,7.97,0.05,No,-9999,-9999,-9999,-9999,-9999,No,5.1,4.9,4.9,4.97,0.2,No
 2021-04-20,T41,14:12,14:12,14:13,64.2,64.1,64.32,64.21,0.22,No,7.98,7.98,7.97,7.98,0.01,No,-9999,-9999,-9999,-9999,-9999,No,8,7.9,7.8,7.9,0.2,No
 2021-04-21,T03,8:48,8:50,8:51,89.97,89.92,88.9,89.6,1.07,No,8.1,8.01,7.95,8.02,0.15,No,-9999,-9999,-9999,-9999,-9999,No,8.3,7.9,7.8,8,0.5,No
 2021-04-21,T02,12:01,12:02,12:02,108.2,110,110,109.4,1.8,No,7.77,7.88,7.87,7.84,0.11,No,-9999,-9999,-9999,-9999,-9999,No,13.1,12.3,11.6,12.33,1.5,No
 2021-04-21,T07,15:14,15:16,15:18,116.5,116.9,116.1,116.5,0.8,No,7.95,7.84,7.75,7.85,0.2,No,-9999,-9999,-9999,-9999,-9999,No,13.9,13.4,13.4,13.57,0.5,No
 2021-04-28,T06,10:20,10:21,10:22,53.85,54.31,54.23,54.13,0.46,No,8.06,7.93,7.92,7.97,0.14,No,35.83,35.57,36.22,35.87,0.65,No,4.9,4.1,4.6,4.53,0.8,No
 2021-04-28,T05P,11:31,11:34,11:37,55.55,55.01,55.51,55.36,0.54,No,7.97,7.8,7.78,7.85,0.19,No,36.72,37.09,37.03,36.95,0.37,No,5.5,5,4.9,5.13,0.6,No
 2021-04-28,T42,13:22,13:24,13:25,65.41,65.32,65.17,65.3,0.24,No,8.02,8.1,8.01,8.04,0.09,No,43.5,43.15,43.01,43.22,0.49,No,8.9,8.3,8.2,8.47,0.7,No
 2021-04-28,T03,14:46,14:47,14:48,94.45,92.92,93.4,93.59,1.53,No,8.02,8.01,8,8.01,0.02,No,60.9,60.47,60.93,60.77,0.46,No,12.6,11.1,11.2,11.63,1.5,No
 2021-04-28,T02,16:06,16:06,16:07,125.1,125.3,125.7,125.37,0.6,No,7.92,7.86,7.83,7.87,0.09,No,80.36,81.01,81.56,80.98,1.2,No,13.7,13.2,13.1,13.33,0.6,No
 2021-04-28,T07,17:41,17:42,17:43,136.6,135.1,137,136.23,1.9,No,7.97,7.97,7.93,7.96,0.04,No,87.79,88.5,88.52,88.27,0.73,No,15.5,15,14.9,15.13,0.6,No
 2021-05-06,T06,9:33,9:35,9:36,59.33,48.01,47.81,51.72,11.52,No,7.82,7.74,7.7,7.75,0.12,No,38.85,32.02,31.91,34.26,6.94,No,7.9,7.9,4.9,6.9,3,No
 2021-05-06,T05P,11:11,11:12,11:13,53.78,51.09,51.03,51.97,2.75,No,7.82,7.75,7.71,7.76,0.11,No,35.53,33.94,33.88,34.45,1.65,No,7.4,5.9,5.6,6.3,1.8,No
 2021-05-06,T42,12:59,12:59,12:59,66.07,59.57,60.72,62.12,6.5,No,7.97,7.98,8.07,8.01,0.1,No,40.11,39.04,39.77,39.64,1.07,No,11.7,11,9.9,10.87,1.8,No
 2021-05-06,T03,15:44,15:45,15:45,93.04,92.31,93.07,92.81,0.76,No,7.99,8.03,8.03,8.02,0.04,No,59.71,59.67,59.99,59.79,0.32,No,13.6,13.6,13.5,13.57,0.1,No
 2021-05-06,T02,16:22,16:23,16:24,126.3,126.6,126.8,126.57,0.5,No,7.84,7.81,7.81,7.82,0.03,No,80.72,81.56,81.7,81.33,0.98,No,14.6,14.3,14.3,14.4,0.3,No
 2021-05-06,T07,17:29,17:29,17:29,139.2,140.4,140.1,139.9,1.2,No,7.83,7.93,7.93,7.9,0.1,No,89.41,89.99,90.31,89.9,0.9,No,17.1,16.5,16.3,16.63,0.8,No
 2021-05-13,T06,8:56,8:57,8:59,46.81,46.94,46.85,46.87,0.13,No,8.15,7.88,7.82,7.95,0.33,No,30.76,31.16,31.19,31.04,0.43,No,5.3,5.2,5,5.17,0.3,No
 2021-05-13,T05P,9:49,9:50,9:57,50.48,50.86,50.55,50.63,0.38,No,7.85,7.75,7.81,7.8,0.1,No,33.37,33.82,33.45,33.55,0.45,No,6,5.5,6.3,5.93,0.8,No
 2021-05-13,T42,11:30,11:32,11:33,55.53,55.63,55.58,55.58,0.1,No,8.08,8.1,8.1,8.09,0.02,No,36.56,36.51,36.59,36.55,0.08,No,9.3,9.6,9.4,9.43,0.3,No
 2021-05-13,T03,13:09,13:10,13:10,94.52,94.66,94.91,94.7,0.39,No,8.2,8.21,8.22,8.21,0.02,No,61,61.27,61.49,61.25,0.49,No,14,13.7,13.6,13.77,0.4,No
 2021-05-13,T02,15:42,15:42,15:42,156.5,156,156.1,156.2,0.5,No,8.29,8.22,8.22,8.24,0.07,No,100.2,99.72,100.1,100.01,0.48,No,18.9,18.7,18.6,18.73,0.3,No
 2021-05-13,T07,17:08,17:09,17:09,169.9,170.2,170.1,170.07,0.3,No,8.29,8.3,8.28,8.29,0.02,No,109.6,110.3,109.6,109.83,0.7,No,19.2,19.2,19.1,19.17,0.1,No
 2021-05-20,T06,9:21,9:22,9:22,44.27,44.02,43.68,43.99,0.59,No,7.85,7.82,7.81,7.83,0.04,No,29.57,29.35,29.22,29.38,0.35,No,5,4.6,4.7,4.77,0.4,No
 2021-05-20,T05P,10:09,10:10,10:10,50.13,50.14,50.19,50.15,0.06,No,7.6,7.76,7.75,7.7,0.16,No,33.42,33.35,33.42,33.4,0.07,No,5.2,5.1,5,5.1,0.2,No
 2021-05-20,T42,11:34,11:35,11:35,51.87,51.65,51.65,51.72,0.22,No,7.77,7.89,7.87,7.84,0.12,No,34.29,34.15,34.15,34.2,0.14,No,7.6,7.5,7.4,7.5,0.2,No
 2021-05-20,T03,13:00,13:00,13:01,86.55,86.43,86.38,86.45,0.17,No,7.83,7.92,7.9,7.88,0.09,No,56.96,56.91,56.88,56.92,0.08,No,9.9,9.9,9.9,9.9,0,No
 2021-05-20,T02,14:51,14:52,14:53,120.4,119.7,119.9,120,0.7,No,7.93,8.01,7.98,7.97,0.08,No,78.12,77.73,77.81,77.89,0.39,No,13.6,13.4,13.4,13.47,0.2,No
 2021-05-20,T07,16:27,16:28,16:28,126.5,126.4,126.6,126.5,0.2,No,8.04,8.05,8.04,8.04,0.01,No,81.85,81.83,81.87,81.85,0.04,No,14.6,14.6,14.6,14.6,0,No
 2021-05-27,T06,9:10,9:10,9:11,41.92,42.07,41.9,41.96,0.17,No,7.8,7.78,7.76,7.78,0.04,No,27.81,27.92,27.82,27.85,0.11,No,5.7,5.6,5.6,5.63,0.1,No
 2021-05-27,T05P,9:52,9:53,9:54,48.47,48.49,48.37,48.44,0.12,No,7.73,7.77,7.76,7.75,0.04,No,32.26,32.21,32.16,32.21,0.1,No,6.2,5.9,5.8,5.97,0.4,No
 2021-05-27,T42,11:05,11:06,11:07,56.51,56.56,56.73,56.6,0.22,No,7.81,7.86,7.86,7.84,0.05,No,37.24,37.28,37.36,37.29,0.12,No,9.1,9.2,9.1,9.13,0.1,No
 2021-05-27,T03,12:59,13:00,13:01,84.16,83.77,83.78,83.9,0.39,No,7.99,8.03,8.4,8.14,0.41,No,53.25,54.24,54.27,53.92,1.02,No,14.4,13.4,13.5,13.77,1,No
 2021-05-27,T02,15:01,15:02,15:02,128.5,121.8,121.8,124.03,6.7,No,7.88,7.88,7.92,7.89,0.04,No,77.93,78.18,78.25,78.12,0.32,No,16.4,16.2,16.1,16.23,0.3,No
 2021-05-27,T07,16:51,16:51,16:52,139.6,139.3,139.2,139.37,0.4,No,8.34,8.35,8.35,8.35,0.01,No,89.73,89.53,89.4,89.55,0.33,No,17.5,17.4,17.3,17.4,0.2,No
 2021-06-03,T06,9:20,9:21,9:29,30.81,30.54,30.52,30.62,0.29,No,7.68,7.6,7.55,7.61,0.13,No,20.11,19.97,19.98,20.02,0.14,No,6.5,6.1,6.2,6.27,0.4,No
 2021-06-03,T05P,10:14,10:15,10:16,42.58,43.07,42.9,42.85,0.49,No,7.67,7.68,7.65,7.67,0.03,No,27.94,28.31,28.24,28.16,0.37,No,8.6,8.4,8.2,8.4,0.4,No
 2021-06-03,T42,11:34,11:35,11:35,43.32,42.69,42.64,42.88,0.68,No,7.57,7.58,7.56,7.57,0.02,No,27.79,27.65,27.6,27.68,0.19,No,12.6,12.4,12.3,12.43,0.3,No
 2021-06-03,T03,13:15,13:15,13:16,71.47,71.25,71.2,71.31,0.27,No,7.69,7.71,7.71,7.7,0.02,No,45.82,45.79,45.73,45.78,0.09,No,16.6,16.5,16.5,16.53,0.1,No
 2021-06-03,T02,15:41,15:41,15:42,116.2,116.6,116.4,116.4,0.4,No,7.86,8.04,8.05,7.98,0.19,No,73.84,73.96,74.03,73.94,0.19,No,21.8,21.5,21.7,21.67,0.3,No
 2021-06-03,T07,17:34,17:35,17:35,138.4,136.5,136.4,137.1,2,No,8.68,8.69,8.69,8.69,0.01,No,87.23,86.71,86.67,86.87,0.56,No,23.6,23.4,23.4,23.47,0.2,No
 2021-06-10,T06,10:15,10:16,10:17,43.24,43.24,43.26,43.25,0.02,No,7.71,7.7,7.65,7.69,0.06,No,28.69,28.67,28.72,28.69,0.05,No,6.5,6.5,6.5,6.5,0,No
 2021-06-10,T05P,11:59,12:00,12:00,54.35,54.21,54.31,54.29,0.14,No,7.91,7.86,7.96,7.91,0.1,No,35.27,35.61,35.67,35.52,0.4,No,9.8,9.7,9.7,9.73,0.1,No
 2021-06-10,T42,14:27,14:28,14:28,60.12,60.08,60.1,60.1,0.04,No,7.85,7.85,7.86,7.85,0.01,No,38.63,38.78,38.93,38.78,0.3,No,13.4,13.4,13.3,13.37,0.1,No
 2021-06-10,T03,16:38,16:39,16:39,93.13,92.98,93.08,93.06,0.15,No,8.14,8.15,8.15,8.15,0.01,No,59.69,59.84,59.95,59.83,0.26,No,15.9,15.7,15.7,15.77,0.2,No
 2021-06-10,T07,19:40,19:41,19:42,179.2,179,179,179.07,0.2,No,8.96,8.97,8.96,8.96,0.01,No,115.9,115.7,115.7,115.77,0.2,No,19.5,19.5,19.5,19.5,0,No
 2021-06-17,T02,8:06,8:06,8:07,121.7,121.9,121.8,121.8,0.2,No,8.19,8.2,8.21,8.2,0.02,No,77.78,78.19,78.18,78.05,0.41,No,18,17.8,17.7,17.83,0.3,No
 2021-06-17,T06,10:49,10:49,10:50,37.95,37.89,37.97,37.94,0.08,No,7.84,7.78,7.77,7.8,0.07,No,24.91,24.88,24.97,24.92,0.09,No,7.9,7.7,7.5,7.7,0.4,No
 2021-06-17,T05P,11:53,11:54,11:54,53.2,53.11,53.16,53.16,0.09,No,7.92,7.92,7.92,7.92,0,No,34.39,34.52,34.63,34.51,0.24,No,11.3,11.1,11.2,11.2,0.2,No
 2021-06-17,T42,13:16,13:16,13:17,54.31,54.42,54.38,54.37,0.11,No,7.88,7.9,7.89,7.89,0.02,No,34.73,34.68,35.07,34.83,0.39,No,14.5,14.3,14.1,14.3,0.4,No
 2021-06-17,T03,16:01,16:02,16:03,82.2,82.58,82.49,82.42,0.38,No,8.17,8.17,8.18,8.17,0.01,No,52.77,52.71,52.83,52.77,0.12,No,17.7,17.4,17.2,17.43,0.5,No
 2021-06-17,T07,18:03,18:04,18:05,137.1,137,136.8,136.97,0.3,No,8.63,8.66,8.66,8.65,0.03,No,86.81,86.93,86.98,86.91,0.17,No,21.4,20.8,20.8,21,0.6,No
 2021-06-24,T06,15:00,15:01,15:01,35.35,35.28,35.31,35.31,0.07,No,7.9,7.78,7.71,7.8,0.19,No,22.91,22.83,22.86,22.87,0.08,No,11.9,11.8,11.8,11.83,0.1,No
 2021-06-24,T05P,14:15,14:15,14:16,57.81,57.7,57.68,57.73,0.13,No,8.04,8.06,8.05,8.05,0.02,No,36.96,37.08,37.08,37.04,0.12,No,16.2,16.2,16.2,16.2,0,No
 2021-06-24,T42,12:48,12:49,12:49,51.74,51.76,51.79,51.76,0.05,No,7.82,7.82,7.81,7.82,0.01,No,33.04,33.23,33.16,33.14,0.19,No,16.4,16.3,16.4,16.37,0.1,No
 2021-06-24,T03,11:21,11:22,11:22,75.67,75.76,75.69,75.71,0.09,No,8.03,8.03,8.04,8.03,0.01,No,48.5,48.43,48.43,48.45,0.07,No,17.1,17.1,17.2,17.13,0.1,No
 2021-06-24,T02,9:22,9:23,9:23,121.2,121.1,121.3,121.2,0.2,No,8.3,8.31,8.32,8.31,0.02,No,77.15,77.14,77.13,77.14,0.02,No,24.1,23.3,23,23.47,1.1,No
 2021-06-24,T07,7:30,7:31,7:31,149.8,149.8,149.7,149.77,0.1,No,7.72,7.75,7.77,7.75,0.05,No,95.55,95.5,95.36,95.47,0.19,No,22.5,22.5,22.4,22.47,0.1,No
 2021-07-08,T06,14:30,14:31,14:39,52.96,53.15,53.12,53.08,0.19,No,7.86,7.85,7.88,7.86,0.03,No,34.2,34.25,34.23,34.23,0.05,No,15.2,15,15.3,15.17,0.3,No
 2021-07-08,T05P,13:31,13:32,13:32,71.04,70.97,70.94,70.98,0.1,No,8.22,8.21,8.22,8.22,0.01,No,45.43,45.65,45.61,45.56,0.22,No,16.6,16.5,16.5,16.53,0.1,No
 2021-07-08,T42,12:06,12:06,12:07,63.17,63.25,63.21,63.21,0.08,No,8.23,8.24,8.24,8.24,0.01,No,40.42,40.46,40.42,40.43,0.04,No,18.2,18.1,18.1,18.13,0.1,No
 2021-07-08,T03,10:44,10:45,10:46,81.47,80.96,81,81.14,0.51,No,8.21,8.18,8.15,8.18,0.06,No,52.01,51.8,51.94,51.92,0.21,No,17.5,17.4,17.3,17.4,0.2,No
 2021-07-08,T02,9:19,9:19,9:20,216.6,214.6,212.5,214.57,4.1,No,8.12,8.34,8.52,8.33,0.4,No,137.9,138.1,137.3,137.77,0.8,No,24.9,24.8,25,24.9,0.2,No
 2021-07-08,T07,7:06,7:07,7:08,244,243.9,243.6,243.83,0.4,No,8.35,8.36,8.36,8.36,0.01,No,158,157.9,157.7,157.87,0.3,No,24.9,25,25,24.97,0.1,No
 2021-07-15,T06,14:08,14:09,14:09,80.94,59.54,59.9,66.79,21.4,No,8.15,7.84,7.84,7.94,0.31,No,38.29,38.62,38.81,38.57,0.52,No,16.3,16.9,16.7,16.63,0.6,No
 2021-07-15,T05P,13:24,13:24,13:25,73.73,74.11,73.75,73.86,0.38,No,8.15,8.19,8.15,8.16,0.04,No,43.75,47.43,47.12,46.1,3.68,No,20.8,20.6,20.6,20.67,0.2,No
 2021-07-15,T42,12:10,12:11,12:11,66.14,65.83,66.33,66.1,0.5,No,8.15,8.14,8.14,8.14,0.01,No,41.83,42.4,42.66,42.3,0.83,No,19.9,20.1,19.6,19.87,0.5,No
 2021-07-15,T03,10:22,10:23,10:23,79.82,78.42,79.5,79.25,1.4,No,8.04,8.22,9.16,8.47,1.12,No,50.47,50.49,50.52,50.49,0.05,No,19.1,18,17.7,18.27,1.4,No
 2021-07-15,T02,8:46,8:47,-9999,214,215.9,215.5,215.13,1.9,No,8.48,8.02,8.02,8.17,0.46,No,137.9,139.5,137.9,138.43,1.6,No,25.5,25,25.1,25.2,0.5,No
 2021-07-15,T07,7:11,7:11,7:12,242,240.2,241.2,241.13,1.8,No,8.42,8.48,8.48,8.46,0.06,No,158.2,157.1,157.7,157.67,1.1,No,25,25,25,25,0,No
 2021-07-22,T06,14:48,14:48,14:49,62.56,62.51,62.43,62.5,0.13,No,7.92,7.92,7.91,7.92,0.01,No,40.55,40.67,40.79,40.67,0.24,No,14.8,14.8,14.8,14.8,0,No
 2021-07-22,T05P,13:58,13:59,13:59,75.62,75.36,75.47,75.48,0.26,No,8.2,8.2,8.2,8.2,0,No,49.09,48.73,48.77,48.86,0.36,No,18.1,18,17.9,18,0.2,No
 2021-07-22,T42,12:15,12:16,12:16,66.78,66.9,66.83,66.84,0.12,No,8.15,8.15,8.15,8.15,0,No,43.27,43.36,43.3,43.31,0.09,No,17.5,17.3,17.3,17.37,0.2,No
 2021-07-22,T03,11:00,11:00,11:01,77.93,77.59,77.63,77.72,0.34,No,8.34,8.33,8.34,8.34,0.01,No,50.59,50.31,50.4,50.43,0.28,No,16.3,16.3,16.3,16.3,0,No
 2021-07-22,T02,9:18,9:19,9:19,214.8,214.7,214.8,214.77,0.1,No,8.03,8.03,8.02,8.03,0.01,No,140.5,140.7,140.7,140.63,0.2,No,22.8,22.7,22.6,22.7,0.2,No
 2021-07-22,T07,7:43,7:44,7:44,234.5,234.5,234.7,234.57,0.2,No,8.64,8.65,8.65,8.65,0.01,No,153.9,153.9,153.8,153.87,0.1,No,22.9,23,23,22.97,0.1,No
 2021-07-29,T06,13:31,13:31,13:32,65.46,65.52,65.68,65.55,0.22,No,7.97,7.99,7.97,7.98,0.02,No,41.9,42.51,42.5,42.3,0.61,No,16.4,16,15.9,16.1,0.5,No
 2021-07-29,T05P,12:46,12:47,12:47,74.4,77.35,77.47,76.41,3.07,No,8.14,8.16,8.16,8.15,0.02,No,49.62,49.67,48.89,49.39,0.78,No,19.3,19.1,18.9,19.1,0.4,No
 2021-07-29,T42,11:22,11:22,11:23,67.24,67.22,67.21,67.22,0.03,No,8.38,8.39,8.36,8.38,0.03,No,43.44,43.43,43.42,43.43,0.02,No,18.5,18.5,18.5,18.5,0,No
 2021-07-29,T03,10:12,10:13,10:13,80.61,80.37,80.31,80.43,0.3,No,8.23,8.23,8.23,8.23,0,No,52.1,51.96,51.94,52,0.16,No,18.5,18.4,18.4,18.43,0.1,No
 2021-07-29,T02,8:30,8:31,8:31,209.4,209,209,209.13,0.4,No,7.8,7.8,7.82,7.81,0.02,No,137.1,136.8,136.8,136.9,0.3,No,22.6,22.7,22.7,22.67,0.1,No
 2021-07-29,T07,7:10,7:11,7:11,239.4,239.5,239.2,239.37,0.3,No,8.19,8.22,8.24,8.22,0.05,No,156.8,156.8,156.7,156.77,0.1,No,23.7,23.7,23.8,23.73,0.1,No
 2021-08-12,T06,14:21,14:22,14:22,73.6,73.72,72.72,73.35,1,No,7.95,7.98,7.98,7.97,0.03,No,47.85,48.43,47.92,48.07,0.58,No,15.2,14.7,14.7,14.87,0.5,No
 2021-08-12,T05P,13:26,13:27,13:27,79.98,7.91,79.83,55.91,72.07,No,8.2,8.21,8.21,8.21,0.01,No,52.74,52.32,52.4,52.49,0.42,No,18.9,17.2,17.2,17.77,1.7,No
 2021-08-12,T42,11:50,11:51,11:51,64.99,65.3,65.28,65.19,0.31,No,8.08,0.08,8.09,5.42,8.01,No,42.62,42.9,43.02,42.85,0.4,No,16.8,16.5,16.5,16.6,0.3,No
 2021-08-12,T03,10:35,10:36,10:37,86.45,86.16,86,86.2,0.45,No,8.17,8.17,8.17,8.17,0,No,56.36,56.47,56.24,56.36,0.23,No,21.3,21,21,21.1,0.3,No
 2021-08-12,T02,9:01,9:02,9:02,231.7,228.3,227.2,229.07,4.5,No,7.77,7.74,7.64,7.72,0.13,No,153.8,151.5,151.1,152.13,2.7,No,21.1,23.9,24,23,2.9,No
 2021-08-12,T07,7:30,7:31,7:31,240.5,240.5,240.9,240.63,0.4,No,8.14,8.18,8.18,8.17,0.04,No,160.1,160.1,160.4,160.2,0.3,No,24.6,24.5,24.5,24.53,0.1,No
 2021-08-18,T07,7:43,7:43,7:44,240.1,239.7,239.7,239.83,0.4,No,7.75,7.81,7.86,7.81,0.11,No,157.1,156.8,156.8,156.9,0.3,No,21.9,21.8,21.8,21.83,0.1,No
 2021-08-18,T02,8:59,8:59,9:00,225.8,225.1,224.6,225.17,1.2,No,7.75,7.77,7.78,7.77,0.03,No,148,147,147,147.33,1,No,21.4,21.1,21.2,21.23,0.3,No
 2021-08-18,T03,11:18,11:18,11:19,92.66,92.37,92.36,92.46,0.3,No,8.35,8.35,8.35,8.35,0,No,59.59,59.45,59.43,59.49,0.16,No,18.3,18.3,18.3,18.3,0,No
 2021-08-18,T42,12:33,12:33,12:34,66.45,66.48,66.52,66.48,0.07,No,8.39,8.38,8.39,8.39,0.01,No,42.89,42.9,42.91,42.9,0.02,No,16.3,16.4,16.4,16.37,0.1,No
 2021-08-18,T05P,14:18,14:18,14:19,82.2,82.21,82.13,82.18,0.08,No,8.13,8.14,8.14,8.14,0.01,No,52.88,53,52.98,52.95,0.12,No,17.4,17.3,17.3,17.33,0.1,No
 2021-08-18,T06,15:07,15:07,15:08,70.74,70.7,70.59,70.68,0.15,No,7.86,7.85,7.85,7.85,0.01,No,45.95,45.96,45.77,45.89,0.19,No,14.4,14.3,14.4,14.37,0.1,No
 2021-09-07,T07,8:05,8:05,8:05,243.5,243.3,243.3,243.37,0.2,No,8.06,8.08,8.07,8.07,0.02,No,163.2,163.1,163.1,163.13,0.1,No,19.9,19.9,19.9,19.9,0,No
 2021-09-07,T02,11:07,11:07,11:07,215.8,214.8,216.4,215.67,1.6,No,7.99,7.98,7.99,7.99,0.01,No,143,143.1,144.2,143.43,1.2,No,20.6,20.6,20.6,20.6,0,No
 2021-09-08,T03,8:25,8:25,8:25,102.1,102.1,102.1,102.1,0,No,7.89,7.86,7.81,7.85,0.08,No,66.98,67.1,67.03,67.04,0.12,No,16.8,16.8,16.8,16.8,0,No
 2021-09-08,T42,12:34,12:34,12:34,66.52,67.32,67.15,67,0.8,No,8.31,8.28,8.28,8.29,0.03,No,43.33,43.48,43.63,43.48,0.3,No,20.1,18.4,18.7,19.07,1.7,No
 2021-09-16,T07,8:01,8:02,8:02,218.5,218.6,218.6,218.57,0.1,No,7.73,7.74,7.75,7.74,0.02,No,147.2,147.2,147.2,147.2,0,No,17.9,17.9,17.9,17.9,0,No
 2021-09-16,T02,9:35,9:36,9:37,205.1,205.9,204.8,205.27,1.1,No,7.74,7.73,7.72,7.73,0.02,No,137.8,138.6,137.5,137.97,1.1,No,17.7,17.7,17.7,17.7,0,No
 2021-09-16,T03,11:13,11:13,11:14,112,112,112,112,0,No,8.25,8.24,8.24,8.24,0.01,No,74.24,74.21,74.25,74.23,0.04,No,15,15,15,15,0,No
 2021-09-16,T42,12:42,12:42,12:43,68.58,68.51,68.48,68.52,0.1,No,8.14,8.17,8.17,8.16,0.03,No,45.21,45.14,45.13,45.16,0.08,No,16.6,16.6,16.6,16.6,0,No
 2021-09-16,T06,14:34,14:35,14:35,71.97,71.99,72.01,71.99,0.04,No,7.86,7.85,7.84,7.85,0.02,No,48.66,48.64,48.67,48.66,0.03,No,9.5,9.4,9.4,9.43,0.1,No
 2021-09-23,T06,12:40,12:40,12:41,71.15,71.1,81.05,74.43,9.95,No,7.95,7.92,7.91,7.93,0.04,No,47.95,47.89,47.87,47.9,0.08,No,9,8.9,9,8.97,0.1,No
 2021-09-23,T05P,12:00,12:00,12:01,81.07,80.92,80.85,80.95,0.22,No,8.06,8.02,8.01,8.03,0.05,No,54.03,53.99,54,54.01,0.04,No,11.4,11.2,11.1,11.23,0.3,No
 2021-09-23,T42,10:44,10:45,10:46,69.65,69.58,69.6,69.61,0.07,No,8.24,8.22,8.22,8.23,0.02,No,45.86,45.78,45.86,45.83,0.08,No,15.1,15,15,15.03,0.1,No
 2021-09-23,T07,7:11,7:12,7:13,236.1,235.2,234.6,235.3,1.5,No,7.99,7.99,7.99,7.99,0,No,159,158.5,158,158.5,1,No,15.9,15.9,15.9,15.9,0,No
 2021-09-23,T02,8:24,8:29,8:25,220.8,218.8,219,219.53,2,No,7.8,7.74,7.8,7.78,0.06,No,147.7,147.7,147.5,147.63,0.2,No,16.1,15.8,15.9,15.93,0.3,No
 2021-09-23,T03,9:41,9:41,9:42,121.2,12.06,120.5,84.59,109.14,No,8.11,8.05,8.03,8.06,0.08,No,80.06,79.75,79.57,79.79,0.49,No,14.4,14.4,14.4,14.4,0,No
 2021-09-30,T07,7:08,7:08,7:09,249.8,249.6,249.5,249.63,0.3,No,8.06,8.07,8.06,8.06,0.01,No,168.4,168.3,168.2,168.3,0.2,No,15.5,15.5,15.5,15.5,0,No
 2021-09-30,T02,8:22,8:23,8:23,222.8,222.3,222.2,222.43,0.6,No,7.86,7.87,7.86,7.86,0.01,No,150.5,150.1,150,150.2,0.5,No,15.1,15,15,15.03,0.1,No
 2021-09-30,T03,9:37,9:38,9:38,131,130.8,130.8,130.87,0.2,No,8.01,8,8.01,8.01,0.01,No,86.76,86.7,86.71,86.72,0.06,No,13.6,13.5,13.5,13.53,0.1,No
 2021-09-30,T42,10:41,10:41,10:42,69.86,69.88,69.86,69.87,0.02,No,8.29,8.28,8.28,8.28,0.01,No,46.17,46.17,46.16,46.17,0.01,No,14.2,14.2,14.2,14.2,0,No
 2021-09-30,T05P,11:51,11:52,11:52,80.34,80.11,80.19,80.21,0.23,No,8.15,8.14,8.13,8.14,0.02,No,53.56,53.63,53.61,53.6,0.07,No,10.9,10.7,10.7,10.77,0.2,No
 2021-09-30,T06,12:27,12:28,12:28,70.54,70.54,70.58,70.55,0.04,No,7.92,7.91,7.91,7.91,0.01,No,47.52,47.51,47.52,47.52,0.01,No,9.1,9.1,9,9.07,0.1,No
 2021-10-07,T07,7:16,7:16,7:17,262.6,262.8,263.1,262.83,0.5,No,8.17,8.17,8.17,8.17,0,No,178.3,178.3,178.6,178.4,0.3,No,13.7,13.7,13.7,13.7,0,No
 2021-10-07,T03,9:13,9:14,9:14,134.2,133.6,133.8,133.87,0.6,No,8.03,8.02,8.02,8.02,0.01,No,89.61,89.09,89.26,89.32,0.52,No,11.4,11.3,11.3,11.33,0.1,No
 2021-10-07,T42,10:31,10:31,10:32,70.55,70.47,70.62,70.55,0.15,No,8.23,8.23,8.21,8.22,0.02,No,46.99,46.97,46.98,46.98,0.02,No,11.8,11.8,11.9,11.83,0.1,No
 2021-10-07,T05P,11:53,11:54,11:54,79.63,79.62,79.65,79.63,0.03,No,8.01,8.01,8.01,8.01,0,No,53.97,54.03,54.01,54,0.06,No,6.9,6.8,6.8,6.83,0.1,No
 2021-10-07,T06,12:40,12:41,12:41,70.46,70.35,70.33,70.38,0.13,No,7.93,7.93,7.94,7.93,0.01,No,47.98,47.88,47.86,47.91,0.12,No,5.8,5.8,5.8,5.8,0,No
 2021-10-07,T02,14:48,14:49,14:50,249.4,249.6,249.3,249.43,0.3,No,8.4,8.37,8.36,8.38,0.04,No,167.8,168,168.1,167.97,0.3,No,15.5,15.2,15.2,15.3,0.3,No
 2021-10-13,T07,7:05,7:05,7:05,273.4,269.2,185,242.53,88.4,No,7.89,7.91,7.99,7.93,0.1,No,188,184.6,184.9,185.83,3.4,No,11.7,11.6,11.6,11.63,0.1,No
 2021-10-13,T02,9:04,9:04,9:04,242.1,241.9,241.9,241.97,0.2,No,7.97,7.96,7.93,7.95,0.04,No,165.2,165.1,165.1,165.13,0.1,No,11.1,11.2,11.2,11.17,0.1,No
 2021-10-13,T03,9:16,9:16,9:16,134.8,134.9,135,134.9,0.2,No,7.98,7.97,7.96,7.97,0.02,No,90.77,90.85,90.91,90.84,0.14,No,9.7,9.6,9.6,9.63,0.1,No
 2021-10-13,T42,10:04,10:04,10:04,71.33,71.53,71.43,71.43,0.2,No,8.02,8.08,8.09,8.06,0.07,No,48.02,48.14,17.61,37.92,30.53,No,10.5,10.4,10.4,10.43,0.1,No
 2021-10-13,T05P,11:20,11:20,11:20,79.31,78.62,78.6,78.84,0.71,No,8.08,7.93,7.91,7.97,0.17,No,53.99,53.69,53.71,53.8,0.3,No,6,5.8,5.7,5.83,0.3,No
 2021-10-13,T06,11:46,11:46,11:46,70.93,70.92,70.86,70.9,0.07,No,7.89,7.99,7.92,7.93,0.1,No,48.5,48.54,48.54,48.53,0.04,No,5.3,5.1,5.1,5.17,0.2,No
 2021-10-21,T07,6:53,6:53,6:54,254.7,254.9,254.9,254.83,0.2,No,7.65,7.67,7.7,7.67,0.05,No,173.9,174,174,173.97,0.1,No,12,12.1,12.1,12.07,0.1,No
 2021-10-21,T02,7:58,7:59,7:59,222.5,222.5,222.5,222.5,0,No,7.75,7.76,7.77,7.76,0.02,No,151.9,151.8,151.8,151.83,0.1,No,11.8,11.8,11.8,11.8,0,No
 2021-10-21,T03,9:19,9:20,9:20,155.6,155.6,155.6,155.6,0,No,7.92,7.92,7.92,7.92,0,No,105,105,105,105,0,No,10.3,10.2,10.2,10.23,0.1,No
 2021-10-21,T42,10:38,10:39,10:46,71.56,71.27,71.23,71.35,0.33,No,8.27,8.24,8.24,8.25,0.03,No,43.38,48.27,48.28,46.64,4.9,No,9,9.1,9.1,9.07,0.1,No
 2021-10-21,T05P,11:51,11:52,11:53,78.02,78.15,78.08,78.08,0.13,No,7.99,7.99,7.99,7.99,0,No,53.07,53.16,53.18,53.14,0.11,No,7.7,7.5,7.3,7.5,0.4,No
 2021-10-21,T06,12:35,12:35,12:36,70.8,70.72,70.8,70.77,0.08,No,7.86,7.82,7.84,7.84,0.04,No,48.27,48.26,48.29,48.27,0.03,No,6.7,6.8,6.7,6.73,0.1,No
 2021-10-28,T07,6:52,6:52,6:53,243.2,241.3,241.2,241.9,2,No,7.82,7.82,7.82,7.82,0,No,166.2,164.7,164.7,165.2,1.5,No,11.3,11.2,11.2,11.23,0.1,No
 2021-10-28,T02,8:19,8:20,8:20,222.6,222.5,222.2,222.43,0.4,No,7.85,7.86,7.85,7.85,0.01,No,151.9,151.9,151.7,151.83,0.2,No,11.2,11.2,11.2,11.2,0,No
 2021-10-28,T03,9:53,9:54,9:54,150,149.8,149.9,149.9,0.2,No,8,8,8,8,0,No,101.2,101.1,101.1,101.13,0.1,No,9.8,9.8,9.8,9.8,0,No
 2021-10-28,T42,11:13,11:13,11:14,73.51,73.42,73.37,73.43,0.14,No,8.13,8.14,8.12,8.13,0.02,No,49.87,49.8,49.76,49.81,0.11,No,8.7,8.7,8.6,8.67,0.1,No
 2021-10-28,T05P,12:24,12:24,12:25,75.55,73.64,73.52,74.24,2.03,No,7.97,9.97,7.97,8.64,2,No,51.33,50.04,49.97,50.45,1.36,No,8.1,8,8,8.03,0.1,No
 2021-10-28,T06,13:03,13:03,13:04,61.7,61.46,61.39,61.52,0.31,No,7.81,7.8,7.78,7.8,0.03,No,42,41.8,41.77,41.86,0.23,No,7.6,7.6,7.6,7.6,0,No
 2021-11-04,T07,7:30,7:33,7:34,223,222.6,222.8,222.8,0.4,No,7.69,7.67,7.64,7.67,0.05,No,152.7,152.4,152.6,152.57,0.3,No,8.8,8.7,8.7,8.73,0.1,No
 2021-11-04,T02,8:37,8:38,8:38,211,211.1,211,211.03,0.1,No,7.74,7.72,7.71,7.72,0.03,No,144.4,144.5,144.3,144.4,0.2,No,9,9,9,9,0,No
 2021-11-04,T03,10:43,10:44,10:44,145.3,145.2,145.3,145.27,0.1,No,7.88,7.88,7.87,7.88,0.01,No,98.15,98.07,98.12,98.11,0.08,No,8.9,8.8,8.8,8.83,0.1,No
 2021-11-04,T42,12:26,12:27,12:28,68.25,68.2,68.16,68.2,0.09,No,7.84,7.84,7.81,7.83,0.03,No,46.44,46.39,46.39,46.41,0.05,No,7.8,7.7,7.7,7.73,0.1,No
 2021-11-04,T05P,13:42,13:42,13:43,69.41,69.21,69.21,69.28,0.2,No,8.07,8.09,8.09,8.08,0.02,No,47.3,47.22,47.23,47.25,0.08,No,6.8,6.7,6.7,6.73,0.1,No
 2021-11-04,T06,14:27,14:28,14:29,53.33,53.35,53.36,53.35,0.03,No,7.75,7.71,7.69,7.72,0.06,No,36.36,36.37,36.4,36.38,0.04,No,6.6,6.5,6.5,6.53,0.1,No
 2021-11-18,T02,9:55,9:55,9:56,122.7,121.7,121.5,121.97,1.2,No,7.92,7.87,7.78,7.86,0.14,No,82.84,82.74,81.78,82.45,1.06,No,6,5.6,5.5,5.7,0.5,No
 2021-11-18,T07,8:14,8:14,8:14,115.6,115.4,116.3,115.77,0.9,No,8.11,8.05,7.91,8.02,0.2,No,78.53,78.41,78.13,78.36,0.4,No,6.2,6.1,6.1,6.13,0.1,No
 2021-11-18,T03,11:13,11:13,11:14,88,87.3,87,87.43,1,No,7.88,0.345833333,7.78,7.83,0.1,No,60.27,59.23,59.68,59.73,1.04,No,5,4.6,4.5,4.7,0.5,No
 2021-11-18,T06,14:21,14:21,14:21,45.96,45.77,45.76,45.83,0.2,No,7.94,7.71,7.7,7.78,0.24,No,31.58,31.45,31.46,31.5,0.13,No,3.4,3.4,3.4,3.4,0,No
 2021-11-18,T42,12:40,12:41,12:41,51.18,50.51,50.4,50.7,0.78,No,8.06,7.89,7.88,7.94,0.18,No,34.95,34.57,34.5,34.67,0.45,No,4.8,4.4,4.2,4.47,0.6,No
 2021-11-18,T05P,13:50,13:50,13:50,54.83,54.15,54.11,54.36,0.72,No,7.71,7.69,7.7,7.7,0.02,No,37.66,37.34,37.35,37.45,0.32,No,3,2.8,2.7,2.83,0.3,No
 2021-12-02,T07,8:47,8:47,8:47,135,135.3,134.6,134.97,0.7,No,7.2,7.29,7.29,7.26,0.09,No,91.62,91.99,91.45,91.69,0.54,No,8.7,8.5,8.4,8.53,0.3,No
 2021-12-02,T02,9:53,9:54,9:54,133.5,133.7,135.3,134.17,1.8,No,7.71,7.71,7.7,7.71,0.01,No,90.39,90.66,91.73,90.93,1.34,No,9,8.7,8.7,8.8,0.3,No
 2021-12-02,T03,11:21,11:22,11:22,95.52,95.96,96.44,95.97,0.92,No,7.71,7.72,7.8,7.74,0.09,No,65.2,65.47,65.74,65.47,0.54,No,8,7.7,7.7,7.8,0.3,No
 2021-12-02,T42,12:26,12:26,12:26,54.14,54.37,54.32,54.28,0.23,No,7.87,7.84,7.82,7.84,0.05,No,37.16,37.25,37.23,37.21,0.09,No,6,6,5.9,5.97,0.1,No
 2021-12-02,T05P,13:42,13:42,13:42,53.67,53.65,53.63,53.65,0.04,No,7.87,7.87,7.87,7.87,0,No,36.82,36.85,36.79,36.82,0.06,No,5.2,5.1,5,5.1,0.2,No
 2021-12-02,T06,14:13,14:13,14:14,46.25,46.68,47.31,46.75,1.06,No,7.76,7.71,7.72,7.73,0.05,No,31.83,35.13,32.56,33.17,3.3,No,4.8,4.7,4.7,4.73,0.1,No
 2021-12-13,T42,13:07,13:08,13:08,60.54,60.05,60.11,60.23,0.49,No,8.22,8.11,8.07,8.13,0.15,No,42.01,41.66,41.69,41.79,0.35,No,1.6,1.6,1.6,1.6,0,No
 2021-12-13,T03,11:21,11:22,11:22,113.7,112.6,112.5,112.93,1.2,No,7.99,7.97,7.95,7.97,0.04,No,79.34,77.46,77.37,78.06,1.97,No,2.9,2.8,2.8,2.83,0.1,No
 2021-12-13,T02,9:38,9:39,9:39,171.4,171.4,171.7,171.5,0.3,No,7.94,7.89,7.79,7.87,0.15,No,117.1,117.1,117.3,117.17,0.2,No,4.7,4.7,4.7,4.7,0,No
 2021-12-13,T07,8:24,8:24,8:25,185,184.3,184.1,184.47,0.9,No,7.94,7.87,7.84,7.88,0.1,No,126.8,126.3,126.1,126.4,0.7,No,4.3,4.2,4.2,4.23,0.1,No
 2021-12-30,T07,9:23,9:23,9:24,221.9,221.1,220.4,221.13,1.5,No,7.65,7.65,7.64,7.65,0.01,No,151.9,151.6,151.3,151.6,0.6,No,0.2,0.1,0.1,0.13,0.1,No
 2022-01-13,T02,9:42,9:42,9:42,167,165.1,164.4,165.5,2.6,No,7.07,7.85,7.83,7.58,0.78,No,112.4,110.3,111.1,111.27,2.1,No,3,2.6,2.5,2.7,0.5,No
 2022-01-13,T07,8:42,8:42,8:43,210.8,208.6,207.3,208.9,3.5,No,7.57,7.52,7.49,7.53,0.08,No,142.7,141.8,141.2,141.9,1.5,No,2.8,2.1,2,2.3,0.8,No
 2022-01-27,T07,8:28,8:28,8:28,158.2,155.6,156.1,156.63,2.6,No,7.3,7.34,7.37,7.34,0.07,No,106.5,105.5,105.3,105.77,1.2,No,2.8,2.7,2.7,2.73,0.1,No
 2022-01-27,T02,9:30,9:30,9:30,150,150.9,149.1,150,1.8,No,7.45,7.63,7.61,7.56,0.18,No,101.5,102.1,101.3,101.63,0.8,No,2.2,2.2,2.2,2.2,0,No
 2022-01-27,T03,10:55,10:55,10:55,107.2,107.1,107.2,107.17,0.1,No,7.65,7.74,7.71,7.7,0.09,No,73.27,73.21,73.22,73.23,0.06,No,1.6,1.6,1.6,1.6,0,No
 2022-02-10,T42,11:18,11:18,11:19,76.61,77.01,77.15,76.92,0.54,No,7.45,7.42,7.36,7.41,0.09,No,51.67,51.98,52.26,51.97,0.59,No,4.9,4.6,4.3,4.6,0.6,No
 2022-02-10,T03,13:05,13:05,13:06,142,142.5,142.1,142.2,0.5,No,7.52,7.54,7.55,7.54,0.03,No,94.7,95.01,95.04,94.92,0.34,No,5.9,5.8,5.7,5.8,0.2,No
 2022-02-10,T02,14:24,14:25,14:25,174.9,176.8,176.5,176.07,1.9,No,7.67,7.69,7.73,7.7,0.06,No,117.1,118.2,117.9,117.73,1.1,No,7.3,8.1,7.6,7.67,0.8,No
 2022-02-10,T07,15:25,15:25,15:26,187.3,125.9,126.6,146.6,61.4,No,8.07,8.1,8.16,8.11,0.09,No,125.6,125.7,125.1,125.47,0.6,No,7.4,7,7,7.13,0.4,No
 2022-03-01,T07,9:25,9:25,9:25,191.1,192.7,192.4,192.07,1.6,No,7.58,7.6,7.61,7.6,0.03,No,127.7,129.3,129.6,128.87,1.9,No,7.6,7.5,7.5,7.53,0.1,No
 2022-03-01,T02,10:55,10:55,10:55,176,171.3,173.3,173.53,4.7,No,7.85,7.86,7.88,7.86,0.03,No,114.7,113,115.8,114.5,2.8,No,8,8,7.9,7.97,0.1,No
 2022-03-01,T42,13:52,13:52,13:52,64.05,64.15,64.16,64.12,0.11,No,7.89,7.8,7.79,7.83,0.1,No,43.31,43.42,43.45,43.39,0.14,No,4.3,4.2,4,4.17,0.3,No
 2022-03-01,T03,15:26,15:26,15:26,93.61,94.29,93.95,93.95,0.68,No,7.85,7.7,7.65,7.73,0.2,No,62.9,63.38,63.38,63.22,0.48,No,5.8,5.5,5.6,5.63,0.3,No
 2022-03-10,T05P,11:10,11:00,11:10,63.37,62.83,62.88,63.03,0.54,No,7.64,7.56,7.41,7.54,0.23,No,43.11,42.99,43.15,43.08,0.16,No,1.6,1.1,0.9,1.2,0.7,No
 2022-03-10,T42,12:25,12:25,12:25,62.03,61.67,61.88,61.86,0.36,No,7.46,7.37,7.35,7.42,0.09,No,42.08,42.01,42.03,42.04,0.07,No,2.7,2.7,2.5,2.63,0.2,No
 2022-03-10,T03,13:27,13:27,13:27,102.9,102.9,103.5,103.1,0.6,No,7.36,7.37,7.33,7.35,0.04,No,69.89,69.62,69.58,69.7,0.31,No,4.1,3.9,3.7,3.9,0.4,No
 2022-03-10,T02,14:50,14:50,14:50,133.7,133.3,133,133.33,0.7,No,7.38,7.46,7.45,7.43,0.08,No,89.4,89.36,89.13,89.3,0.27,No,5.5,5.2,5.2,5.3,0.3,No
 2022-03-10,T07,15:52,15:52,15:52,138.7,137.9,139,138.53,1.1,No,7.6,7.55,7.56,7.57,0.05,No,92.44,91.31,92.87,92.21,1.56,No,6.3,6.3,6.2,6.27,0.1,No
 2022-03-24,T06,9:25,9:25,9:26,58.96,56.45,59.23,58.21,2.78,No,7.76,7.66,7.63,7.68,0.13,No,39.94,40.19,40.12,40.08,0.25,No,3.9,3.9,3.6,3.8,0.3,No
 2022-03-24,T05P,9:55,9:55,9:56,61.49,61.56,61.47,61.51,0.09,No,7.6,7.55,7.55,7.57,0.05,No,41.57,41.74,41.73,41.68,0.17,No,3.1,3,3,3.03,0.1,No
 2022-03-24,T42,10:57,10:57,10:58,71.85,71.86,71.93,71.88,0.08,No,7.42,7.37,7.4,7.4,0.05,No,48.38,48.37,48.45,48.4,0.08,No,5.3,5.3,5.3,5.3,0,No
 2022-03-24,T03,12:45,12:45,12:46,108.3,108.1,108.1,108.17,0.2,No,7.59,7.73,7.77,7.7,0.18,No,71.8,72.09,72.04,71.98,0.29,No,9,8.5,8.5,8.67,0.5,No
 2022-03-24,T02,14:09,14:09,14:10,153,153,153.4,153.13,0.4,No,7.56,7.59,7.6,7.58,0.04,No,100.9,100.8,101.1,100.93,0.3,No,11.5,11.6,11.5,11.53,0.1,No
 2022-03-24,T07,15:18,15:19,15:19,164.2,163.4,163.9,163.83,0.8,No,7.71,7.73,7.75,7.73,0.04,No,108.5,108,108.5,108.33,0.5,No,11.9,11.7,11.7,11.77,0.2,No
 2022-04-07,T06,9:05,9:06,9:06,56.77,57.07,38.82,50.89,18.25,No,7.83,7.74,7.72,7.76,0.11,No,38.56,38.71,38.71,38.66,0.15,No,3.4,3.2,3.2,3.27,0.2,No
 2022-04-07,T05P,9:40,9:40,9:41,61.04,61.02,61.77,61.28,0.75,No,7.54,7.46,7.5,7.5,0.08,No,41.51,41.49,41.99,41.66,0.5,No,2.9,2.9,2.9,2.9,0,No
 2022-04-07,T42,10:52,10:53,10:53,69.2,70.34,69.4,69.65,1.14,No,7.7,7.63,7.66,7.66,0.07,No,46.59,47.38,46.72,46.9,0.79,No,5.4,5.4,5.3,5.37,0.1,No
 2022-04-07,T03,13:12,13:12,13:13,101,98.3,97.11,98.8,3.89,No,7.93,7.89,8.03,7.95,0.14,No,67.34,65.34,65.33,66,2.01,No,9.1,8.7,8.5,8.77,0.6,No
 2022-04-07,T02,14:44,14:45,14:46,136.2,134.8,135.2,135.4,1.4,No,7.64,7.65,7.67,7.65,0.03,No,88.92,88.24,88.53,88.56,0.68,No,10.7,10.3,10.3,10.43,0.4,No
 2022-04-07,T07,16:02,16:03,16:03,135.6,135.6,135.4,135.53,0.2,No,7.93,7.93,7.95,7.94,0.02,No,89.43,89.61,89.57,89.54,0.18,No,11.1,10.9,10.7,10.9,0.4,No
 2022-04-20,T42,11:14,11:14,11:15,68.24,68.5,68.7,68.48,0.46,No,7.65,7.63,7.63,7.64,0.02,No,45.65,45.86,45.99,45.83,0.34,No,7.3,7.1,7,7.13,0.3,No
 2022-04-21,T06,9:32,9:32,9:33,60.95,60.75,60.64,60.78,0.31,No,7.73,7.67,7.65,7.68,0.08,No,40.85,41.07,41.03,40.98,0.22,No,4.2,3.9,3.9,4,0.3,No
 2022-04-21,T05P,10:08,10:09,10:09,66,66.14,66.31,66.15,0.31,No,7.65,7.75,7.69,7.7,0.1,No,44.56,44.78,44.87,44.74,0.31,No,4,4.1,4,4.03,0.1,No
 2022-04-21,T03,13:14,13:15,13:15,95.59,94.45,94.7,94.91,1.14,No,7.7,7.73,7.74,7.72,0.04,No,63.1,62.89,62.76,62.92,0.34,No,9,8.9,8.8,8.9,0.2,No
 2022-04-21,T02,14:34,14:35,14:55,129.4,129.3,129.3,129.33,0.1,No,7.7,7.69,7.68,7.69,0.02,No,85.33,85.43,85.51,85.42,0.18,No,10.6,10.2,10.1,10.3,0.5,No
 2022-04-21,T07,-9999,-9999,-9999,144.4,145.2,145.4,145,1,No,7.95,7.99,8,7.98,0.05,No,95.37,95.97,96.07,95.8,0.7,No,10.9,11,10.9,10.93,0.1,No
 2022-05-04,T06,10:03,10:03,10:03,57.13,56.97,57.03,57.04,0.16,No,7.76,7.72,7.67,7.72,0.09,No,38.4,38.22,38.05,38.22,0.35,No,5.7,5.7,5.6,5.67,0.1,No
 2022-05-04,T05P,10:44,10:44,10:45,55.59,55.22,55.86,55.56,0.64,No,7.65,7.63,7.57,7.62,0.08,No,37.39,37.38,37.67,37.48,0.29,No,5.5,5.2,4.9,5.2,0.6,No
 2022-05-04,T42,11:51,11:51,11:51,68.16,67.95,67.4,67.84,0.76,No,7.59,7.67,7.63,7.63,0.08,No,45.64,45.53,45.56,45.58,0.11,No,9.4,8.3,8.3,8.67,1.1,No
 2022-05-04,T03,12:59,12:59,12:59,102.8,102.8,102.4,102.67,0.4,No,7.72,7.71,7.72,7.72,0.01,No,66.92,67.4,67.42,67.25,0.5,No,12.3,12.2,11.8,12.1,0.5,No
 2022-05-04,T02,14:12,14:12,14:12,134.8,134.5,134.2,134.5,0.6,No,7.65,7.63,7.64,7.64,0.02,No,87.54,87.52,87.1,87.39,0.44,No,15.3,14.6,14.9,14.93,0.7,No
 2022-05-04,T07,15:06,15:06,15:06,145.2,144.1,144.2,144.5,1.1,No,7.82,7.88,7.91,7.87,0.09,No,94.83,93.99,93.1,93.97,1.73,No,15.8,15.3,15.1,15.4,0.7,No
 2022-05-19,T07,14:04,14:06,14:07,144.6,144.5,144.4,144.5,0.2,No,7.82,7.83,7.88,7.84,0.06,No,94.12,94.26,94.3,94.23,0.18,No,14.7,14.6,14.6,14.63,0.1,No
 2022-05-19,T02,13:04,13:06,13:06,123.1,123.4,123.5,123.33,0.4,No,7.59,7.66,7.67,7.64,0.08,No,80.66,80.84,80.94,80.81,0.28,No,13.2,13.1,13.2,13.17,0.1,No
 2022-05-19,T03,11:45,11:47,11:48,84.55,87.35,87.97,86.62,3.42,No,7.47,7.51,7.56,7.51,0.09,No,58.06,57.91,58.46,58.14,0.55,No,10.9,10.5,10.2,10.53,0.7,No
 2022-05-19,T42,10:05,10:07,10:08,58.78,58.4,58.34,58.51,0.44,No,7.54,7.52,7.55,7.54,0.03,No,39.19,38.78,38.96,38.98,0.41,No,8.1,7.8,7.9,7.93,0.3,No
 2022-05-19,T05P,9:04,9:05,9:07,50.5,50.1,49.77,50.12,0.73,No,7.51,7.5,7.62,7.54,0.12,No,31.15,33.94,33.7,32.93,2.79,No,4.1,3.9,3.9,3.97,0.2,No
 2022-05-19,T06,8:25,8:27,8:30,47.85,42.52,45.44,45.27,5.33,No,7.33,7.44,7.4,7.39,0.11,No,32.36,30.77,30.73,31.29,1.63,No,4.5,4,4,4.17,0.5,No
 2022-06-01,T42,11:28,11:30,11:32,56.3,56.33,55.87,56.17,0.46,No,7.43,7.48,7.57,7.49,0.14,No,32.46,36.5,36.65,35.2,4.19,No,12.3,12.4,11.3,12,1.1,No
 2022-06-02,T07,15:02,15:03,15:04,123.6,129,123.9,125.5,5.4,No,7.58,7.68,7.7,7.65,0.12,No,78.59,80.01,79.9,79.5,1.42,No,19.5,19.5,19.3,19.43,0.2,No
 2022-06-02,T02,14:02,14:03,14:04,107.3,109.1,107.5,107.97,1.8,No,7.46,7.62,7.54,7.54,0.16,No,68,68.82,68.29,68.37,0.82,No,19,18.5,18.4,18.63,0.6,No
 2022-06-02,T03,12:44,12:46,12:48,80.74,78.59,78.81,79.38,2.15,No,7.48,7.52,7.67,7.56,0.19,No,50.5,50.25,50.64,50.46,0.39,No,15.7,15,14.1,14.93,1.6,No
 2022-06-02,T05P,10:22,10:23,10:24,46.89,46.53,46.26,46.56,0.63,No,7.3,7.3,7.31,7.3,0.01,No,31.03,31.14,30.99,31.05,0.15,No,6.7,6.5,6.6,6.6,0.2,No
 2022-06-02,T06,9:44,9:46,9:47,49.9,41.3,41,44.07,8.9,No,7.45,7.34,7.3,7.36,0.15,No,31.42,27.63,27.49,28.85,3.93,No,8.9,6.5,6,7.13,2.9,No
 2022-06-16,T07,7:18,7:24,7:25,114.7,115.8,115,115.17,1.1,No,7.44,7.8,7.61,7.62,0.36,No,74.76,74.72,74.74,74.74,0.04,No,15.7,15.4,15.2,15.43,0.5,No
 2022-06-16,T02,8:33,8:34,8:36,114.8,111,111.8,112.53,3.8,No,8.00,7.84,7.76,7.8,0.08,No,13.32,71.73,72.75,52.6,59.43,No,16,15,14.9,15.3,1.1,No
 2022-06-16,T03,9:49,9:50,9:52,80.99,79.69,79.11,79.93,1.88,No,7.81,7.8,7.77,7.79,0.04,No,53.05,51.79,51.62,52.15,1.43,No,15.3,12,12.5,13.27,3.3,No
 2022-06-16,T42,11:02,11:03,11:10,57.62,56.24,55.94,56.6,1.68,No,7.72,7.74,7.72,7.73,0.02,No,37.45,36.61,36.54,36.87,0.91,No,13.5,11.8,10.3,11.87,3.2,No
 2022-06-16,T05P,12:13,12:13,12:13,47.3,48.56,49.48,48.45,2.18,No,7.67,7.72,7.68,7.69,0.05,No,31.45,32.21,32.97,32.21,1.52,No,10.4,9.4,8.7,9.5,1.7,No
 2022-06-16,T06,12:52,12:52,12:52,42.99,43.34,43.33,43.22,0.35,No,7.67,7.59,7.63,7.63,0.08,No,28.57,28.92,28.94,28.81,0.37,No,8,7.8,7.6,7.8,0.4,No
 2022-06-30,T07,7:10,7:10,7:11,141.9,142,141.8,141.9,0.2,No,7.16,7.18,7.2,7.18,0.04,No,91.71,91.78,91.66,91.72,0.12,No,20.1,20.1,20.1,20.1,0,No
 2022-06-30,T02,9:14,9:14,9:15,127.7,127.4,127.9,127.67,0.5,No,7.42,7.43,7.46,7.44,0.04,No,81.96,81.99,82.49,82.15,0.53,No,21.3,20.5,20.8,20.87,0.8,No
 2022-06-30,T03,10:30,10:30,10:31,80.02,80.3,80.21,80.18,0.28,No,7.52,7.52,7.53,7.52,0.01,No,51.49,52.02,52.1,51.87,0.61,No,16,15.9,15.7,15.87,0.3,No
 2022-06-30,T42,11:50,11:51,11:51,50.43,50.41,50.42,50.42,0.02,No,7.4,7.4,7.42,7.41,0.02,No,32.43,32.68,32.6,32.57,0.25,No,14.9,14.4,14.4,14.57,0.5,No
 2022-06-30,T05P,13:00,13:00,13:00,53.79,54.03,54.05,53.96,0.26,No,7.34,7.36,7.4,7.37,0.06,No,35.2,34.99,35.37,35.19,0.38,No,12.9,12.7,12.6,12.73,0.3,No
 2022-06-30,T06,13:36,13:36,13:36,35.04,35.31,35.27,35.21,0.27,No,7.47,7.45,7.45,7.46,0.02,No,22.98,23.29,23.34,23.2,0.36,No,8.9,8.7,8.6,8.73,0.3,No
 2022-07-14,T07,7:12,7:14,7:22,190.2,191.3,190.3,190.6,1.1,No,7.5,7.34,7.61,7.48,0.27,No,121.5,126.3,121.2,123,5.1,No,22.5,22.5,23,22.67,0.5,No
 2022-07-14,T02,8:37,8:38,8:39,165.1,162.8,163.2,163.7,2.3,No,7.57,7.68,7.78,7.68,0.21,No,104.2,102.8,103.2,103.4,1.4,No,23.2,22.8,22.6,22.87,0.6,No
 2022-07-14,T03,10:16,10:17,10:18,91.37,86.63,86.54,88.18,4.83,No,7.66,7.71,7.75,7.71,0.09,No,56.73,55.23,55.2,55.72,1.53,No,17.3,16.4,16.2,16.63,1.1,No
 2022-07-14,T42,11:41,11:43,11:44,63.93,69.14,63.91,65.66,5.23,No,7.52,7.59,7.64,7.58,0.12,No,40.78,40.86,40.68,40.77,0.18,No,16.8,15.7,15.7,16.07,1.1,No
 2022-07-14,T05P,12:49,12:50,12:51,68.42,68.55,68.44,68.47,0.13,No,7.49,7.59,7.68,7.59,0.19,No,43.6,43.2,43.32,43.37,0.4,No,18.1,16.4,16.1,16.87,2,No
 2022-07-14,T06,13:23,13:23,13:24,44.49,44.99,47.43,45.64,2.94,No,7.57,7.58,7.43,7.53,0.15,No,28.99,29,30.57,29.52,1.58,No,13.8,13.2,13.7,13.57,0.6,No
 2022-07-28,T07,7:11,7:11,7:12,240.6,241.4,240.1,240.7,1.3,No,6.36,7.03,7.16,6.85,0.8,No,154.4,154.8,154,154.4,0.8,No,25.9,26,26,25.97,0.1,No
 2022-07-28,T02,8:14,8:14,8:15,231.4,231.8,231.8,231.67,0.4,No,7.46,7.52,7.57,7.52,0.11,No,148.7,148.8,148.8,148.77,0.1,No,25.3,25.4,25.2,25.3,0.2,No
 2022-07-28,T03,9:28,9:28,9:30,83.17,83.39,83.39,83.32,0.22,No,7.59,7.58,7.56,7.58,0.03,No,52.17,52.97,52.99,52.71,0.82,No,18.2,18.2,18.1,18.17,0.1,No
 2022-07-28,T42,10:37,10:37,10:37,65.35,65.79,65.52,65.55,0.44,No,7.57,7.61,7.66,7.61,0.09,No,41.47,47.67,41.61,43.58,6.2,No,19.4,19.4,18.9,19.23,0.5,No
 2022-07-28,T05P,11:49,11:50,11:50,76.25,76.36,76.42,76.34,0.17,No,7.59,7.69,7.74,7.67,0.15,No,48.32,48.46,48.55,48.44,0.23,No,18,18,18,18,0,No
 2022-07-28,T06,12:17,12:17,12:17,56.33,56.64,56.62,56.53,0.31,No,7.56,7.52,7.52,7.53,0.04,No,35.94,35.2,36.22,35.79,1.02,No,14.9,15.4,14.6,14.97,0.8,No
 2022-08-25,T07,8:06,8:06,8:06,254.6,253.2,257.6,255.13,4.4,No,7.15,7.53,7.55,7.41,0.4,No,164.2,163.2,166.1,164.5,2.9,No,23.7,23.7,23.7,23.7,0,No
 2022-08-25,T02,8:20,8:20,8:20,238.3,238.4,238.4,238.37,0.1,No,7.43,7.41,7.42,7.42,0.02,No,153.7,153.9,153.9,153.83,0.2,No,23.3,23.3,23.3,23.3,0,No
 2022-08-25,T03,9:43,9:43,9:43,91.89,91.89,91.9,91.89,0.01,No,7.81,7.8,7.79,7.8,0.02,No,58.24,57.8,58.27,58.1,0.47,No,20,19.9,19.9,19.93,0.1,No
 2022-08-25,T42,10:43,10:43,10:43,65.8,66.04,66.07,65.97,0.27,No,7.92,7.92,7.92,7.92,0,No,41.78,41.56,41.67,41.67,0.22,No,17.5,17.1,17.1,17.23,0.4,No
 2022-08-25,T05P,11:52,11:52,11:52,82.27,82.63,82.46,82.45,0.36,No,7.78,7.79,7.8,7.79,0.02,No,52.02,52.24,52.17,52.14,0.22,No,16.9,16.8,16.7,16.8,0.2,No
 2022-08-25,T06,12:17,12:17,12:17,68.66,68.23,68.35,68.41,0.43,No,7.79,7.78,7.78,7.78,0.01,No,43.7,43.88,44.16,43.91,0.46,No,12.7,12.5,12.2,12.47,0.5,No
