sample,Site,Date,Watershed,WsAreaSqKm,tt_hr,streamorde,COMID,q_daily_cms,q_daily_mm,Twat_degC,DOC_mgL,mon,depth,vf_md,Da
WROL2019_001,EAS-ROC,2019-08-16,Gunnison,4.6413,1.362010423,1,77015865.0,0.088205359,1.900445112360761e-05,6.9,1.304,8,0.4095633557403069,0.02167451060150005,0.0030032908766242147
WROL2019_002,EAS-RUS,2019-08-16,Gunnison,15.0255,3.978222262,1,77015865.0,0.625026404,4.159771082493096e-05,4.9,0.692,8,0.4095633557403069,0.018868757413303683,0.007636599415960119
WROL2019_003,EAS-BRA,2019-08-16,Gunnison,4.9086,1.309562334,1,77015865.0,0.066143703,1.3475064784256204e-05,6.0,0.4,8,0.4095633557403069,0.02036369578818957,0.002713004045597594
WROL2019_004,TAY-TAY,2019-08-16,Gunnison,331.3395,16.13118603,4,77014146.0,3.17184,9.572779581064136e-06,14.2,1.338,8,0.3919827893739352,0.035950190575572645,0.061643779151922616
WROL2019_005,TAY-RES,2019-08-16,Gunnison,662.6592,10867.11463,5,77014098.0,11.29968,1.705202312138728e-05,9.8,2.828,8,0.3979898946705976,0.026500129660657706,30.14941989194865
WROL2019_006,EAS-PUM,2019-08-17,Gunnison,86.7375,11.71592212,2,77015865.0,1.639672922,1.8903852681942644e-05,7.8,0.548,8,0.4095633557403069,0.02306970280350589,0.027497052408500443
WROL2019_007,EAS-ALM,2019-08-17,Gunnison,749.4102,28.02879015,4,77014019.0,8.24112,1.099680788972448e-05,12.5,1.238,8,0.5223981258847056,0.03195406377964115,0.07143607717792504
WROL2019_008,GUN-GUN,2019-08-18,Gunnison,2645.9361,3379.09085,5,77013903.0,25.17648,9.515150422566895e-06,13.4,1.777,8,0.590046278161175,0.034010952695262955,8.115613364154427
WROL2019_009,GUN-R32,2019-08-17,Gunnison,5509.3851,1646.4025,6,77013519.0,30.0192,5.448738734927061e-06,14.8,2.004,8,0.5768888951895169,0.03747684277074765,4.456517258954156
WROL2019_010,GUN-TUN,2019-08-18,Gunnison,10283.8923,5812.244383,6,77013467.0,28.8864,2.808897561091728e-06,12.4,3.356,8,0.6585261288104665,0.03173334093827804,11.670122398654764
WROL2019_011,GUN-GRJ,2019-08-18,Gunnison,20481.6555,3297.556283,6,77013352.0,48.9936,2.392072261932146e-06,21.2,4.427,8,0.9027841718240948,0.058401256888944465,8.888310812987603
WROL2019_012,HJA-WS2,2019-09-04,Willamette,0.6,1.001863151,1,78023871.0,0.000910724,1.5178733333333336e-06,14.5,1.572,9,0.4475931270103711,0.03670558049914413,0.0034233070094804178
WROL2019_013,LOO-BLU,2019-09-04,Willamette,63.5697,3.281202644,3,78023871.0,0.2030544,3.1942010108589472e-06,15.2,0.534,9,0.4475931270103711,0.038530460232021106,0.011769082264537982
WROL2019_014,HJA-WS1,2019-09-04,Willamette,0.96,1.00034366,1,78023871.0,0.000358504,3.7344166666666665e-07,15.6,0.673,9,0.4475931270103711,0.03961369891196261,0.003688926222312586
WROL2019_015,BLU-TID,2019-09-04,Willamette,119.3625,8.740677086,3,78023561.0,0.55159734,4.621194596292806e-06,18.5,0.613,9,0.470912567787518,0.048433303838131964,0.03745740168624505
WROL2019_016,BLU-BLU,2019-09-04,Willamette,227.9673,2968.096387,4,78023549.0,16.62384,7.292203750274711e-05,12.3,0.705,9,0.5635501210338975,0.03151414274094878,6.9157567444347245
WROL2019_017,MCK-WAL,2019-09-04,Willamette,2730.9312,1296.781968,5,78023324.0,40.2144,1.4725526589611633e-05,14.4,0.612,9,0.9345570633688048,0.03645203653436004,2.1075199474818382
WROL2019_018,WIL-JAS,2019-09-06,Willamette,3494.8566,2004.222406,5,78023216.0,63.4368,1.815147436950632e-05,19.6,1.374,9,0.8839339886075219,0.05227058908931027,4.9382404482794096
WROL2019_019,WIL-GOS,2019-09-06,Willamette,1664.3106,1442.971526,5,78023308.0,14.13168,8.491011233119585e-06,22.9,1.756,9,0.626180380068001,0.06570482957939776,6.308765095334661
WROL2019_020,WIL-HAR,2019-09-04,Willamette,8825.7501,1558.662617,6,78023210.0,144.1488,1.6332753405288466e-05,18.5,1.074,9,1.0000716484550378,0.048433303838131964,3.145240486307555
WROL2019_021,WIL-COR,2019-09-06,Willamette,11376.3474,1413.11963,6,78022384.0,149.2464,1.3119008654746247e-05,20.1,1.087,9,1.0520083785011063,0.05411390743268873,3.0287078510917853
WROL2019_022,WIL-POR,2019-09-07,Willamette,28921.6503,1377.864258,7,78020394.0,177.2832,6.129774689931853e-06,23.5,1.559,9,1.1296982855272315,0.0684950351584231,3.4809021578417423
WROL2019_023,WIL-HAR,2020-01-24,Willamette,8825.7501,1546.366273,6,78023210.0,640.032,7.25187086364478e-05,7.7,1.527,1,1.5323655107442915,0.02291034872612445,0.9633197368258108
WROL2019_024,DES-LAP,2019-09-10,Deschutes,106.623,24.21272167,2,78024269.0,3.48336,3.266987422976281e-05,10.7,0.612,9,0.3562435096294033,0.02820594784195193,0.07987780198977965
WROL2019_025,CUL-LAP,2019-09-10,Deschutes,52.0434,6.45830809,2,78024783.0,1.608576,3.090835725567507e-05,8.7,0.132,9,0.2853780566401741,0.024554703782112348,0.02315376602978763
WROL2019_026,BRO-LAP,2019-09-10,Deschutes,51.8805,8.354017596,2,78024593.0,0.719328,1.3865093821377974e-05,8.2,0.196,9,0.2621613203474587,0.023718280429130625,0.03149189015075535
WROL2019_029,DES-BFA,2019-09-10,Deschutes,3606.912,1695.814168,5,78024103.0,44.4624,1.232699882891515e-05,16.3,1.197,9,0.4254404215927315,0.0415831606479081,6.906305148531459
WROL2019_030,DES-MAD,2019-09-11,Deschutes,18388.1277,3647.18935,6,78021674.0,109.8816,5.975681798207221e-06,13.5,0.865,9,0.5290886711347493,0.03424751757921155,9.83666098845545
WROL2019_033,DES-MOO,2019-09-11,Deschutes,25189.3503,2930.712499,6,78020390.0,127.44,5.059280945408108e-06,17.9,1.073,9,0.6697239667152547,0.0464603305522986,8.471268153275897
WROL2019_034,DES-MOO,2019-10-01,Deschutes,25189.3503,2930.014788,6,78020390.0,131.9712,5.23916649013373e-06,11.4,0.791,10,0.6786450011267998,0.029608254027098997,5.326337898939518
WROL2019_035,WIL-POR,2019-10-01,Willamette,28921.6503,1373.252903,7,78020394.0,233.64,8.078377187210508e-06,17.0,1.413,10,1.2682411308250503,0.04365053748988732,1.9693687668613347
WROL2019_036,WIL-POR,2019-11-10,Willamette,28921.6503,1368.18034,7,78020394.0,320.016,1.1064928753391364e-05,8.9,1.371,11,1.6268615699392583,0.024897474673308904,0.8724424784377169
WROL2019_037,DES-MOO,2019-11-10,Deschutes,25189.3503,2929.675924,6,78020390.0,134.2368,5.32910926249654e-06,10.5,0.84,11,0.7349637617784345,0.02781762822296688,4.620218477983575
WROL2019_042,CUL-LAP,2019-11-20,Deschutes,52.0434,6.637796703,2,78024783.0,1.280064,2.4596087111910445e-05,5.2,0.209,11,0.3263289454048196,0.019265230116010553,0.016327936727049335
WROL2019_043,BRO-LAP,2019-11-20,Deschutes,51.8805,8.369945509,2,78024593.0,0.708,1.3646745887183048e-05,3.7,0.272,11,0.2890321186112522,0.01736279755435861,0.020950046156352792
WROL2019_044,DES-WIC,2019-11-20,Deschutes,662.4486,3736.848555,4,78024218.0,3.05856,4.617052553209411e-06,6.1,0.913,11,0.6114470918630437,0.020505336493584117,5.221584041199544
WROL2019_045,LDS-LAP,2019-11-20,Deschutes,1862.1909,1062.860069,4,78024191.0,1.93992,1.041740672237202e-06,4.3,1.174,11,0.408871048430579,0.01810012196283481,1.9604690517310055
WROL2019_046,DES-BFA,2019-11-21,Deschutes,3606.912,1703.329445,5,78024103.0,14.10336,3.910092622165443e-06,4.1,0.56,11,0.4791760724204303,0.017850932235066223,2.6439497092634494
WROL2019_048,DES-MAD,2019-11-21,Deschutes,18388.1277,3646.616561,6,78021674.0,114.696,6.237502907922485e-06,9.9,0.663,11,0.5814000042133205,0.026684452639021947,6.973681788893264
WROL2019_049,TRO-GAT,2019-11-21,Deschutes,1668.3183,59.73336248,5,78021831.0,0.300192,1.799368861445685e-07,8.8,2.345,11,0.2783685102791461,0.024725495253396738,0.22107040905770375
WROL2019_050,DES-MOO,2019-11-21,Deschutes,25189.3503,2930.186672,6,78020390.0,130.8384,5.194195103952325e-06,9.7,0.79,11,0.7349637617784345,0.026317079894107566,4.371755042105525
WROL2019_051,HJA-WS1,2019-12-10,Willamette,0.96,1.006367473,1,78023871.0,0.002788812,2.9050125e-06,5.4,1.417,12,0.5728211487827946,0.019534162706465266,0.0014299508379018292
WROL2019_052,HJA-WS2,2019-12-10,Willamette,0.6,1.003690686,1,78023871.0,0.002223808,3.7063466666666654e-06,5.0,2.127,12,0.5728211487827946,0.019,0.0013871493073159848
WROL2019_053,BLU-TID,2019-12-10,Willamette,119.3625,7.806868333,3,78023561.0,1.414242899,1.1848301593884175e-05,4.0,1.139,12,0.6266423005539354,0.017727626839199342,0.009202302524891171
WROL2019_054,LOO-BLU,2019-12-10,Willamette,63.5697,4.396441643,3,78023871.0,0.50976,8.01891467161242e-06,4.0,0.805,12,0.5728211487827946,0.017727626839199342,0.005669198043827637
WROL2019_055,BLU-BLU,2019-12-10,Willamette,227.9673,2970.162157,4,78023549.0,1.665216,7.304626584602266e-06,4.8,0.939,12,0.7692876863429662,0.018738421385373825,3.0144850808530976
WROL2019_056,MCK-WAL,2019-12-05,Willamette,2730.9312,1299.005491,5,78023324.0,30.0192,1.0992294496470654e-05,5.9,0.529,12,1.2927097171492623,0.02022303346661384,0.8467301658842725
WROL2019_057,WIL-GOS,2019-12-05,Willamette,1664.3106,1448.112645,5,78023308.0,5.664,3.4032109150779907e-06,6.7,1.724,12,1.066063778597189,0.02137611120908738,1.2098641737121147
WROL2019_058,WIL-JAS,2019-12-05,Willamette,3494.8566,2006.278624,5,78023216.0,45.0288,1.2884305467640646e-05,8.4,1.238,12,1.2879257456686943,0.02404937528543532,1.5609643295944116
WROL2019_059,WIL-HAR,2019-12-05,Willamette,8825.7501,1561.667805,6,78023210.0,103.9344,1.1776268172378911e-05,7.1,0.989,12,1.515437667097709,0.02197707549420046,0.9436462919948893
WROL2019_060,WIL-COR,2019-12-06,Willamette,11376.3474,1416.196337,6,78022384.0,113.5632,9.982395579797431e-06,6.7,1.162,12,1.6165292121025856,0.02137611120908738,0.7802923842165688
WROL2019_061,WIL-POR,2019-12-08,Willamette,28921.6503,1374.262672,7,78020394.0,219.7632,7.598570542151946e-06,5.5,1.292,12,1.857155284270058,0.019670033552986174,0.6064784740451642
WROL2019_062,DES-MOO,2019-12-27,Deschutes,25189.3503,2929.057484,6,78020390.0,138.4848,5.497751960676811e-06,6.7,0.573,12,0.7908655377689611,0.02137611120908738,3.298699100630426
WROL2019_063,WIL-POR,2019-12-27,Willamette,28921.6503,1358.116061,7,78020394.0,620.208,2.144441944241335e-05,6.9,,12,1.857155284270058,0.02167451060150005,0.6604298971733938
WROL2019_064,WIL-GOS,2020-01-22,Willamette,1664.3106,1433.182769,5,78023308.0,112.9968,6.789405775580591e-05,7.2,,1,1.0698181326568608,0.02212993814290066,1.2352662669664374
WROL2019_065,WIL-JAS,2020-01-22,Willamette,3494.8566,1998.840291,5,78023216.0,167.3712,4.789072032311712e-05,6.8,,1,1.304267300119142,0.021524793820620173,1.374482603508282
WROL2019_066,HJA-WS2,2020-01-23,Willamette,0.6,1.093918445,1,78023871.0,0.151096374,0.00025182729,6.6,1.347,1,0.5738100774194675,0.021228455623372177,0.0016862576485894528
WROL2019_067,HJA-WS1,2020-01-23,Willamette,0.96,1.183851258,1,78023871.0,0.225129978,0.00023451039375000003,7.5,1.327,1,0.5738100774194675,0.0225949351850517,0.001942355979783083
WROL2019_068,BLU-TID,2020-01-23,Willamette,119.3625,5.649938669,3,78023561.0,20.9314839,0.0001753606358781024,5.8,1.368,1,0.6253670509308857,0.020083342770666226,0.007560203693832303
WROL2019_069,LOO-BLU,2020-01-23,Willamette,63.5697,10.37971288,3,78023871.0,9.23232,0.00014523145460809155,3.7,1.392,1,0.5738100774194675,0.01736279755435861,0.013086563866385303
WROL2019_070,BLU-BLU,2020-01-23,Willamette,227.9673,2967.442973,4,78023549.0,40.2144,0.0001764042474512792,5.9,1.226,1,0.768028930464316,0.02022303346661384,3.2556661264573767
WROL2019_071,MCK-WAL,2020-01-23,Willamette,2730.9312,1286.364236,5,78023324.0,184.9296,6.771668213391828e-05,6.7,1.007,1,1.2999017998606113,0.02137611120908738,0.8813955846215101
WROL2019_072,WIL-COR,2020-01-24,Willamette,11376.3474,1397.921591,6,78022384.0,668.352,5.874926076888264e-05,8.0,2.239,1,1.6385173542309637,0.023391743853553408,0.8315399615081556
WROL2019_073,WIL-POR,2020-01-26,Willamette,28921.6503,1338.995312,7,78020394.0,2574.288,8.900902864453762e-05,8.4,1.885,1,1.8790779257463652,0.02404937528543532,0.7140470405393112
WROL2019_074,DES-LAP,2020-02-05,Deschutes,106.623,25.41251249,2,78024269.0,2.327904,2.183303789989027e-05,4.2,0.329,2,0.4631728277133073,0.017975095287786323,0.04109268237994103
WROL2019_075,CUL-LAP,2020-02-05,Deschutes,52.0434,6.786065042,2,78024783.0,1.064832,2.0460461845306032e-05,5.4,0.068,2,0.3784676446867444,0.019534162706465266,0.014593948840814308
WROL2019_076,BRO-LAP,2020-02-05,Deschutes,51.8805,8.499330357,2,78024593.0,0.62304,1.200913638072108e-05,4.7,0.465,2,0.3449533702443378,0.01860898565415161,0.019104504444962783
WROL2019_077,DES-WIC,2020-02-04,Deschutes,662.4486,3736.91724,4,78024218.0,3.00192,4.53155158000183e-06,2.0,0.435,2,0.7319250541553747,0.015432795530768473,3.283070636405231
WROL2019_078,LDS-LAP,2020-02-04,Deschutes,1862.1909,1060.314575,4,78024191.0,2.832,1.5207893025360612e-06,0.0,3.812,2,0.4720435447080265,0.013435028842544404,1.257419032717487
WROL2019_079,DES-BFA,2020-02-05,Deschutes,3606.912,1702.177025,5,78024103.0,16.65216,4.6167358671351e-06,1.8,1.318,2,0.5690611617789046,0.015220327674202817,1.896961596580365
WROL2019_080,WHY-SIS,2020-02-04,Deschutes,166.2804,19.86116563,3,78023762.0,1.8408,1.1070456890890328e-05,0.0,0.647,2,0.1714106813861526,0.013435028842544404,0.06486257909167213
WROL2019_081,DES-MAD,2020-02-04,Deschutes,18388.1277,3645.309707,6,78021674.0,126.5904,6.8843550613366685e-06,7.6,0.407,2,0.6647415746784578,0.022752095387759644,5.198663995334598
WROL2019_082,TRO-GAT,2020-02-04,Deschutes,1668.3183,53.51359919,5,78021831.0,0.75048,4.498422153614212e-07,1.9,2.834,2,0.350506752337196,0.015326193425220397,0.09749690586044259
WROL2019_083,DES-MOO,2020-02-08,Deschutes,25189.3503,2922.23703,6,78020390.0,196.824,7.813778349019188e-06,7.4,1.07,2,0.8363389851523457,0.022438860567161076,3.2668008240113955
WROL2019_084,DES-MOO,2020-10-02,Deschutes,25189.3503,2932.684839,6,78020390.0,115.5456,4.587081390503351e-06,15.1,,10,0.6786450011267998,0.03826431090215532,6.8897806334197575
WROL2019_085,DES-MOO,2020-03-08,Deschutes,25189.3503,2928.936346,6,78020390.0,139.3344,5.531480500312864e-06,8.26,0.573,3,0.8442043744301329,0.02381712738837312,3.443027353033229
WROL2019_086,WIL-POR,2020-03-08,Willamette,28921.6503,1362.142796,7,78020394.0,472.944,1.63525938213837e-05,8.93,1.091,3,1.7500446943922308,0.02494930138305889,0.8091343622314581
WROL2019_097,CT-UNIO,2020-06-05,Connecticut,978.5736,6367.168489,5,73003731.0,8.86416,9.05824559338204e-06,18.3,3.001,6,0.6806984576635546,0.04776650823182948,18.61674839394574
WROL2019_098,CT-PHEL,2020-06-05,Connecticut,7.8183,2.765008583,1,73004283.0,2.103228488,0.0002690135308187202,20.6,4.302,6,0.4081285620215693,0.05602223025706184,0.015814251716451365
WROL2019_099,CT-BUNN,2020-06-05,Connecticut,10.5084,2.477357428,1,,0.0909072,8.650907845152449e-06,17.6,2.093,6,,0.045504190775519295,
WROL2019_100,CT-THOM,2020-06-06,Connecticut,25008.6483,28300.71713,6,73003672.0,245.5344,9.81797964666487e-06,22.5,2.72,6,1.421987305282323,0.0639081275592823,52.99642484044876
WROL2019_1001,EAS-ROC,2019-10-19,Gunnison,4.6413,1.234425865,1,77015865.0,0.048046144,1.0351872104798225e-05,1.0,0.974,10,0.3915787670704905,0.014399307381848782,0.001891368881244758
WROL2019_1002,EAS-RUS,2019-10-19,Gunnison,15.0255,1.850713026,1,77015865.0,0.073169985,4.869720475192174e-06,4.7,0.578,10,0.3915787670704905,0.01860898565415161,0.003664640749084353
WROL2019_1003,EAS-PUM,2019-10-19,Gunnison,86.7375,7.598196956,2,77015865.0,0.448260411,5.168011655858193e-06,4.5,0.721,10,0.3915787670704905,0.018352790249572065,0.014838235915647213
WROL2019_1004,EAS-BRA,2019-10-19,Gunnison,4.9086,1.212724777,1,77015865.0,0.039191327,7.984216884651428e-06,3.9,0.488,10,0.3915787670704905,0.017605173175917047,0.002271810883407675
WROL2019_101,CT-FARM,2020-06-06,Connecticut,1492.9416,4803.220816,5,73003727.0,15.60432,1.0452063228729106e-05,20.8,2.813,6,0.8181384942689621,0.05680427144812766,13.89554157439023
WROL2019_102,CT-STIL,2020-06-06,Connecticut,222.6708,3512.512568,4,73003738.0,1.10448,4.960147446364767e-06,22.8,3.538,6,0.4489086337621528,0.0652509731692693,21.273339949164033
WROL2019_103,WIL-POR,2020-04-03,Willamette,28921.6503,1349.691378,7,78020394.0,1127.136,3.897204994557312e-05,8.3,2.273,4,1.6817831315645704,0.02388325411591474,0.7986320578891751
WROL2019_104,DES-MOO,2020-04-03,Deschutes,25189.3503,2929.634017,6,78020390.0,134.52,5.340352109041892e-06,9.0,0.977,4,0.8350805003262528,0.02507065030468499,3.6647080696722076
WROL2019_105,WIL-JAS,2020-04-23,Willamette,3494.8566,2005.660372,5,78023216.0,49.8432,1.4261872718897825e-05,11.8,1.912490784,4,1.2064497109773855,0.030440655348405638,2.108584095082361
WROL2019_106,HJA-WS1,2020-04-21,Willamette,0.96,1.015177426,1,78023871.0,0.008656333,9.017013541666668e-06,8.9,0.9,4,0.5337498211279819,0.024897474673308904,0.001973096231312322
WROL2019_107,MCK-WAL,2020-04-23,Willamette,2730.9312,1293.467531,5,78023324.0,63.4368,2.322899969065497e-05,9.0,0.956,4,1.1948515268974211,0.02507065030468499,1.1308264186028467
WROL2019_108,WIL-POR,2020-04-27,Willamette,28921.6503,1360.131763,7,78020394.0,540.912,1.8702667184935847e-05,13.5,1.387,4,1.6817831315645704,0.03424751757921155,1.154061216067037
WROL2019_109,HJA-WS2,2020-04-21,Willamette,0.6,1.010986401,1,78023871.0,0.009231258,1.5385430000000002e-05,7.8,0.909,4,0.5337498211279819,0.02306970280350589,0.0018206997365799924
WROL2019_110,LOO-BLU,2020-04-21,Willamette,63.5697,7.482794659,3,78023871.0,2.94528,4.633150699153842e-05,6.5,0.66,4,0.5337498211279819,0.021081819969289057,0.01231467468651154
WROL2019_111,WIL-HAR,2020-04-23,Willamette,8825.7501,1556.345136,6,78023210.0,187.1952,2.121011787995221e-05,12.5,1.243,4,1.4076396438742425,0.03195406377964115,1.4720727695738671
WROL2019_112,WIL-GOS,2020-04-23,Willamette,1664.3106,1442.632137,5,78023308.0,15.06624,9.052541034107456e-06,13.2,2.123723777,4,1.0002061237825213,0.03354271385904488,2.0158260309491554
WROL2019_113,BLU-BLU,2020-04-21,Willamette,227.9673,2970.17802,4,78023549.0,1.639728,7.192821075654272e-06,7.3,0.908,4,0.7074328917888871,0.022283864035405696,3.898311058126374
WROL2019_114,WIL-COR,2020-04-23,Willamette,11376.3474,1410.244725,6,78022384.0,194.2752,1.7077115630276905e-05,13.6,1.466,4,1.503508712632745,0.03448572790205211,1.3477728089476249
WROL2019_115,BLU-TID,2020-04-21,Willamette,119.3625,6.800082805,3,78023561.0,4.469025032,3.7440779407267785e-05,7.3,0.761,4,0.5799987137042331,0.022283864035405696,0.010885952350389829
WROL2019_116,DES-LAP,2020-05-07,Deschutes,106.623,25.7940673,2,78024269.0,2.056032,1.928319405756732e-05,12.8,0.545,5,0.421005783432659,0.03262548658463464,0.08328705821626005
WROL2019_117,CUL-LAP,2020-05-07,Deschutes,52.0434,6.754284478,2,78024783.0,1.107312,2.127670367424112e-05,10.6,0.305,5,0.3293360354537267,0.02801111512853092,0.023936423054881358
WROL2019_118,BRO-LAP,2020-05-07,Deschutes,51.8805,8.677903657,2,78024593.0,0.52392,1.0098591956515456e-05,12.8,0.331,5,0.3083524094077588,0.03262548658463464,0.03825720462289468
WROL2019_119,DES-WIC,2020-05-07,Deschutes,662.4486,3729.596641,4,78024218.0,29.1696,4.4033001201904566e-05,12.5,1.024,5,0.6408314254562183,0.03195406377964115,7.748772675409282
WROL2019_120,LDS-LAP,2020-05-07,Deschutes,1862.1909,1054.468491,4,78024191.0,7.24992,3.893220614492317e-06,13.7,3.928,5,0.4386957215876733,0.03472559510871722,3.477832514987661
WROL2019_121,CT-SLPR,2020-03-12,Connecticut,120.4659,8.659946485,3,73001445.0,3.22848,2.6799949197241703e-05,0.9,1.787,3,0.3955786633561469,0.01429984410040514,0.0130437483241544
WROL2019_122,CT-POPE,2020-03-13,Connecticut,11.1456,4.449242436,1,73001606.0,0.478608,4.294142980189492e-05,1.8,1.489,3,0.3172071174982729,0.015220327674202817,0.008895203906516097
WROL2019_123,CT-W9,2020-03-13,Connecticut,0.41,1.115793647,1,73001606.0,1.075109516,0.0026222183317073,1.9,1.728,3,0.3172071174982729,0.015326193425220397,0.0022462806781974767
WROL2019_124,CT-EBRA,2020-03-13,Connecticut,139.3335,15.9941808,3,73001057.0,7.08,5.08133363476838e-05,1.5,3.145,3,0.4870533075580721,0.014907097860038262,0.020397050202791638
WROL2019_125,CT-PASS,2020-03-13,Connecticut,1125.1035,25.58246883,4,73001343.0,53.808,4.782493343945691e-05,1.6,3.143,3,0.5962406388744745,0.015010784925404164,0.0268357069577987
WROL2019_126,CT-MOOS,2020-03-12,Connecticut,208.9341,25.00509972,3,73001351.0,14.13168,6.763702047679149e-05,0.0,5.499,3,0.549462229096914,0.013435028842544404,0.02547522970027824
WROL2019_128,CT-THOM,2020-03-21,Connecticut,25008.6483,28282.64939,6,73003672.0,866.592,3.465169287058189e-05,5.1,,3,1.0988285131040392,0.01913215545107766,20.518368662809323
WROL2019_130,CT-STIL,2020-03-21,Connecticut,222.6708,3510.27523,4,73003738.0,7.05168,3.166863369602121e-05,7.2,,3,0.4972099335773525,0.02212993814290066,6.5098402487611
WROL2019_134,CT-BUNN,2020-03-22,Connecticut,10.5084,3.546241104,1,,0.242136,2.3042137718396712e-05,3.7,,3,,0.01736279755435861,
WROL2019_135,CT-PASS,2020-06-05,Connecticut,1125.1035,30.32136684,4,73001343.0,13.05552,1.1603839113468228e-05,16.7,2.455,6,0.7309049574048725,0.04275222241817476,0.07389844865337498
WROL2019_136,CT-SLPR,2020-06-05,Connecticut,120.4659,10.23164797,3,73001445.0,0.804288,6.6764785719444255e-06,21.0,1.604,6,0.4626423032876731,0.05759722952739513,0.053075073008505766
WROL2019_137,CT-MOOS,2020-06-05,Connecticut,208.9341,31.61870598,3,73001351.0,1.999392,9.56948626385066e-06,0.0,4.504,6,0.701477659099457,0.013435028842544404,0.025232344732984722
WROL2019_138,CT-EBRA,2020-06-05,Connecticut,139.3335,18.41909453,3,73001057.0,2.183472,1.5670832929625683e-05,0.0,2.437,6,0.6124197114552496,0.013435028842544404,0.016836293097920108
WROL2019_139,CT-POPE,2020-06-05,Connecticut,11.1456,2.509802642,1,73001606.0,0.101952,9.147286821705429e-06,12.5,1.217,6,0.3725623431332837,0.03195406377964115,0.008969236421648695
WROL2019_140,CT-W9,2020-06-06,Connecticut,0.41,1.049253708,1,73001606.0,1.028826777,0.002509333602439,12.6,1.192,6,0.3725623431332837,0.03217632186977603,0.0037757802658084255
WROL2019_145,DES-BFA,2020-05-07,Deschutes,3606.912,1696.259534,5,78024103.0,41.3472,1.1463323751730011e-05,11.7,1.404,5,0.5082677899330216,0.030230386382686904,4.203704403284292
WROL2019_146,WHY-SIS,2020-05-07,Deschutes,166.2804,20.90597531,3,78023762.0,1.200768,7.221344187288461e-06,3.6,0.893,5,0.2000065264841014,0.017242863951026054,0.07509731773313207
WROL2019_147,DES-MAD,2020-05-07,Deschutes,18388.1277,3647.433427,6,78021674.0,107.8992,5.8678731059715226e-06,12.5,0.752,5,0.6290291567322173,0.03195406377964115,7.720251591345648
WROL2019_148,TRO-GAT,2020-05-07,Deschutes,1668.3183,54.84274906,5,78021831.0,0.611712,3.666638434644037e-07,17.6,3.368,5,0.3192723495943937,0.045504190775519295,0.3256852285948777
WROL2019_149,DES-MOO,2020-05-13,Deschutes,25189.3503,2929.261242,6,78020390.0,137.0688,5.441537727950054e-06,15.4,0.978,5,0.8060513415161334,0.03906832541293053,5.915738320438119
WROL2019_150,WIL-POR,2020-06-21,Willamette,28921.6503,1358.591738,7,78020394.0,600.384,2.0758981378043974e-05,17.5,1.359,6,1.467647204942807,0.0451898703701034,1.7429990531598831
WROL2019_151,DES-MOO,2020-06-21,Deschutes,25189.3503,2930.936247,6,78020390.0,126.024,5.003066712681351e-06,17.0,0.9,6,0.7678530501045489,0.04365053748988732,6.942351714341891
WROL2019_152,DES-MOO,2020-07-30,Deschutes,25189.3503,2932.884451,6,78020390.0,114.4128,4.542110004321946e-06,18.7,0.901,7,0.7153324255922929,0.049109407564224695,8.38958531084797
WROL2019_153,WIL-POR,2020-07-30,Willamette,28921.6503,1375.907652,7,78020394.0,199.0896,6.883756560738167e-06,23.8,1.28,7,1.2885060165851998,0.0699342614474905,3.111584405505963
WROL2019_154,DES-MOO,2020-09-03,Deschutes,25189.3503,2932.884451,6,78020390.0,114.4128,4.542110004321946e-06,17.4,0.764,9,0.6697239667152547,0.04487772113432215,8.188769867178767
WROL2019_155,WIL-POR,2020-09-03,Willamette,28921.6503,1375.118806,7,78020394.0,208.7184,7.216683620574721e-06,22.2,1.039,9,1.1296982855272315,0.06259291731233554,3.174619675790446
WROL2019_162,CT-EBRA,2019-08-05,Connecticut,139.3335,20.39356396,3,73001057.0,0.93456,6.707360397894261e-06,19.0,2.428,8,0.5018111954652876,0.05014130060936998,0.08490575657532573
WROL2019_164,CT-POPE,2019-08-06,Connecticut,11.1456,1.724717251,1,73001606.0,0.029736,2.667958656330749e-06,12.1,0.789,8,0.3227173668394359,0.03108027822519568,0.006921006006207207
WROL2019_165,CT-W9,2019-08-06,Connecticut,0.41,1.013016508,1,73001606.0,1.006417071,0.0024546757829268,14.6,1.133,8,0.3227173668394359,0.03696088800166685,0.004834208085173651
WROL2019_166,CT-PASS,2019-08-06,Connecticut,1125.1035,34.15335344,4,73001343.0,4.84272,4.304244009551121e-06,23.6,2.246,8,0.6065613327913051,0.06897145580410424,0.1618142565861642
WROL2019_167,CT-UNIO,2019-08-28,Connecticut,978.5736,6371.400841,5,73003731.0,3.05856,3.125528830943324e-06,19.56,3.212,8,0.6188087388696314,0.0521258649664427,22.362508735447786
WROL2019_168,CT-PHEL,2019-08-28,Connecticut,7.8183,2.765008583,1,73004283.0,2.103228488,0.0002690135308187202,,2.111,8,0.37522602474613,,
WROL2019_169,CT-BUNN,2019-08-28,Connecticut,10.5084,1.705751145,1,,0.0263376,2.5063377869133265e-06,16.04,1.102,8,,0.04084046856850904,
WROL2019_170,CT-NEPA,2019-08-28,Connecticut,62.0703,5.044340825,3,73004283.0,0.1112976,1.7930894485768554e-06,16.99,2.437,8,0.37522602474613,0.04362029172649007,0.024433675065494972
WROL2019_171,CT-STIL,2019-08-28,Connecticut,222.6708,3513.845511,4,73003738.0,0.433296,1.9459039981892557e-06,,3.379,8,0.4081643806242507,,
WROL2019_172,CT-THOM,2019-08-29,Connecticut,25008.6483,28316.52807,6,73003672.0,93.456,3.736947270356871e-06,24.25,2.818,8,1.1274943582547414,0.07215000119223945,75.50065620627649
WROL2019_173,CT-FARM,2019-08-29,Connecticut,1492.9416,4808.905563,5,73003727.0,6.99504,4.685407654257876e-06,21.75,2.722,8,0.7383287415186378,0.060670677363105385,16.465088735535534
WROL2019_174,CT-MOOS,2019-11-04,Connecticut,208.9341,28.31677984,3,73001351.0,5.01264,2.3991488225234656e-05,4.2,6.098,11,0.5775028341066015,0.017975095287786323,0.036723976764452174
WROL2019_175,CT-PASS,2019-11-04,Connecticut,1125.1035,27.08738278,4,73001343.0,33.4176,2.970180076766271e-05,5.5,3.972,11,0.615603931068825,0.019670033552986174,0.03606280632555037
WROL2019_176,CT-W9,2019-11-05,Connecticut,0.41,1.097538851,1,73001606.0,1.062018884,0.0025902899609756,6.2,1.574,11,0.3280930405368482,0.0206479623879951,0.002877987099549865
WROL2019_177,CT-POPE,2019-11-05,Connecticut,11.1456,3.067212785,1,73001606.0,0.1775664,1.5931524547803617e-05,6.2,1.797,11,0.3280930405368482,0.0206479623879951,0.008042903281976314
WROL2019_178,CT-THOM,2019-11-07,Connecticut,25008.6483,28292.62337,6,73003672.0,421.968,1.6872883129793145e-05,8.5,4.163,11,1.1499992845552396,0.024216651919065982,24.824385444925994
WROL2019_179,CT-FARM,2019-11-07,Connecticut,1492.9416,4803.560958,5,73003727.0,14.83968,9.939893161259622e-06,8.0,3.632,11,0.8032105277114157,0.023391743853553408,5.82888211526471
WROL2019_180,CT-STIL,2019-11-07,Connecticut,222.6708,3511.157809,4,73003738.0,3.22848,1.449889253552778e-05,7.3,3.987,11,0.4499666746423129,0.022283864035405696,7.245181294518936
WROL2019_181,CT-UNIO,2019-11-07,Connecticut,978.5736,6367.005748,5,73003731.0,9.26064,9.463406738133954e-06,8.4,4.075,11,0.6764733684528474,0.02404937528543532,9.431420228977386
WROL2019_182,CT-NEPA,2019-11-08,Connecticut,62.0703,7.573914382,3,73004283.0,0.359664,5.794462085731823e-06,4.6,3.753,11,0.405333702537307,0.018480444000833426,0.01438827848587867
WROL2019_183,CT-EBRA,2019-11-04,Connecticut,139.3335,16.81189732,3,73001057.0,4.6728,3.35368019894713e-05,5.8,3.947,11,0.5066687016416788,0.020083342770666226,0.027766261547306135
WROL2019_184,CT-SLPR,2019-11-04,Connecticut,120.4659,9.098926486,3,73001445.0,2.13816,1.7749089161331132e-05,3.9,2.592,11,0.4059489068849365,0.017605173175917047,0.016441742399121325
WROL2019_185,CT-PHEL,2019-11-08,Connecticut,7.8183,2.765008583,1,73004283.0,2.103228488,0.0002690135308187202,3.7,5.484,11,0.405333702537307,0.01736279755435861,0.004935057620648001
WROL2019_186,CT-BUNN,2019-11-08,Connecticut,10.5084,2.902994438,1,,0.1416,1.3474934338243692e-05,4.3,3.047,11,,0.01810012196283481,
WROL2019_188,GUN-R32,2020-02-14,Gunnison,5509.3851,1653.874478,6,77013519.0,9.26064,1.6808844965293858e-06,0.1,1.278,2,0.5045757676215096,0.01352847685817218,1.8476249453587177
WROL2019_189,EAS-ALM,2020-02-14,Gunnison,749.4102,33.74306341,4,77014019.0,1.75584,2.342962505714494e-06,0.8,0.722,2,0.466863210793505,0.014201067862031916,0.04276658935992229
WROL2019_190,EAS-RUS,2020-02-20,Gunnison,15.0255,1.52548547,1,77015865.0,0.036123083,2.404118531829224e-06,0.1,0.357,2,0.3626221052430421,0.01352847685817218,0.0023713270854127115
WROL2019_192,EAS-PUM,2020-02-15,Gunnison,86.7375,7.015940735,2,77015865.0,0.356503219,4.11013943219484e-06,0.1,0.471,2,0.3626221052430421,0.01352847685817218,0.010906095549081741
WROL2019_193,EAS-ROC,2020-02-20,Gunnison,4.6413,1.209772808,1,77015865.0,0.041156682,8.867490142847909e-06,0.1,0.973,2,0.3626221052430421,0.01352847685817218,0.001880560046767402
WROL2019_194,TAY-RES,2020-02-15,Gunnison,662.6592,10869.74142,5,77014098.0,2.77536,4.188216205253017e-06,2.5,1.759,2,0.3303980658751851,0.015977031889820574,21.901132709093204
WROL2019_195,GUN-GUN,2020-02-14,Gunnison,2645.9361,3385.753636,5,77013903.0,6.6552,2.5152534862803373e-06,0.0,1.089,2,0.5163890041590636,0.013435028842544404,3.6703352016798223
WROL2019_209,GUN-TUN,2019-10-20,Gunnison,10283.8923,5819.649746,6,77013467.0,12.036,1.17037398378822e-06,11.5,3.496,10,0.6122565372751906,0.029814195720076524,11.80797086855978
WROL2019_210,GUN-R32,2019-10-18,Gunnison,5509.3851,1652.755656,6,77013519.0,10.93152,1.98416335064325e-06,5.4,1.495,10,0.5371628706735883,0.019534162706465266,2.504299259199382
WROL2019_211,TAY-TAY,2019-10-18,Gunnison,331.3395,17.43868602,4,77014146.0,1.65672,5.000067906180821e-06,6.9,0.906,10,0.3550946599127173,0.02167451060150005,0.04435143494667349
WROL2019_212,GUN-GUN,2019-10-18,Gunnison,2645.9361,3384.628494,5,77013903.0,8.2128,3.103929834133183e-06,5.9,1.42,10,0.5522903383771293,0.02022303346661384,5.163909462559235
WROL2019_213,GUN-GRJ,2019-10-20,Gunnison,20481.6555,3296.905491,6,77013352.0,51.2592,2.502688320287391e-06,10.5,4.0,10,0.8482102377718406,0.02781762822296688,4.5051768590126775
WROL2019_215,TAY-RES,2019-10-18,Gunnison,662.6592,10869.1026,5,77014098.0,3.8232,5.769481507236298e-06,8.9,2.006,10,0.3601030342641058,0.024897474673308904,31.312011303712914
WROL2019_216,EAS-ALM,2019-10-18,Gunnison,749.4102,32.84134904,4,77014019.0,2.200464,2.9362610757099382e-06,9.9,1.03,10,0.4994165321901232,0.026684452639021947,0.07311477215357859
RC2_0001,T06,2021-04-20,Yakima,206.2035,17.9185943,3,78017752.0,15.23616,7.388894950861649e-05,4.3,1.0,4,0.655467596634691,0.01810012196283481,0.02061688123471758
RC2_0002,T05P,2021-04-20,Yakima,383.8644,50.86280385,4,78018214.0,132.36768,0.0003448292678352043,4.97,2.49,4,0.9584348932040816,0.01896053166098196,0.041925374448243444
RC2_0003,T41,2021-04-20,Yakima,2465.9001,23.00541749,6,,30.659232,1.2433282272870664e-05,7.9,2.94,4,,0.023230165276149302,
RC2_0004,T03,2021-04-21,Yakima,8977.0689,102.3336054,7,78018211.0,194.2752,2.1641273133149285e-05,8.0,1.85,4,1.0680317890858524,0.023391743853553408,0.09338679138537445
RC2_0005,T02,2021-04-21,Yakima,13461.462,153.7171554,7,78018972.0,163.9728,1.2180905758973284e-05,12.33,2.1,4,1.1784680609247176,0.03157974274055862,0.17163342475786506
RC2_0006,T07,2021-04-21,Yakima,14144.7249,169.5204046,7,78018963.0,186.912,1.3214254877449047e-05,13.57,2.16,4,1.255462252416101,0.03441409135467727,0.19361695526750863
RC2_0007,T06,2021-04-28,Yakima,206.2035,18.20223721,3,78017752.0,13.36704,6.482450588860034e-05,4.53,0.82,4,0.655467596634691,0.018390993510981012,0.02127979756570992
RC2_0008,T05P,2021-04-28,Yakima,383.8644,51.88158144,4,78018214.0,112.20384,0.00029230071869128785,5.13,1.75,4,0.9584348932040816,0.019171981043048944,0.04324205635075595
RC2_0009,T42,2021-04-28,Yakima,2465.9001,23.62773146,6,78017687.0,24.544944,9.953746301401263e-06,8.47,1.49,4,0.7089070902559226,0.024166347128127902,0.03356081307885806
RC2_0010,T03,2021-04-28,Yakima,8977.0689,101.7243533,7,78018211.0,204.1872,2.2745419721575268e-05,11.63,1.61,4,1.0680317890858524,0.030084062903108326,0.1193894646023975
RC2_0011,T02,2021-04-28,Yakima,13461.462,156.4470456,7,78018972.0,141.6,1.051891689030508e-05,13.33,1.87,4,1.1784680609247176,0.033846330223053875,0.1872189887650899
RC2_0012,T07,2021-04-28,Yakima,14144.7249,174.6020299,7,78018963.0,146.1312,1.0331144722369258e-05,15.13,1.98,4,1.255462252416101,0.03834396208609789,0.22219351218236957
RC2_0013,T06,2021-05-06,Yakima,206.2035,17.52301404,3,78017752.0,18.35136,8.899635554197675e-05,6.9,0.78,5,0.6785859749267195,0.02167451060150005,0.023320721790953434
RC2_0014,T05P,2021-05-06,Yakima,383.8644,50.19869473,4,78018214.0,147.6888,0.0003847421120583206,6.3,1.54,5,0.9706944628675538,0.020791580323954048,0.04480083733699584
RC2_0015,T42,2021-05-06,Yakima,2465.9001,22.94994648,6,78017687.0,31.282272,1.2685944576586862e-05,10.87,1.33,5,0.7333258411202042,0.028540278611877655,0.03721616810352271
RC2_0016,T03,2021-05-06,Yakima,8977.0689,101.4402722,7,78018211.0,209.0016,2.328171949309646e-05,13.57,1.66,5,1.0734017039958528,0.03441409135467727,0.13551057592335505
RC2_0017,T02,2021-05-06,Yakima,13461.462,157.8970615,7,78018972.0,131.1216,9.740517040422504e-06,14.4,1.83,5,1.1930440759283494,0.03645203653436004,0.20101483712254464
RC2_0018,T07,2021-05-06,Yakima,14144.7249,176.2121722,7,78018963.0,135.3696,9.570323987000978e-06,16.63,1.8,5,1.2693554280967472,0.04254528976886109,0.2460893983771202
RC2_0019,T06,2021-05-13,Yakima,206.2035,17.72490737,3,78017752.0,16.68048,8.089329230590169e-05,5.17,0.86,5,0.6785859749267195,0.019225210819511646,0.020923723100658258
RC2_0020,T05P,2021-05-13,Yakima,383.8644,52.31606934,4,78018214.0,104.67072,0.00027267628881448764,5.93,1.51,5,0.9706944628675538,0.020265129835803523,0.04550830952435071
RC2_0021,T42,2021-05-13,Yakima,2465.9001,23.43748958,6,78017687.0,26.255472,1.0647419171603913e-05,9.43,1.31,5,0.7333258411202042,0.025829136596228035,0.034396380951982865
RC2_0022,T03,2021-05-13,Yakima,8977.0689,106.3945466,7,78018211.0,140.4672,1.564733451026537e-05,13.77,1.64,5,1.0734017039958528,0.034894494167435106,0.14411286535600293
RC2_0023,T02,2021-05-13,Yakima,13461.462,167.4347376,7,78018972.0,80.4288,5.974744793693285e-06,18.73,1.91,5,1.1930440759283494,0.049211633956468145,0.2877700687614603
RC2_0024,T07,2021-05-13,Yakima,14144.7249,188.1350357,7,78018963.0,78.4464,5.545982728868767e-06,19.17,1.91,5,1.2693554280967472,0.050735635525244516,0.3133201304879308
RC2_0025,T06,2021-05-20,Yakima,206.2035,17.62297368,3,78017752.0,17.50176,8.487615389651485e-05,4.77,0.85,5,0.6785859749267195,0.0186994964186422,0.020234523540573524
RC2_0026,T05P,2021-05-20,Yakima,383.8644,51.79891659,4,78018214.0,113.7048,0.00029621084945621423,5.1,1.31,5,0.9706944628675538,0.01913215545107766,0.04253934349356065
RC2_0027,T42,2021-05-20,Yakima,2465.9001,23.55072921,6,78017687.0,25.221792,1.0228229440438404e-05,7.5,1.21,5,0.7333258411202042,0.0225949351850517,0.030234808902035625
RC2_0028,T03,2021-05-20,Yakima,8977.0689,104.3941189,7,78018211.0,164.5392,1.832883336787133e-05,9.9,1.56,5,1.0734017039958528,0.026684452639021947,0.10813363686094907
RC2_0029,T02,2021-05-20,Yakima,13461.462,160.358667,7,78018972.0,115.2624,8.562398348708335e-06,13.47,1.79,5,1.1930440759283494,0.03417637586161457,0.19140386996302355
RC2_0030,T07,2021-05-20,Yakima,14144.7249,177.6834874,7,78018963.0,126.3072,8.929632841427689e-06,14.6,1.81,5,1.2693554280967472,0.03696088800166685,0.21557330503377198
RC2_0031,T06,2021-05-27,Yakima,206.2035,17.75768919,3,78017752.0,16.4256,7.965723181226312e-05,5.63,0.77,5,0.6785859749267195,0.019848079494420398,0.021641572801343236
RC2_0032,T05P,2021-05-27,Yakima,383.8644,50.88635995,4,78018214.0,131.85792,0.00034350129889617275,5.97,1.24,5,0.9706944628675538,0.020321394669819647,0.04438754260530677
RC2_0033,T42,2021-05-27,Yakima,2465.9001,23.97153248,6,78017687.0,21.761088,8.82480518979662e-06,9.13,1.12,5,0.7333258411202042,0.02529758065149105,0.03445613476804342
RC2_0034,T03,2021-05-27,Yakima,8977.0689,101.741297,7,78018211.0,203.904,2.2713872676191667e-05,13.77,1.34,5,1.0734017039958528,0.034894494167435106,0.13780997526903419
RC2_0035,T02,2021-05-27,Yakima,13461.462,159.8463091,7,78018972.0,118.3776,8.793814520295047e-06,16.23,1.56,5,1.1930440759283494,0.04138188658277204,0.23101765361238363
RC2_0036,T07,2021-05-27,Yakima,14144.7249,179.1744388,7,78018963.0,117.8112,8.328984892452735e-06,17.4,1.58,5,1.2693554280967472,0.04487772113432215,0.26394434532419664
RC2_0037,T06,2021-06-03,Yakima,206.2035,16.39186605,3,78017752.0,32.0016,0.00015519426197906438,6.27,1.58,6,0.6578373168410167,0.020748390369167386,0.021541853065189326
RC2_0038,T05P,2021-06-03,Yakima,383.8644,49.23718287,4,78018214.0,173.51664,0.0004520258716359215,8.4,1.32,6,0.92762201963175,0.02404937528543532,0.05318812798469332
RC2_0039,T42,2021-06-03,Yakima,2465.9001,23.29594772,6,78017687.0,27.614832,1.1198682379711978e-05,12.43,1.51,6,0.7096617414508734,0.03179939722196887,0.04349472971540708
RC2_0040,T03,2021-06-03,Yakima,8977.0689,100.9879873,7,78018211.0,216.9312,2.4165036763837244e-05,16.53,1.59,6,1.03157350337468,0.042251407985650066,0.17234531515460363
RC2_0041,T02,2021-06-03,Yakima,13461.462,161.0828996,7,78018972.0,111.0144,8.246830841999182e-06,21.67,1.62,6,1.1485955536951673,0.0603351787508056,0.3525670078049164
RC2_0042,T07,2021-06-03,Yakima,14144.7249,182.0686142,7,78018963.0,103.0848,7.287861780896142e-06,23.47,1.58,6,1.2208771230074285,0.06835275172322915,0.42472506543591476
RC2_0043,T06,2021-06-10,Yakima,206.2035,18.62961404,3,78017752.0,11.01648,5.3425281336155785e-05,6.5,0.59,6,0.6578373168410167,0.021081819969289057,0.02487609520077445
RC2_0044,T05P,2021-06-10,Yakima,383.8644,53.48371031,4,78018214.0,87.084,0.0002268613604178976,9.73,1.05,6,0.92762201963175,0.02637186166129625,0.06335487315854209
RC2_0045,T42,2021-06-10,Yakima,2465.9001,25.76045282,6,78017687.0,11.945376,4.844225441249628e-06,13.37,1.08,6,0.7096617414508734,0.033940302389404896,0.05133417252018856
RC2_0046,T03,2021-06-10,Yakima,8977.0689,109.0464183,7,78018211.0,114.4128,1.2745006334974214e-05,15.77,1.39,6,1.03157350337468,0.04008324804858634,0.17654803637476185
RC2_0048,T07,2021-06-10,Yakima,14144.7249,200.7928053,7,78018963.0,45.5952,3.223477326165601e-06,19.5,1.69,6,1.2208771230074285,0.051909529756667024,0.355723080331019
RC2_0049,T02,2021-06-17,Yakima,13461.462,163.8574895,7,78018972.0,96.288,7.152863485407454e-06,17.83,1.63,6,1.1485955536951673,0.04623544962809457,0.2748292859915718
RC2_0050,T06,2021-06-17,Yakima,206.2035,18.16556295,3,78017752.0,13.5936,6.592322632739019e-05,7.7,0.7,6,0.6578373168410167,0.02291034872612445,0.02636032821340174
RC2_0051,T05P,2021-06-17,Yakima,383.8644,55.25737725,4,78018214.0,66.35376,0.00017285729023061266,11.2,1.1,6,0.92762201963175,0.02920062844447223,0.07247699438927696
RC2_0052,T42,2021-06-17,Yakima,2465.9001,25.95709112,6,78017687.0,11.211888,4.5467730018746505e-06,14.3,1.02,6,0.7096617414508734,0.036200243925669624,0.05517024140166132
RC2_0053,T03,2021-06-17,Yakima,8977.0689,105.1292345,7,78018211.0,155.1936,1.7287780870212545e-05,17.43,1.34,6,1.03157350337468,0.0449711388265977,0.1909615659946926
RC2_0054,T07,2021-06-17,Yakima,14144.7249,182.7402808,7,78018963.0,99.9696,7.067624199605325e-06,21.0,1.76,6,1.2208771230074285,0.05759722952739513,0.35921352835829834
RC2_0055,T06,2021-06-24,Yakima,206.2035,18.09422592,3,78017752.0,14.04672,6.812066720496985e-05,11.83,0.69,6,0.6578373168410167,0.03050402077120623,0.034959671966788244
RC2_0056,T05P,2021-06-24,Yakima,383.8644,53.8991089,4,78018214.0,81.64656,0.00021269635840156053,16.2,0.97,6,0.92762201963175,0.0412959247759902,0.09997847091457365
RC2_0057,T42,2021-06-24,Yakima,2465.9001,27.30547396,6,78017687.0,7.351872,2.981415183851122e-06,16.37,0.9,6,0.7096617414508734,0.04178541367395295,0.06699027968412131
RC2_0058,T03,2021-06-24,Yakima,8977.0689,105.2449315,7,78018211.0,153.7776,1.713004564329455e-05,17.13,1.23,6,1.03157350337468,0.044045646172369314,0.18723746615887643
RC2_0059,T02,2021-06-24,Yakima,13461.462,168.9853583,7,78018972.0,74.4816,5.532950284300472e-06,23.47,1.52,6,1.1485955536951673,0.06835275172322915,0.41901223787248737
RC2_0060,T07,2021-06-24,Yakima,14144.7249,189.3095673,7,78018963.0,74.4816,5.265680352680454e-06,22.47,1.51,6,1.2208771230074285,0.06377537242009715,0.41204283685761106
RC2_0061,T06,2021-07-08,Yakima,206.2035,20.72542341,3,78017752.0,4.5312,2.1974408775796727e-05,15.17,0.56,7,0.5864267245356132,0.03845042163902329,0.05662125913179548
RC2_0062,T05P,2021-07-08,Yakima,383.8644,64.10056724,4,78018214.0,19.2576,5.0167715474526944e-05,16.53,0.94,7,0.8340679327355082,0.042251407985650066,0.13529769340281456
RC2_0063,T42,2021-07-08,Yakima,2465.9001,30.59893805,6,78017687.0,2.84616,1.1542073419762626e-06,18.13,0.99,7,0.6337129959613758,0.047206954707808696,0.0949748211361069
RC2_0064,T03,2021-07-08,Yakima,8977.0689,109.5426435,7,78018211.0,110.1648,1.227180065422022e-05,17.4,1.29,7,0.9184137959968512,0.04487772113432215,0.22303055862624485
RC2_0065,T02,2021-07-08,Yakima,13461.462,188.6692186,7,78018972.0,29.736,2.2089725469640667e-06,24.9,1.89,7,1.017326082908727,0.07547502965321472,0.583220689499802
RC2_0066,T07,2021-07-08,Yakima,14144.7249,216.7277395,7,78018963.0,24.12864,1.7058401750888772e-06,24.97,1.89,7,1.0797143856406828,0.07584212664392784,0.6343148430814619
RC2_0067,T06,2021-07-15,Yakima,206.2035,21.63174959,3,78017752.0,3.17184,1.5382086143057707e-05,16.63,0.47,7,0.5864267245356132,0.04254528976886109,0.06539102386312583
RC2_0068,T05P,2021-07-15,Yakima,383.8644,65.62563599,4,78018214.0,15.83088,4.1240813162147885e-05,20.67,0.97,7,0.8340679327355082,0.05629471232477216,0.18455612517629658
RC2_0069,T42,2021-07-15,Yakima,2465.9001,31.45289813,6,78017687.0,2.262768,9.17623548496551e-07,19.87,1.04,7,0.6337129959613758,0.05325804306506835,0.1101392253409805
RC2_0070,T03,2021-07-15,Yakima,8977.0689,110.4557615,7,78018211.0,102.8016,1.1451577474246631e-05,18.27,1.26,7,0.9184137959968512,0.047667283771797804,0.23886864099276198
RC2_0071,T02,2021-07-15,Yakima,13461.462,190.9970969,7,78018972.0,26.84736,1.994386642401843e-06,25.2,1.88,7,1.017326082908727,0.07706092046404221,0.6028226159220237
RC2_0072,T07,2021-07-15,Yakima,14144.7249,221.4469246,7,78018963.0,20.16384,1.4255377989005642e-06,25.0,1.93,7,1.0797143856406828,0.076,0.6494760131870972
RC2_0073,T07,2021-07-22,Yakima,14144.7249,226.5906438,7,78018963.0,16.65216,1.177269979990915e-06,22.97,1.88,7,1.0797143856406828,0.06602440607144736,0.5773329532484259
RC2_0074,T02,2021-07-22,Yakima,13461.462,190.0060997,7,78018972.0,28.0368,2.082745544280406e-06,22.7,1.81,7,1.017326082908727,0.06480025177436471,0.5042812438278331
RC2_0075,T03,2021-07-22,Yakima,8977.0689,110.0607776,7,78018211.0,105.9168,1.1798594973466228e-05,16.3,1.21,7,0.9184137959968512,0.0415831606479081,0.20763493790068313
RC2_0076,T42,2021-07-22,Yakima,2465.9001,31.99471851,6,78017687.0,1.962576,7.9588625670602e-07,17.37,0.97,7,0.6337129959613758,0.04478449749684392,0.0942111150312339
RC2_0077,T05P,2021-07-22,Yakima,383.8644,66.32092074,4,78018214.0,14.49984,3.777333871023205e-05,18.0,0.92,7,0.8340679327355082,0.046783487707106816,0.15499956390381248
RC2_0078,T06,2021-07-22,Yakima,206.2035,22.14844652,3,78017752.0,2.60544,1.263528504608312e-05,14.8,0.44,7,0.5864267245356132,0.03747684277074765,0.05897680911623885
RC2_0079,T06,2021-07-29,Yakima,206.2035,22.64072644,3,78017752.0,2.169312,1.0520248201412682e-05,16.1,0.46,7,0.5864267245356132,0.041010672987168234,0.0659723961362532
RC2_0080,T05P,2021-07-29,Yakima,383.8644,66.83654532,4,78018214.0,13.5936,3.541250504084255e-05,19.1,1.09,7,0.8340679327355082,0.05049006093566744,0.168580455374731
RC2_0081,T42,2021-07-29,Yakima,2465.9001,32.62514469,6,78017687.0,1.668048,6.764458949492723e-07,18.5,1.07,7,0.6337129959613758,0.048433303838131964,0.1038945308315154
RC2_0082,T03,2021-07-29,Yakima,8977.0689,110.6397552,7,78018211.0,101.3856,1.1293842247328637e-05,18.43,1.24,7,0.9184137959968512,0.04819887317438295,0.2419348605975871
RC2_0083,T02,2021-07-29,Yakima,13461.462,186.2350686,7,78018972.0,33.1344,2.4614265523313885e-06,22.67,1.82,7,1.017326082908727,0.0646656434424971,0.4932460834052077
RC2_0084,T07,2021-07-29,Yakima,14144.7249,225.9517314,7,78018963.0,17.04864,1.2053002176097466e-06,23.73,1.85,7,1.0797143856406828,0.0695957601677776,0.6068457670049091
RC2_0085,T06,2021-08-12,Yakima,206.2035,23.24064218,3,78017752.0,1.744512,8.46014737868174e-06,14.87,0.37,8,0.5275559337673066,0.037659123404035,0.06912554636589512
RC2_0086,T05P,2021-08-12,Yakima,383.8644,63.74782078,4,78018214.0,20.16384,5.252854914391645e-05,17.77,0.75,8,0.7567781654570475,0.04604356109634923,0.16160485853156104
RC2_0087,T42,2021-08-12,Yakima,2465.9001,33.14731211,6,78017687.0,1.461312,5.926079487161706e-07,16.6,0.83,8,0.5714104526411283,0.04245691124674436,0.10262124784218475
RC2_0088,T03,2021-08-12,Yakima,8977.0689,111.1319354,7,78018211.0,97.704,1.088373065734184e-05,21.1,1.13,8,0.8149155558722079,0.057997849940501264,0.3295542539388291
RC2_0089,T02,2021-08-12,Yakima,13461.462,186.044967,7,78018972.0,33.4176,2.482464386111999e-06,23.0,1.66,8,0.8970429098043871,0.06616184281050543,0.5717432674162637
RC2_0090,T07,2021-08-12,Yakima,14144.7249,223.7164518,7,78018963.0,18.52128,1.309412528765406e-06,24.53,1.63,8,0.9509456255400666,0.07356397404392405,0.7211011339400261
RC2_0091,T06,2021-08-18,Yakima,206.2035,23.51807147,3,78017752.0,1.580256,7.663575060559109e-06,14.37,0.39,8,0.5275559337673066,0.036376315411421306,0.0675679369477698
RC2_0092,T05P,2021-08-18,Yakima,383.8644,63.74782078,4,78018214.0,20.16384,5.252854914391645e-05,17.33,0.84,8,0.7567781654570475,0.044660500479951286,0.15675055730177875
RC2_0093,T42,2021-08-18,Yakima,2465.9001,33.46982545,6,78017687.0,1.348032,5.466693480404985e-07,16.37,1.06,8,0.5714104526411283,0.04178541367395295,0.10198087436965397
RC2_0094,T03,2021-08-18,Yakima,8977.0689,110.9783128,7,78018211.0,98.8368,1.100991883887624e-05,18.3,1.25,8,0.8149155558722079,0.04776650823182948,0.2710427302209865
RC2_0095,T02,2021-08-18,Yakima,13461.462,180.4772796,7,78018972.0,43.0464,3.1977507346527443e-06,21.23,1.81,8,0.8970429098043871,0.05852282524194145,0.4905952741470587
RC2_0096,T07,2021-08-18,Yakima,14144.7249,209.9560991,7,78018963.0,31.4352,2.22239741120734e-06,21.83,1.81,8,0.9509456255400666,0.061008041542412454,0.5612400467473758
RC2_0097,T07,2021-09-07,Yakima,14144.7249,201.710009,7,78018963.0,43.896,3.1033477363706103e-06,19.9,1.79,9,0.9123692324296928,0.05336890527804389,0.49162489909587925
RC2_0098,T02,2021-09-07,Yakima,13461.462,181.0557663,7,78018972.0,41.9136,3.113599399530304e-06,20.6,1.76,9,0.8624061614665609,0.05602223025706184,0.49006045924359337
RC2_0099,T03,2021-09-08,Yakima,8977.0689,114.1479403,7,78018211.0,78.1632,8.706984525873473e-06,16.8,1.42,9,0.7869041774010201,0.04304958764124035,0.2601980171758813
RC2_0100,T42,2021-09-08,Yakima,2465.9001,34.07471397,6,78017687.0,1.16112,4.708706569256394e-07,19.07,1.0,9,0.5461809064034642,0.050385178891349004,0.1309746565439981
RC2_0101,T06,2021-09-16,Yakima,206.2035,24.47657295,3,78017752.0,1.1328,5.493602193949182e-06,9.43,0.44,9,0.5037715866939106,0.025829136596228035,0.05228963241407272
RC2_0103,T42,2021-09-16,Yakima,2465.9001,34.17583095,6,78017687.0,1.1328,4.5938600675672156e-07,16.6,1.0,9,0.5461809064034642,0.04245691124674436,0.11069288920699612
RC2_0104,T03,2021-09-16,Yakima,8977.0689,115.5668425,7,78018211.0,70.5168,7.855214300516286e-06,15.0,1.38,9,0.7869041774010201,0.038,0.2325325487058421
RC2_0105,T02,2021-09-16,Yakima,13461.462,175.9319939,7,78018972.0,53.2416,3.95511275075471e-06,17.7,1.74,9,0.8624061614665609,0.0458206974522489,0.3894784453492572
RC2_0106,T07,2021-09-16,Yakima,14144.7249,194.4916395,7,78018963.0,59.472,4.204535642824698e-06,17.9,1.93,9,0.9123692324296928,0.0464603305522986,0.41266853829766137
RC2_0107,T06,2021-09-23,Yakima,206.2035,24.21145651,3,78017752.0,1.240416,6.015494402374353e-06,8.97,0.45,9,0.5037715866939106,0.02501857151912562,0.050100091016519646
RC2_0108,T05P,2021-09-23,Yakima,383.8644,62.549381,4,78018214.0,23.61888,6.152922750846393e-05,11.23,0.84,9,0.7247408361217078,0.029261412620970716,0.10522630731131803
RC2_0109,T42,2021-09-23,Yakima,2465.9001,33.97632224,6,78017687.0,1.18944,4.823553070945576e-07,15.03,0.99,9,0.5461809064034642,0.03807910099302604,0.09869957850198957
RC2_0110,T03,2021-09-23,Yakima,8977.0689,117.6209151,7,78018211.0,60.888,6.782614757473901e-06,14.4,1.5,9,0.7869041774010201,0.03645203653436004,0.22702477726231596
RC2_0111,T02,2021-09-23,Yakima,13461.462,179.9155972,7,78018972.0,44.1792,3.281902069775185e-06,15.93,1.63,9,0.8624061614665609,0.04053025967160705,0.35231011206907414
RC2_0112,T07,2021-09-23,Yakima,14144.7249,202.1836451,7,78018963.0,43.0464,3.0432829414731145e-06,15.9,1.66,9,0.9123692324296928,0.04044606693322768,0.37345686336245776
RC2_0113,T06,2021-09-30,Yakima,206.2035,24.04449455,3,78017752.0,1.314048,6.372578544981051e-06,9.07,0.8,9,0.5037715866939106,0.025192589445674502,0.05010067191381674
RC2_0114,T05P,2021-09-30,Yakima,383.8644,63.99950804,4,78018214.0,19.51248,5.083169994404274e-05,10.77,1.0,9,0.7247408361217078,0.028343136507137844,0.10428709491487133
RC2_0115,T42,2021-09-30,Yakima,2465.9001,33.74139861,6,78017687.0,1.26024,5.110669325168526e-07,14.2,1.23,9,0.5461809064034642,0.035950190575572645,0.09253723568620222
RC2_0116,T03,2021-09-30,Yakima,8977.0689,119.9176305,7,78018211.0,51.8256,5.773109305198716e-06,13.53,1.64,9,0.7869041774010201,0.03431880738576925,0.2179124950172752
RC2_0117,T02,2021-09-30,Yakima,13461.462,178.1957583,7,78018972.0,47.8608,3.555393908923117e-06,15.03,1.87,9,0.8624061614665609,0.03807910099302604,0.32783925660655105
RC2_0118,T07,2021-09-30,Yakima,14144.7249,201.5544081,7,78018963.0,44.1792,3.123369334669775e-06,15.5,1.98,9,0.9123692324296928,0.03934006710597235,0.36211417384178196
RC2_0119,T06,2021-10-07,Yakima,206.2035,24.25156446,3,78017752.0,1.223424,5.933090369465117e-06,5.8,0.81,10,0.5288569178164727,0.020083342770666226,0.03837305086427516
RC2_0120,T05P,2021-10-07,Yakima,383.8644,63.73172374,4,78018214.0,20.20632,5.263921322216908e-05,6.83,1.04,10,0.7627047485657139,0.021569599940775227,0.07509829257831563
RC2_0121,T42,2021-10-07,Yakima,2465.9001,34.07471397,6,78017687.0,1.16112,4.708706569256394e-07,11.83,1.15,10,0.5722310440279417,0.03050402077120623,0.0756844484380914
RC2_0122,T03,2021-10-07,Yakima,8977.0689,120.3169375,7,78018211.0,50.4096,5.615374078280718e-06,11.33,1.75,10,0.8630946142112079,0.02946494184118618,0.17114440620486845
RC2_0123,T02,2021-10-07,Yakima,13461.462,184.0657571,7,78018972.0,36.5328,2.7138805576987108e-06,15.3,1.89,10,0.9407704214474308,0.03879846077687334,0.3162952004726029
RC2_0124,T07,2021-10-07,Yakima,14144.7249,215.1353953,7,78018963.0,25.65792,1.8139568059043693e-06,13.7,1.79,10,0.9921900128818056,0.03472559510871722,0.31372958362091014
RC2_0125,T06,2021-10-13,Yakima,206.2035,24.41130589,3,78017752.0,1.158288,5.617208243313039e-06,5.17,0.47,10,0.5288569178164727,0.019225210819511646,0.03697538394478216
RC2_0126,T05P,2021-10-13,Yakima,383.8644,64.19510306,4,78018214.0,19.022544,4.955537424152904e-05,5.83,0.8,10,0.7627047485657139,0.02012514835899365,0.07057864218498411
RC2_0127,T42,2021-10-13,Yakima,2465.9001,33.97632224,6,78017687.0,1.18944,4.823553070945576e-07,10.43,0.95,10,0.5722310440279417,0.027682983164062206,0.06848675652684626
RC2_0128,T03,2021-10-13,Yakima,8977.0689,120.8130242,7,78018211.0,48.7104,5.42609180597912e-06,9.63,1.4,10,0.8630946142112079,0.026189697906536986,0.15274767074951615
RC2_0129,T02,2021-10-13,Yakima,13461.462,184.4112111,7,78018972.0,35.9664,2.6718048901374905e-06,11.17,1.59,10,0.9407704214474308,0.02913997053378875,0.2380025072644931
RC2_0130,T07,2021-10-13,Yakima,14144.7249,215.5088342,7,78018963.0,25.28976,1.7879287281154547e-06,11.63,1.73,10,0.9921900128818056,0.030084062903108326,0.2722672925579307
RC2_0131,T06,2021-10-21,Yakima,206.2035,24.38281275,3,78017752.0,1.169616,5.6721442652525296e-06,6.73,0.56,10,0.5288569178164727,0.021420607830763008,0.04114965158291391
RC2_0132,T05P,2021-10-21,Yakima,383.8644,70.18474928,4,78018214.0,9.045408,2.356407106259398e-05,7.5,0.77,10,0.7627047485657139,0.0225949351850517,0.08663355992510423
RC2_0133,T42,2021-10-21,Yakima,2465.9001,34.00556188,6,78017687.0,1.180944,4.789099120438821e-07,9.07,0.92,10,0.5722310440279417,0.025192589445674502,0.06237924409009109
RC2_0134,T03,2021-10-21,Yakima,8977.0689,123.0115139,7,78018211.0,41.9136,4.668962716772732e-06,10.23,1.31,10,0.8630946142112079,0.0273018633543372,0.16213187446900357
RC2_0135,T02,2021-10-21,Yakima,13461.462,173.611085,7,78018972.0,59.472,4.4179450939281335e-06,11.8,1.46,10,0.9407704214474308,0.030440655348405638,0.23406504050056146
RC2_0136,T07,2021-10-21,Yakima,14144.7249,193.1990095,7,78018963.0,62.8704,4.44479482241468e-06,12.07,1.68,10,0.9921900128818056,0.031015715753734262,0.2516405411579845
RC2_0137,T06,2021-10-28,Yakima,206.2035,22.14555934,3,78017752.0,2.608272,1.264901905156799e-05,7.6,0.87,10,0.5288569178164727,0.022752095387759644,0.03969708547692536
RC2_0138,T05P,2021-10-28,Yakima,383.8644,67.91614508,4,78018214.0,11.8944,3.098594191073723e-05,8.03,1.52,10,0.7627047485657139,0.023440436226380434,0.0869703113865003
RC2_0139,T42,2021-10-28,Yakima,2465.9001,32.18844762,6,78017687.0,1.866288,7.568384461316985e-07,8.67,1.03,10,0.5722310440279417,0.02450369676246183,0.057431344673221474
RC2_0140,T03,2021-10-28,Yakima,8977.0689,122.1431767,7,78018211.0,44.4624,4.952886125225128e-06,9.8,1.26,10,0.8630946142112079,0.026500129660657706,0.15625990700687276
RC2_0141,T02,2021-10-28,Yakima,13461.462,174.9475317,7,78018972.0,55.7904,4.144453254780201e-06,11.2,1.45,10,0.9407704214474308,0.02920062844447223,0.22625861359589103
RC2_0142,T07,2021-10-28,Yakima,14144.7249,194.8277482,7,78018963.0,58.6224,4.144470847927202e-06,11.23,1.54,10,0.9921900128818056,0.029261412620970716,0.23940874295239065
RC2_0143,T06,2021-11-04,Yakima,206.2035,21.00668316,3,78017752.0,4.04976,1.963962784336832e-05,6.53,0.89,11,0.6197236304819955,0.021125703992825033,0.029837290129638636
RC2_0144,T05P,2021-11-04,Yakima,383.8644,66.11260952,4,78018214.0,14.884992,3.877669301972259e-05,6.73,1.33,11,0.8847775397697044,0.021420607830763008,0.06669154191972083
RC2_0145,T42,2021-11-04,Yakima,2465.9001,32.00581688,6,78017687.0,1.956912,7.935893266722363e-07,7.73,0.98,11,0.6653506115282987,0.022958039024408905,0.04601526249266557
RC2_0146,T03,2021-11-04,Yakima,8977.0689,121.5054918,7,78018211.0,46.4448,5.173715442910324e-06,8.83,1.27,11,1.0465184080250147,0.024776963969912642,0.11986320424424375
RC2_0147,T02,2021-11-04,Yakima,13461.462,174.9475317,7,78018972.0,55.7904,4.144453254780201e-06,9.0,1.31,11,1.1489298696291808,0.02507065030468499,0.1590628123054375
RC2_0148,T07,2021-11-04,Yakima,14144.7249,194.9409985,7,78018963.0,58.3392,4.124449249628037e-06,8.73,1.39,11,1.2139225141544228,0.024605816978234073,0.16464129281713977
RC2_0149,T06,2021-11-18,Yakima,206.2035,18.57855109,3,78017752.0,11.27136,5.466134182979435e-05,3.4,0.87,11,0.6197236304819955,0.017005476347631474,0.02124180142529388
RC2_0150,T05P,2021-11-18,Yakima,383.8644,54.06132236,4,78018214.0,79.627344,0.00020743612588195208,2.83,1.63,11,0.8847775397697044,0.016346699981617356,0.04161706274110643
RC2_0151,T42,2021-11-18,Yakima,2465.9001,26.46842342,6,78017687.0,9.52968,3.86458478184092e-06,4.47,1.43,11,0.6653506115282987,0.01831466634707222,0.03035744959568799
RC2_0152,T03,2021-11-18,Yakima,8977.0689,105.3383515,7,78018211.0,152.6448,1.700385746176015e-05,4.7,1.48,11,1.0465184080250147,0.01860898565415161,0.07804608184878294
RC2_0153,T02,2021-11-18,Yakima,13461.462,148.1360024,7,78018972.0,223.1616,1.6577813019120804e-05,5.7,2.01,11,1.1489298696291808,0.01994461698883828,0.10714738080137721
RC2_0154,T07,2021-11-18,Yakima,14144.7249,165.3317974,7,78018963.0,230.2416,1.6277559417221327e-05,6.13,2.01,11,1.2139225141544228,0.02054802050618874,0.11660687851737407
RC2_0155,T06,2021-12-02,Yakima,206.2035,19.18146744,3,78017752.0,8.6376,4.188871672886252e-05,4.73,0.72,12,0.6393107214722911,0.018647722213216106,0.023312260666667108
RC2_0156,T05P,2021-12-02,Yakima,383.8644,58.15536058,4,78018214.0,43.338096,0.00011289949263333616,5.1,1.66,12,0.9131459907278529,0.01913215545107766,0.050769419230688485
RC2_0157,T42,2021-12-02,Yakima,2465.9001,26.64562338,6,78017687.0,9.014256,3.6555641487666103e-06,5.97,1.28,12,0.686440454309399,0.020321394669819647,0.03286739497511064
RC2_0158,T03,2021-12-02,Yakima,8977.0689,109.7128312,7,78018211.0,108.7488,1.2114065427302224e-05,7.8,1.32,12,1.0793189180084666,0.02306970280350589,0.09770986002085415
RC2_0159,T02,2021-12-02,Yakima,13461.462,157.6129957,7,78018972.0,133.104,9.887781876886776e-06,8.8,1.55,12,1.1849441351444243,0.024725495253396738,0.1370338644902658
RC2_0160,T07,2021-12-02,Yakima,14144.7249,172.4927792,7,78018963.0,161.7072,1.1432332628823345e-05,8.53,1.56,12,1.2542096359664738,0.024267061424712407,0.13906144382780197
RC2_0163,T42,2021-12-13,Yakima,2465.9001,29.07578987,6,78017687.0,4.355616,1.7663391959795942e-06,1.6,0.92,12,0.686440454309399,0.015010784925404164,0.02649237001881873
RC2_0164,T03,2021-12-13,Yakima,8977.0689,117.1695636,7,78018211.0,62.8704,7.003444075159097e-06,2.83,0.96,12,1.0793189180084666,0.016346699981617356,0.07394075371625583
RC2_0165,T02,2021-12-13,Yakima,13461.462,173.611085,7,78018972.0,59.472,4.4179450939281335e-06,4.7,1.06,12,1.1849441351444243,0.01860898565415161,0.1136033229452953
RC2_0166,T07,2021-12-13,Yakima,14144.7249,183.9575753,7,78018963.0,94.5888,6.687213831921186e-06,4.23,1.11,12,1.2542096359664738,0.01801251233744426,0.1100805505859547
RC2_0167,T07,2021-12-13,Yakima,14144.7249,193.7278615,7,78018963.0,61.4544,4.344686830918854e-06,4.23,1.03,12,1.2542096359664738,0.01801251233744426,0.11592710777461292
RC2_0177,T02,2022-01-13,Yakima,13461.462,165.3661061,7,78018972.0,89.208,6.6269176408922e-06,2.7,2.33,1,1.1890002731210187,0.01620006294359118,0.09387933530230251
RC2_0178,T07,2022-01-13,Yakima,14144.7249,185.1143733,7,78018963.0,89.7744,6.346846660835376e-06,2.3,1.08,1,1.2583510463527232,0.01575707137047439,0.09658342162159804
RC2_0179,T03,2022-01-27,Yakima,8977.0689,112.2664675,7,78018211.0,89.7744,1.0000413386601055e-05,1.6,0.98,1,1.0849654927541683,0.015010784925404164,0.06471817956545874
RC2_0183,T02,2022-01-27,Yakima,13461.462,162.203253,7,78018972.0,104.784,7.78399849882576e-06,2.2,1.13,1,1.1890002731210187,0.01564822932808389,0.0889470534645982
RC2_0184,T07,2022-01-27,Yakima,14144.7249,177.3048234,7,78018963.0,128.5728,9.089805627821011e-06,2.73,1.16,1,1.2583510463527232,0.016233785076904927,0.09530754568703542
RC2_0187,T42,2022-02-10,Yakima,2465.9001,28.31197293,6,78017687.0,5.43744,2.205052832432263e-06,4.6,1.24,2,0.6828842541884488,0.018480444000833426,0.03192450667132564
RC2_0188,T03,2022-02-10,Yakima,8977.0689,111.3661498,7,78018211.0,96.0048,1.0694448385040244e-05,5.8,2.81,2,1.0686830332077475,0.020083342770666226,0.08720252287096897
RC2_0189,T02,2022-02-10,Yakima,13461.462,167.8643183,7,78018972.0,78.7296,5.8485177910096255e-06,7.67,1.56,2,1.171565441105099,0.022862757493990544,0.13649263151584423
RC2_0190,T07,2022-02-10,Yakima,14144.7249,183.8915933,7,78018963.0,94.872,6.7072354302203504e-06,7.13,1.21,2,1.2423338404088469,0.02202282308618466,0.13582674984224802
RC2_0191,T07,2022-03-01,Yakima,14144.7249,183.0533762,7,78018963.0,98.5536,6.967516208109499e-06,7.53,1.38,3,1.2292408035417193,0.02264196891690688,0.14048945367042406
RC2_0192,T02,2022-03-01,Yakima,13461.462,161.5324997,7,78018972.0,108.4656,8.057490337973691e-06,7.97,1.46,3,1.1558165251601067,0.023343152628467343,0.1359312411353751
RC2_0193,T42,2022-03-01,Yakima,2465.9001,23.47754806,6,78017687.0,25.88448,1.0496970254391085e-05,4.17,3.36,3,0.6834705032345526,0.01793775596385475,0.025673780954269105
RC2_0194,T03,2022-03-01,Yakima,8977.0689,101.473311,7,78018211.0,208.4352,2.3218625402329262e-05,5.63,2.82,3,1.0579316065307225,0.019848079494420398,0.07932343053720345
RC2_0195,T05P,2022-03-10,Yakima,383.8644,54.26035575,4,78018214.0,77.225808,0.0002011799166580699,1.2,1.65,3,0.927667615822412,0.014600314222236116,0.03558288866292846
RC2_0196,T42,2022-03-10,Yakima,2465.9001,26.16530277,6,78017687.0,10.489728,4.25391442256724e-06,2.63,1.72,3,0.6834705032345526,0.016121650132412027,0.025716048636472085
RC2_0197,T03,2022-03-10,Yakima,8977.0689,107.0842073,7,78018211.0,133.104,1.4827111330291786e-05,3.9,1.75,3,1.0579316065307225,0.017605173175917047,0.07425007448041936
RC2_0198,T02,2022-03-10,Yakima,13461.462,154.7016997,7,78018972.0,155.4768,1.154977074555498e-05,5.3,1.82,3,1.1558165251601067,0.01939923038843667,0.10818808783785
RC2_0199,T07,2022-03-10,Yakima,14144.7249,170.6980999,7,78018963.0,176.4336,1.2473455740379936e-05,6.27,1.66,3,1.2292408035417193,0.020748390369167386,0.12005075279649123
RC2_0200,T06,2022-03-24,Yakima,206.2035,19.42977369,3,78017752.0,7.75968,3.763117502855189e-05,3.8,0.87,3,0.6324138643978257,0.017483565361872625,0.022381290256748152
RC2_0201,T05P,2022-03-24,Yakima,383.8644,56.53299668,4,78018214.0,54.861504,0.00014291896826066703,3.03,2.33,3,0.927667615822412,0.01657489140964441,0.04208710574467978
RC2_0202,T42,2022-03-24,Yakima,2465.9001,25.08695741,6,78017687.0,14.89632,6.040925988850887e-06,5.3,2.0,3,0.6834705032345526,0.01939923038843667,0.02966890208613695
RC2_0203,T03,2022-03-24,Yakima,8977.0689,109.3416234,7,78018211.0,111.864,1.2461082926521818e-05,8.67,1.81,3,1.0579316065307225,0.02450369676246183,0.10552328267920245
RC2_0204,T02,2022-03-24,Yakima,13461.462,162.0461461,7,78018972.0,105.6336,7.84711200016759e-06,11.53,1.77,3,1.1558165251601067,0.029876257101332605,0.17452785605732535
RC2_0205,T07,2022-03-24,Yakima,14144.7249,178.8668087,7,78018963.0,119.5104,8.449114482247726e-06,11.77,1.74,3,1.2292408035417193,0.03037742155339395,0.18417575419095406
RC2_0206,T06,2022-04-07,Yakima,206.2035,19.40440084,3,78017752.0,7.84464,3.804319519309808e-05,3.27,0.72,4,0.655467596634691,0.016852929797890846,0.020788022601832202
RC2_0207,T05P,2022-04-07,Yakima,383.8644,55.42878833,4,78018214.0,64.663056,0.00016845285991615787,2.9,1.71,4,0.9584348932040816,0.01642620739484944,0.03958209973406087
RC2_0208,T42,2022-04-07,Yakima,2465.9001,25.60307123,6,78017687.0,12.571248,5.098036209982716e-06,5.37,1.43,4,0.7089070902559226,0.019493584761405672,0.029334805531082447
RC2_0209,T03,2022-04-07,Yakima,8977.0689,107.8471622,7,78018211.0,125.4576,1.3975341104934596e-05,8.77,1.58,4,1.0680317890858524,0.02467413345186779,0.10381382915912002
RC2_0210,T02,2022-04-07,Yakima,13461.462,159.3043196,7,78018972.0,121.776,9.04626852566237e-06,10.43,1.72,4,1.1784680609247176,0.027682983164062206,0.15592343086741295
RC2_0211,T07,2022-04-07,Yakima,14144.7249,175.517336,7,78018963.0,139.9008,9.890669559787622e-06,10.9,1.75,4,1.255462252416101,0.02859968820081028,0.1665967081638823
