sample,NA,Lignin,Other,Tannin,Protein,Lignin_Amino Sugar,Lipid_Protein,Lipid,Cond_Hydrocarbon,Unsat_Hydrocarbon,Amino_Sugar,Carbohydrate,Tannin_Cond Hydrocarbon,Unsat Hydrocarbon_Cond Hydrocarbon,Protein_Amino Sugar,Carbohydrate_Amino Sugar,Protein_Lignin,Protein_Lignin_Amino Sugar,Lignin_Tannin
RC2_0003,2146,2277,691,462,837,84,8,120,366,132,163,94,22,8,20,11,2,1,10
RC2_0004,1854,2364,676,502,733,94,5,103,419,120,161,109,22,8,21,10,2,1,9
RC2_0005,1932,2291,614,432,887,86,9,124,365,115,155,83,23,7,23,13,2,1,10
RC2_0006,2007,2300,655,459,927,88,9,146,399,112,167,95,24,8,23,13,3,1,9
RC2_0007,2045,2098,600,402,738,85,7,131,323,113,145,76,19,10,21,11,2,1,9
RC2_0008,1837,2449,694,516,761,95,7,97,443,127,159,82,24,8,21,14,4,1,11
RC2_0009,1771,2474,599,524,701,88,4,84,429,108,163,89,26,8,20,10,3,1,9
RC2_0010,1807,2301,618,487,789,94,5,109,383,116,170,90,23,9,22,10,3,1,9
RC2_0011,1833,2472,670,481,783,93,6,133,427,127,164,93,24,9,23,12,4,1,9
RC2_0012,1807,2383,628,468,876,96,4,114,408,121,168,92,24,7,21,12,3,1,9
RC2_0013,2179,2064,695,456,749,87,6,127,335,107,157,119,19,8,21,16,3,1,9
RC2_0014,1803,2445,694,520,706,86,4,109,438,151,155,92,25,7,23,10,2,1,9
RC2_0015,2016,2387,697,527,701,89,6,99,435,137,161,96,26,8,20,11,3,1,9
RC2_0016,1887,2430,687,505,877,91,8,128,426,135,170,84,23,5,22,16,4,1,10
RC2_0017,1952,2470,737,510,851,91,7,130,429,123,173,104,24,11,20,15,4,1,10
RC2_0018,1691,2482,687,501,857,92,8,112,452,127,170,101,24,5,21,13,2,1,9
RC2_0019,1779,1882,504,340,735,78,9,111,266,94,150,75,18,6,19,7,4,1,10
RC2_0020,1954,2348,653,534,691,92,5,93,439,136,153,82,26,8,19,10,2,1,9
RC2_0021,2070,2334,749,495,746,86,6,111,440,122,162,92,25,13,17,10,2,1,9
RC2_0022,1796,2340,634,450,870,87,5,126,394,116,164,93,24,7,24,13,2,1,9
RC2_0023,1930,2217,632,397,959,86,11,179,366,131,161,104,21,6,21,15,2,1,10
RC2_0024,2040,2318,662,497,845,90,8,123,396,111,164,121,21,8,22,13,3,1,9
RC2_0025,2162,2055,665,427,758,91,8,152,300,123,160,109,20,11,20,15,4,1,9
RC2_0026,1924,2351,664,482,678,89,6,111,407,135,146,77,25,7,20,9,2,1,9
RC2_0027,2137,2148,651,420,692,85,6,145,355,131,138,91,22,9,21,9,3,1,9
RC2_0028,1845,2306,635,463,836,87,8,125,399,131,164,92,23,6,24,13,2,1,9
RC2_0029,1889,2195,618,418,912,88,8,154,377,117,173,84,24,8,23,13,3,1,9
RC2_0030,2115,2292,691,465,937,89,8,162,397,113,168,117,24,9,24,17,2,1,9
RC2_0031,1976,1879,596,364,971,84,11,166,292,153,171,88,18,6,26,18,3,1,9
RC2_0032,1696,2195,737,460,866,90,7,200,335,147,176,88,24,10,23,17,4,1,11
RC2_0033,2008,2098,646,432,965,83,11,171,349,136,173,103,23,8,27,13,3,1,9
RC2_0034,1817,2120,601,429,968,87,12,170,370,104,177,101,22,6,26,19,3,1,10
RC2_0035,1645,2326,628,425,1031,91,12,182,370,120,178,82,23,7,28,14,4,1,9
RC2_0036,1724,2195,623,458,940,89,11,135,419,123,186,127,23,9,28,21,4,1,9
RC2_0037,1841,2273,747,586,883,95,11,112,476,129,189,138,26,11,24,19,3,1,10
RC2_0038,1876,2288,666,450,889,83,11,161,381,133,170,79,23,7,22,11,4,1,9
RC2_0039,1966,2240,747,515,930,89,12,207,453,160,169,110,23,5,24,18,4,1,9
RC2_0040,1913,2164,647,455,948,91,10,176,423,154,170,84,23,7,24,14,4,1,9
RC2_0041,2262,2202,620,428,960,93,13,155,425,122,171,105,23,6,25,16,3,1,9
RC2_0042,1799,2088,549,413,943,92,11,165,400,105,178,123,21,7,27,20,3,1,8
RC2_0043,2276,1698,540,316,917,72,9,260,298,104,152,96,20,5,21,11,3,1,10
RC2_0044,1977,1818,537,388,849,75,10,222,391,124,140,92,23,6,21,8,2,1,10
RC2_0045,2075,2035,588,453,938,82,12,220,419,107,165,97,26,8,21,11,2,1,11
RC2_0046,1937,2028,609,507,938,86,11,237,447,107,183,140,24,11,23,15,2,1,9
RC2_0048,1840,2096,608,478,929,91,11,216,470,99,170,132,25,8,22,13,3,1,9
RC2_0049,1980,2091,577,464,1001,83,14,287,465,124,169,118,24,7,28,15,4,1,9
RC2_0050,2225,1833,643,371,1107,80,14,344,332,151,173,130,20,9,24,17,2,1,10
RC2_0051,2137,2011,716,467,981,78,18,394,436,147,161,91,26,8,21,8,2,1,10
RC2_0052,2186,1986,627,440,973,80,13,282,421,126,164,104,21,6,23,14,2,1,9
RC2_0053,1999,1981,569,483,972,84,13,289,461,132,163,99,24,5,21,13,3,1,9
RC2_0054,1857,2205,635,482,965,85,10,216,477,118,181,130,25,10,26,12,4,1,9
RC2_0055,2310,1925,613,424,1052,76,19,408,420,143,159,103,24,5,24,15,2,1,9
RC2_0056,2239,2018,660,439,891,79,10,250,454,131,154,116,23,7,22,9,4,1,9
RC2_0057,1937,1924,592,408,886,79,9,377,378,131,154,91,22,8,22,10,2,1,10
RC2_0058,2160,1980,684,408,1036,76,18,432,441,171,161,103,23,9,22,16,4,1,9
RC2_0059,1907,2061,668,438,1029,79,17,429,466,152,173,120,24,9,24,14,3,1,10
RC2_0060,1969,2257,651,484,959,87,13,240,513,110,176,141,25,10,27,13,3,1,9
RC2_0061,2345,1521,570,302,1026,71,15,357,300,140,169,134,17,10,27,16,2,1,9
RC2_0062,1999,1994,612,464,897,72,12,264,456,137,152,110,26,6,21,11,3,1,9
RC2_0063,2305,1938,678,420,1041,77,12,298,388,133,162,107,21,7,25,15,3,1,10
RC2_0064,2048,1942,562,448,964,83,13,252,422,102,165,108,23,6,23,16,2,1,9
RC2_0065,1808,1947,622,409,1177,85,19,434,402,121,184,134,24,4,30,20,3,1,8
RC2_0066,1740,2161,558,455,912,88,9,186,493,88,163,133,25,7,24,16,2,1,12
RC2_0067,2823,1400,501,258,949,58,13,394,239,126,138,102,18,7,24,12,2,1,9
RC2_0068,2316,1844,621,464,901,81,10,297,394,131,162,129,23,9,24,12,3,1,10
RC2_0069,2140,1964,643,453,936,80,12,330,434,140,167,114,23,5,24,15,4,1,9
RC2_0070,2201,1918,622,445,931,78,10,265,462,120,162,117,28,6,25,13,3,1,9
RC2_0071,1804,2120,624,471,998,84,13,331,476,111,168,132,27,5,25,12,3,1,11
RC2_0072,1963,2117,632,425,921,82,11,221,466,105,172,164,22,8,26,15,4,1,9
RC2_0073,1907,2133,541,426,985,77,10,241,465,97,163,114,22,9,26,9,4,1,10
RC2_0074,1900,2066,550,440,970,80,10,265,429,105,164,124,28,7,26,15,3,1,9
RC2_0075,1944,1938,628,456,961,89,9,225,443,130,181,151,24,6,23,18,3,1,9
RC2_0076,2191,1999,634,432,922,82,9,269,417,142,161,117,22,9,22,15,2,1,11
RC2_0077,2239,1988,607,452,936,74,12,318,410,148,155,119,22,9,21,14,2,1,9
RC2_0078,2452,1450,514,283,956,70,15,306,263,126,164,136,17,9,25,15,3,1,9
RC2_0079,2569,1470,506,271,974,64,15,330,228,113,151,103,18,6,23,12,2,1,9
RC2_0080,2401,1832,556,393,955,76,16,312,340,125,154,104,22,6,24,10,3,1,9
RC2_0081,1998,1857,568,412,967,79,11,249,392,126,163,108,24,7,23,16,3,1,9
RC2_0082,2133,2054,690,521,1008,94,14,268,479,122,193,163,29,7,27,20,3,1,10
RC2_0083,1757,2068,589,440,1065,86,17,307,429,114,170,133,23,8,32,19,3,1,9
RC2_0084,1662,2248,585,467,1041,83,13,244,465,137,177,138,24,6,28,14,5,1,11
RC2_0085,2437,1382,572,247,1018,64,17,513,220,149,165,117,15,9,28,16,2,1,10
RC2_0086,2193,1878,565,428,974,78,12,298,354,124,160,109,23,10,25,15,2,1,11
RC2_0087,2294,2044,672,444,1012,79,15,323,450,146,161,110,25,10,24,11,3,1,10
RC2_0088,2000,1956,585,427,1016,78,14,323,429,125,161,104,25,9,26,15,3,1,9
RC2_0089,1986,2170,569,431,1006,84,15,286,481,108,166,133,23,6,24,15,5,1,11
RC2_0090,1790,2113,557,449,948,81,13,230,481,94,164,130,27,4,24,11,3,1,10
RC2_0091,2594,1233,446,222,755,60,7,241,167,81,130,78,11,8,19,10,3,1,9
RC2_0092,2052,1753,462,377,701,74,7,146,320,71,122,69,20,5,17,7,2,1,9
RC2_0093,2281,1946,712,420,1073,95,9,159,438,160,230,180,22,11,30,28,3,1,10
RC2_0094,2060,2039,614,456,838,84,9,140,442,100,172,126,24,9,23,16,3,1,9
RC2_0095,2132,2078,555,435,890,84,8,171,466,85,167,120,26,7,23,14,3,1,10
RC2_0096,1969,2045,547,377,1018,79,8,167,423,102,180,120,22,6,27,13,3,1,9
RC2_0097,2210,2072,559,388,845,84,7,179,428,95,167,127,20,7,25,18,4,1,9
RC2_0098,1948,2174,595,381,902,76,8,165,423,92,153,113,23,8,26,14,3,1,10
RC2_0099,2002,2104,587,401,922,83,7,175,441,102,164,103,20,11,24,15,3,1,9
RC2_0100,2295,2014,731,408,1197,85,15,227,399,164,204,133,20,7,33,22,3,1,10
RC2_0101,3177,1364,591,200,1016,70,10,321,194,118,186,124,11,7,31,20,2,1,9
RC2_0103,2221,1909,631,424,843,83,8,159,423,130,162,122,21,8,23,16,3,1,10
RC2_0104,1951,1864,509,408,749,83,7,158,419,87,151,93,22,7,23,12,4,1,11
RC2_0105,1909,2248,561,412,809,84,7,134,453,80,152,105,23,7,23,10,3,1,10
RC2_0106,1946,2010,564,390,953,81,10,159,412,81,173,111,23,6,29,17,2,1,10
RC2_0107,3795,1319,647,201,1187,65,17,417,216,175,192,109,8,9,32,20,3,1,10
RC2_0108,2551,1853,766,439,1105,86,11,209,410,146,209,168,23,12,33,24,2,1,11
RC2_0109,2150,2000,647,400,979,85,10,150,380,128,193,135,18,10,29,15,3,1,9
RC2_0110,2082,2056,575,454,779,81,7,184,415,100,163,105,25,5,21,13,2,1,9
RC2_0111,2036,1892,513,450,780,82,7,151,406,84,154,112,22,7,24,13,2,1,9
RC2_0112,1764,2101,501,387,839,83,6,137,422,85,148,96,20,10,22,9,3,1,9
RC2_0113,3138,1513,657,256,814,67,10,283,266,120,131,95,15,8,21,10,2,1,10
RC2_0114,2322,1713,534,379,771,67,8,164,363,93,138,91,22,8,21,10,2,1,9
RC2_0115,2525,1834,629,440,794,88,6,142,388,115,177,141,20,12,22,18,2,1,10
RC2_0116,2039,1761,544,366,1017,79,9,178,365,115,196,135,21,6,30,18,3,1,11
RC2_0117,2082,2155,582,386,969,82,9,175,405,91,165,116,21,9,24,15,3,1,9
RC2_0118,1945,1796,475,372,815,81,5,142,360,59,163,115,21,9,24,14,2,2,9
RC2_0119,2715,1418,553,260,907,63,11,262,218,103,153,111,15,8,25,15,4,1,9
RC2_0120,2694,1792,653,403,1030,80,12,210,347,142,190,127,21,14,27,16,2,1,10
RC2_0121,2066,1957,558,417,840,85,9,153,393,133,156,105,19,10,27,13,2,1,9
RC2_0122,2128,1970,642,421,1091,83,10,190,406,118,208,131,23,9,32,22,4,1,10
RC2_0123,2093,2093,562,439,913,89,9,178,428,90,163,114,20,6,23,15,3,1,11
RC2_0124,1933,2145,546,405,1007,84,10,171,401,108,177,108,22,10,28,13,2,1,9
RC2_0125,2484,1489,604,251,932,70,11,224,237,127,162,128,15,12,25,15,3,1,9
RC2_0126,2384,1460,545,277,1152,68,14,340,185,133,170,111,17,5,29,16,2,1,9
RC2_0127,2347,1913,680,421,936,89,9,216,417,120,194,113,19,8,29,20,2,1,10
RC2_0128,2157,1984,613,478,721,91,7,142,425,86,171,142,23,12,18,13,3,1,9
RC2_0129,1843,1948,548,420,863,79,7,148,378,77,151,99,23,2,29,11,4,1,8
RC2_0130,1864,2121,552,443,810,93,9,131,413,70,164,126,22,9,25,14,5,1,10
RC2_0131,2718,1322,681,174,1214,72,16,300,201,143,214,134,8,8,33,22,2,1,9
RC2_0132,2451,1826,574,381,756,78,8,202,338,91,139,79,20,9,17,8,2,1,9
RC2_0133,2506,1663,526,363,727,69,8,212,358,100,145,79,16,7,22,6,3,1,10
RC2_0134,1936,1971,538,394,790,78,8,166,380,66,144,97,23,6,26,11,3,1,10
RC2_0135,1950,2113,619,499,838,88,8,143,407,87,180,166,22,11,27,14,3,1,9
RC2_0136,1876,2209,596,416,841,93,8,119,405,108,183,164,22,10,28,18,3,1,12
RC2_0137,2280,1738,556,414,1033,76,12,187,320,121,174,109,22,11,27,15,2,1,10
RC2_0138,2178,2042,631,491,746,78,6,136,497,101,162,98,24,11,22,14,2,1,11
RC2_0139,2460,1830,638,463,818,86,8,144,446,115,168,141,21,11,25,17,3,1,10
RC2_0140,2383,2028,625,434,746,82,6,180,435,81,155,110,22,7,18,13,2,1,10
RC2_0141,2122,2148,620,457,906,83,6,158,421,106,177,132,22,4,24,15,3,1,12
RC2_0142,1790,2055,529,435,897,89,8,162,388,85,167,130,23,6,26,15,3,1,10
RC2_0143,2390,1845,645,396,824,79,9,167,413,117,145,97,20,9,23,10,2,1,10
RC2_0144,2111,2060,685,558,727,90,6,116,476,111,171,146,24,12,20,13,3,1,11
RC2_0145,2322,1946,688,482,763,82,7,143,463,96,169,149,22,11,20,15,2,1,11
RC2_0146,2316,1957,577,420,855,86,8,177,369,89,167,137,24,9,26,20,4,1,9
RC2_0147,1991,1994,550,412,1025,80,9,162,350,98,207,124,24,8,31,22,2,1,10
RC2_0148,2027,2161,541,417,759,85,8,150,420,94,144,106,26,4,22,10,2,1,9
RC2_0149,1848,2100,713,437,1009,90,9,154,345,120,212,120,20,9,30,21,4,1,12
RC2_0150,1649,2079,632,463,823,83,8,120,403,111,161,89,22,9,20,14,3,1,11
RC2_0151,2894,1981,836,476,1255,81,18,344,431,173,201,125,22,8,30,21,2,1,11
RC2_0152,1751,2077,579,431,938,86,9,147,399,110,174,88,23,11,25,18,3,1,9
RC2_0153,1463,2002,495,409,939,78,7,132,352,78,169,83,24,9,27,13,4,1,9
RC2_0154,1754,2023,599,427,1124,93,12,196,390,133,205,104,21,12,30,21,4,1,9
RC2_0155,1836,1906,586,383,999,80,13,192,325,132,157,82,21,8,23,14,2,1,9
RC2_0156,1785,2164,693,482,910,82,8,147,465,138,211,103,24,11,32,15,3,1,10
RC2_0157,1694,2060,580,409,862,81,12,147,389,103,149,67,23,11,24,12,3,1,10
RC2_0158,1717,2091,593,452,883,77,8,139,401,105,158,84,24,10,22,13,3,1,9
RC2_0159,1566,2155,560,477,846,82,7,118,386,89,163,87,26,10,22,15,2,1,9
RC2_0160,1768,2082,645,560,821,89,11,122,431,105,185,138,25,9,22,17,3,1,12
RC2_0163,1723,1900,563,367,887,70,11,185,345,106,141,66,21,10,22,8,2,1,9
RC2_0164,1613,1838,476,354,862,74,6,151,304,92,147,71,19,7,22,10,2,1,9
RC2_0165,1641,2089,551,420,984,91,10,146,332,105,182,94,20,9,27,14,2,1,9
RC2_0166,1748,1839,483,368,906,80,9,186,287,84,154,80,18,7,25,14,2,1,9
RC2_0167,2205,1728,642,322,1290,82,16,289,241,155,202,122,18,7,30,23,2,1,9
RC2_0177,1786,1888,533,416,1072,85,11,197,362,94,179,98,22,10,31,20,4,1,9
RC2_0178,1756,2019,511,397,929,79,9,192,288,85,149,92,21,6,21,10,3,1,9
RC2_0179,1522,1981,517,372,851,80,7,122,311,89,147,73,20,6,20,12,2,1,10
RC2_0183,1469,1903,465,403,743,85,6,104,301,74,152,69,23,7,22,10,3,1,9
RC2_0184,1659,2136,548,423,848,83,8,129,359,98,153,75,26,10,23,16,2,1,10
RC2_0187,1747,2078,637,481,994,86,9,143,394,116,202,110,22,11,29,20,4,1,9
RC2_0188,1853,1974,554,405,981,81,9,214,381,90,176,98,23,11,24,19,5,1,9
RC2_0189,1716,2193,590,399,923,87,9,164,379,73,157,77,20,8,22,12,3,1,10
RC2_0190,1703,2119,531,362,917,80,8,187,306,91,148,62,19,5,21,12,3,1,9
RC2_0191,1790,2083,540,412,926,87,8,167,322,95,173,83,19,10,26,15,2,1,9
RC2_0192,2084,1920,553,371,834,87,10,257,319,95,145,85,20,8,22,10,2,1,10
RC2_0193,1833,2197,702,439,974,78,7,156,468,140,174,92,23,10,24,17,4,1,9
RC2_0194,1881,1971,539,431,861,79,7,159,410,123,152,86,21,9,21,15,3,1,10
RC2_0195,1624,2209,621,480,846,88,8,123,399,121,153,75,24,13,20,15,2,1,9
RC2_0196,1870,2098,612,413,797,81,7,146,381,111,151,78,22,8,20,14,2,1,9
RC2_0197,1697,2114,590,476,875,89,8,132,368,105,179,87,23,9,23,23,4,1,9
RC2_0198,1775,2159,601,481,843,86,7,131,383,105,174,97,24,9,24,16,3,1,10
RC2_0199,1540,2318,618,432,788,81,6,112,419,120,141,77,24,13,22,10,2,1,9
RC2_0200,1816,2233,767,419,1160,89,10,208,349,182,192,93,22,11,27,17,3,1,11
RC2_0201,1892,2523,937,497,918,87,8,157,561,208,176,99,26,9,26,15,5,1,9
RC2_0202,1787,2415,794,490,1021,91,7,153,503,189,203,99,26,15,27,17,4,1,11
RC2_0203,1715,2442,821,490,976,87,10,150,480,191,181,98,25,12,23,17,3,1,9
RC2_0204,1787,2493,831,457,1015,90,11,197,480,161,181,98,26,13,24,15,5,1,9
RC2_0205,1821,2575,927,473,1096,94,13,214,516,200,212,109,24,15,29,17,4,1,9
RC2_0206,1934,1865,676,352,1224,86,13,217,260,162,201,116,20,9,30,22,3,1,9
RC2_0207,1816,2411,783,530,928,92,8,153,476,167,188,92,23,15,24,16,3,1,10
RC2_0208,1684,2327,721,482,1001,87,8,151,458,184,162,84,23,8,23,17,4,1,10
RC2_0209,1748,2442,845,487,1055,90,11,171,509,193,184,92,24,12,28,16,2,1,9
RC2_0210,1807,2500,875,438,1102,91,9,186,523,214,198,98,23,16,25,18,5,1,9
RC2_0211,1821,2372,900,440,1089,96,10,178,463,176,219,133,24,17,28,18,4,1,10
WROL2019_001,2177,1114,560,260,804,49,10,199,242,68,112,87,19,5,17,7,1,1,8
WROL2019_002,854,298,141,20,296,12,1,100,22,13,42,11,0,0,5,0,1,1,2
WROL2019_003,1573,587,342,68,652,27,6,230,81,33,79,50,4,1,12,4,2,1,4
WROL2019_004,1446,1790,427,398,921,71,9,153,439,52,152,64,24,4,21,13,2,1,9
WROL2019_005,1424,1527,340,357,703,64,9,116,312,44,128,53,19,5,18,8,2,1,9
WROL2019_006,1535,537,275,50,697,33,8,155,53,37,88,35,2,1,14,5,1,1,5
WROL2019_007,1327,1255,310,193,820,58,11,105,150,30,132,50,12,3,24,10,2,1,9
WROL2019_008,1549,1052,313,172,871,44,11,137,163,60,124,54,12,2,23,7,2,1,9
WROL2019_009,1287,1378,314,260,938,57,12,127,221,56,141,50,19,2,26,10,3,1,8
WROL2019_010,1261,1856,372,323,685,74,5,80,319,44,129,59,17,7,17,9,2,1,8
WROL2019_011,1693,2006,431,296,821,72,6,103,332,55,137,60,17,4,21,8,5,1,10
WROL2019_012,1528,1610,563,513,707,58,10,169,457,63,113,84,26,11,14,13,3,1,10
WROL2019_013,1087,580,343,81,579,28,7,181,79,32,77,55,2,3,10,5,1,1,6
WROL2019_014,1203,979,360,187,742,45,10,193,123,50,117,51,14,5,18,11,1,1,9
WROL2019_015,1114,755,346,139,671,37,7,161,110,44,99,54,8,2,15,6,2,1,8
WROL2019_016,1511,1264,508,245,815,54,11,189,215,77,137,96,14,5,20,11,2,1,9
WROL2019_017,1186,757,318,115,558,41,8,155,100,40,90,48,8,1,11,4,2,1,7
WROL2019_018,1147,1276,381,284,634,49,8,151,236,53,109,48,16,3,16,9,2,1,9
WROL2019_019,1474,1498,477,332,798,58,11,183,317,74,142,96,17,6,18,14,2,1,9
WROL2019_020,1626,1274,518,247,724,50,8,221,214,60,118,77,16,6,18,10,2,1,9
WROL2019_021,1564,1266,498,255,687,52,7,165,231,53,123,66,14,5,15,10,2,1,9
WROL2019_022,1187,803,321,131,565,35,3,102,111,32,82,62,2,4,12,4,2,1,7
WROL2019_023,1158,1612,439,375,682,59,7,142,288,58,116,66,21,4,16,7,2,1,9
WROL2019_024,940,388,169,10,540,23,6,94,19,12,71,19,0,0,10,3,2,1,2
WROL2019_025,1316,290,256,12,642,21,9,120,30,30,80,23,0,1,15,4,1,1,0
WROL2019_026,1124,318,191,5,568,24,5,105,22,20,74,24,1,1,11,5,1,1,0
WROL2019_029,1528,716,261,83,718,34,9,148,74,38,104,46,3,2,16,6,1,1,6
WROL2019_030,1569,1021,356,154,725,43,7,124,108,41,105,53,11,4,19,9,2,1,8
WROL2019_033,1301,745,245,75,877,39,8,138,51,42,131,38,3,0,24,11,2,1,6
WROL2019_034,1559,792,287,101,783,43,7,145,53,50,116,65,5,2,18,14,1,1,6
WROL2019_035,1727,1332,375,274,831,50,8,182,215,52,130,57,15,1,20,8,2,1,8
WROL2019_036,1473,962,299,182,928,43,14,162,109,56,126,53,11,1,24,12,2,1,7
WROL2019_037,1119,560,160,69,478,31,3,73,25,9,56,19,0,0,10,2,1,1,6
WROL2019_042,1065,319,201,10,580,22,3,91,25,20,75,30,0,1,15,7,1,1,0
WROL2019_043,1434,1116,307,166,883,46,7,127,169,49,134,57,14,3,25,9,2,1,7
WROL2019_044,879,453,169,24,559,28,5,56,19,15,81,25,2,1,12,5,1,1,2
WROL2019_045,1127,558,162,61,480,34,6,91,47,15,69,21,3,2,7,2,1,1,5
WROL2019_046,735,222,147,7,619,24,5,60,12,18,90,25,0,0,16,3,1,0,0
WROL2019_048,1347,693,270,83,715,38,5,109,45,29,112,37,1,2,18,8,1,2,7
WROL2019_049,1421,2062,365,337,749,74,5,95,289,52,112,56,18,3,20,7,3,1,15
WROL2019_050,1720,803,354,127,792,37,8,166,68,47,107,54,6,2,21,8,1,1,7
WROL2019_051,1174,1524,393,427,633,62,5,130,276,41,106,44,21,4,16,7,2,1,10
WROL2019_052,1081,1255,343,409,686,54,7,152,238,44,109,45,23,2,15,7,2,1,10
WROL2019_053,1431,1157,482,279,699,49,10,188,198,51,111,73,17,4,13,5,2,1,9
WROL2019_054,1517,1218,461,278,911,54,14,277,159,66,131,73,19,4,23,10,2,1,9
WROL2019_055,1381,1224,435,272,703,51,7,166,177,49,117,80,12,2,17,11,2,1,9
WROL2019_056,1230,693,351,92,653,37,10,205,69,46,87,39,5,2,13,5,1,1,7
WROL2019_057,1229,1366,396,293,758,58,10,163,210,55,125,63,17,7,18,8,2,1,9
WROL2019_058,1163,1193,356,261,701,50,8,174,181,51,107,61,15,4,15,8,2,1,8
WROL2019_059,988,822,294,136,542,40,5,90,77,21,78,52,5,2,8,4,1,1,8
WROL2019_060,1352,1554,424,327,774,64,7,182,237,60,132,69,20,4,20,10,2,1,9
WROL2019_061,1310,1153,387,206,777,44,10,196,138,46,122,62,11,2,17,9,3,2,8
WROL2019_062,1499,948,310,127,847,47,10,151,69,42,130,56,7,1,20,10,2,1,7
WROL2019_063,1540,1739,441,384,777,65,10,149,341,47,129,78,20,5,21,7,2,1,9
WROL2019_064,1212,1893,461,421,654,67,7,117,365,62,114,49,24,3,20,7,1,1,9
WROL2019_065,1204,1738,448,427,725,67,10,160,344,60,111,54,25,4,17,9,2,1,9
WROL2019_066,1308,1494,388,372,667,62,7,138,270,69,115,59,21,6,16,7,2,1,9
WROL2019_067,1228,1559,406,349,691,64,7,127,242,54,121,52,22,6,16,8,2,1,9
WROL2019_068,1252,1840,462,438,704,73,7,119,361,73,130,65,23,6,18,9,3,1,9
WROL2019_069,1356,1827,458,423,709,65,8,143,325,70,111,49,25,4,16,8,2,1,9
WROL2019_070,1316,1683,440,399,768,67,9,146,294,55,135,64,24,4,18,9,2,1,9
WROL2019_071,1347,1758,489,432,766,67,9,171,348,77,130,67,24,7,19,12,2,1,9
WROL2019_072,1471,1822,512,413,776,71,7,142,346,64,146,91,18,6,20,10,3,1,9
WROL2019_073,1274,1496,404,337,759,61,9,169,267,56,115,65,20,4,19,6,2,1,8
WROL2019_074,1625,534,309,26,635,29,9,173,46,31,85,41,2,0,12,5,3,1,3
WROL2019_075,1341,629,293,30,712,34,5,153,46,32,109,34,0,1,16,8,1,1,4
WROL2019_076,1682,949,365,148,839,44,10,150,171,49,142,46,17,2,26,10,2,1,7
WROL2019_077,1175,711,228,61,661,35,7,109,52,24,99,48,2,1,14,8,1,1,4
WROL2019_078,1629,1690,418,366,851,56,9,172,412,66,136,75,23,6,21,11,2,1,9
WROL2019_079,1512,1418,380,272,803,50,10,165,302,55,114,68,21,5,20,7,2,1,9
WROL2019_080,1465,968,313,162,878,44,14,190,113,47,125,38,11,2,20,6,3,1,7
WROL2019_081,1517,1080,322,187,703,47,9,137,104,31,112,59,9,7,16,8,1,1,8
WROL2019_082,1178,2077,350,320,606,79,3,76,304,47,102,38,19,4,17,5,3,1,12
WROL2019_083,1675,1311,439,273,895,55,10,161,235,66,137,61,18,5,21,10,3,1,8
WROL2019_084,1136,1006,241,120,715,46,7,120,69,23,117,50,5,2,17,10,2,1,7
WROL2019_085,1251,1005,262,157,592,44,10,112,126,16,91,36,12,3,16,5,2,1,8
WROL2019_086,1560,1696,433,355,812,72,7,184,306,26,147,78,22,3,21,11,2,1,9
WROL2019_097,1506,1631,380,329,874,66,11,144,348,66,141,78,18,6,24,11,2,1,9
WROL2019_098,1441,1306,347,296,873,53,10,159,334,53,122,47,21,4,20,8,3,1,8
WROL2019_099,1728,1201,391,203,827,48,13,207,228,48,137,56,16,3,21,9,4,1,8
WROL2019_100,1735,1625,436,302,1043,63,12,169,283,84,165,67,18,4,27,14,3,1,9
WROL2019_101,1691,1589,404,280,992,67,12,148,286,70,149,66,18,5,24,10,2,1,9
WROL2019_102,1409,1892,410,373,802,71,7,126,420,55,137,54,22,5,21,6,3,1,10
WROL2019_103,1755,1691,462,322,886,62,9,164,317,62,130,57,21,5,20,9,6,1,10
WROL2019_104,1704,1500,401,257,884,62,12,200,214,56,144,69,13,6,22,13,2,1,8
WROL2019_105,1748,1382,436,330,899,56,11,194,272,62,138,56,19,5,22,10,2,1,9
WROL2019_106,1600,1152,365,230,946,47,11,171,175,60,130,42,15,3,24,9,2,1,9
WROL2019_107,1279,853,237,168,651,40,7,98,139,15,94,32,15,3,16,6,1,1,7
WROL2019_108,1849,1622,452,350,836,59,13,167,320,51,142,85,19,5,20,11,6,1,10
WROL2019_109,1466,1125,340,293,726,44,11,135,216,29,105,44,21,5,15,3,2,1,8
WROL2019_110,1254,775,204,105,536,38,5,100,63,18,69,24,10,3,10,3,2,1,8
WROL2019_111,2188,1007,528,187,1139,48,13,255,163,117,151,86,13,4,28,13,3,1,7
WROL2019_112,1576,1493,463,323,1145,59,13,205,282,97,170,82,17,5,28,14,2,1,9
WROL2019_113,1309,1019,288,201,604,45,3,118,154,32,102,50,14,5,15,8,2,1,8
WROL2019_114,1624,1376,412,269,976,60,10,158,213,53,153,74,17,4,28,11,2,1,9
WROL2019_115,1426,897,274,137,753,46,6,111,96,36,116,34,9,3,22,8,2,1,9
WROL2019_116,1574,962,366,135,837,42,9,231,187,35,129,45,14,1,20,11,4,1,7
WROL2019_117,1735,597,396,34,714,33,10,198,70,46,110,70,0,2,13,10,2,1,3
WROL2019_118,1465,783,244,85,609,38,8,127,77,28,85,24,4,1,16,3,2,1,7
WROL2019_119,1445,1154,338,155,887,54,11,161,187,46,157,77,10,2,26,14,2,1,8
WROL2019_120,1585,1602,396,327,842,61,10,202,404,51,137,69,23,8,18,9,3,1,9
WROL2019_121,1502,1077,323,209,701,50,9,107,149,35,113,45,16,3,14,8,4,1,8
WROL2019_122,1548,1031,354,229,680,46,6,135,140,39,107,62,13,2,16,8,4,1,8
WROL2019_123,1707,1203,375,280,937,53,11,181,203,56,150,52,19,1,21,12,2,1,9
WROL2019_124,1592,1307,380,314,740,49,9,143,242,39,117,55,21,3,15,7,2,1,9
WROL2019_125,1429,1764,385,385,727,67,7,98,362,47,117,44,24,6,18,7,1,1,10
WROL2019_126,1440,1544,407,373,839,62,9,125,337,52,139,66,23,7,22,13,2,1,9
WROL2019_128,1234,1369,332,278,719,55,7,116,261,37,124,54,18,4,17,6,2,1,8
WROL2019_130,1521,1491,421,326,954,60,12,137,301,64,145,60,21,5,27,11,2,1,9
WROL2019_134,1605,1350,383,287,823,58,9,146,267,59,131,52,20,5,22,11,2,1,9
WROL2019_135,1611,1395,414,262,947,59,12,141,258,67,133,56,17,4,23,10,2,1,8
WROL2019_136,1660,896,416,155,863,44,14,200,99,89,144,59,11,4,18,8,3,1,7
WROL2019_137,1636,1547,385,358,773,56,11,131,356,55,114,65,22,4,16,7,4,1,10
WROL2019_138,1378,1384,318,306,767,57,10,103,280,48,119,48,21,5,20,7,2,1,9
WROL2019_139,1608,788,281,142,660,42,6,138,94,43,96,35,9,1,14,4,2,1,8
WROL2019_140,1444,586,249,84,667,37,5,109,39,42,92,25,4,0,15,7,1,1,6
WROL2019_145,1450,1253,337,226,891,53,11,168,254,52,146,79,18,3,20,16,2,1,8
WROL2019_146,1779,1001,391,151,881,47,8,144,186,52,131,49,17,2,24,8,2,2,8
WROL2019_147,1759,1281,398,210,809,54,9,182,147,54,135,61,10,3,23,9,2,1,8
WROL2019_148,1175,2160,349,367,654,81,7,77,319,58,122,52,18,3,18,5,2,2,13
WROL2019_149,1506,1325,369,221,889,55,10,207,183,51,142,69,17,3,20,11,3,1,9
WROL2019_150,1229,1086,237,198,631,44,8,120,160,27,92,27,15,2,13,4,3,1,8
WROL2019_151,1319,785,248,86,879,41,9,136,47,35,123,33,5,0,25,12,2,1,5
WROL2019_152,1772,1032,357,121,765,45,8,170,98,49,115,56,6,0,22,12,3,1,7
WROL2019_153,1383,1519,341,300,805,64,10,128,240,29,146,74,17,4,26,11,2,1,9
WROL2019_154,1219,1108,259,140,629,46,9,99,86,22,105,52,9,1,13,7,2,1,7
WROL2019_155,1591,1825,490,422,1110,78,14,195,338,63,185,132,20,5,25,16,3,1,11
WROL2019_162,1962,2040,807,450,775,78,8,202,614,200,121,66,27,20,21,10,6,2,11
WROL2019_164,1523,760,267,139,406,38,4,123,88,28,64,45,3,2,4,5,3,1,9
WROL2019_165,1494,1415,343,325,768,60,10,166,256,35,124,45,18,4,18,4,2,1,11
WROL2019_166,1509,1702,412,348,944,68,12,145,341,58,152,64,18,4,22,14,2,1,9
WROL2019_167,1723,1785,585,349,775,71,8,146,425,78,146,75,20,6,22,13,3,1,10
WROL2019_168,1599,1692,377,334,805,62,8,146,417,59,136,64,20,6,19,13,3,1,10
WROL2019_169,1310,930,280,128,935,46,12,127,93,46,135,54,7,2,23,9,2,1,7
WROL2019_170,1341,2021,411,412,824,80,7,114,416,65,140,75,26,7,21,8,2,1,11
WROL2019_171,1392,1767,387,338,840,71,7,137,326,50,144,64,21,5,23,12,3,1,9
WROL2019_172,1451,1598,380,277,757,60,10,130,280,53,114,63,18,5,18,9,5,1,9
WROL2019_173,1920,1871,573,306,1003,70,13,268,360,74,161,97,18,7,24,12,3,1,10
WROL2019_174,1412,1678,375,401,779,65,9,113,358,51,129,51,23,4,21,7,2,1,9
WROL2019_175,2296,1955,845,427,1021,76,12,189,497,210,162,98,29,19,29,13,4,2,12
WROL2019_176,1465,1412,366,325,745,64,9,117,255,35,124,48,20,5,17,7,2,1,9
WROL2019_177,1336,1509,342,316,899,62,10,121,234,47,149,49,20,3,25,11,2,1,8
WROL2019_178,1234,1949,415,477,774,72,9,96,397,48,134,55,24,5,19,8,3,1,10
WROL2019_179,1621,2163,470,411,866,77,10,130,441,68,139,61,21,5,19,8,5,1,10
WROL2019_180,1448,1973,488,412,868,85,8,141,408,75,166,90,24,6,22,11,2,1,12
WROL2019_181,1513,1646,423,351,856,72,11,142,341,72,140,80,20,6,20,10,3,1,9
WROL2019_182,1483,1664,406,348,949,67,10,136,321,68,155,87,21,6,24,17,2,1,9
WROL2019_183,1462,2009,547,505,733,88,4,105,517,84,157,69,26,7,25,11,2,1,11
WROL2019_184,1562,1919,516,372,694,76,4,142,360,78,124,80,23,9,16,9,2,2,10
WROL2019_185,2065,2070,851,499,780,83,9,189,633,224,152,84,26,21,20,9,4,1,15
WROL2019_186,1578,2126,486,440,840,81,8,115,426,58,142,69,23,6,20,9,2,1,13
WROL2019_188,1436,1782,359,302,715,73,6,113,292,47,126,57,18,4,19,7,2,1,10
WROL2019_189,1311,1319,262,178,654,57,8,111,99,22,123,45,9,4,17,9,2,1,10
WROL2019_190,1215,865,222,124,737,42,10,108,55,22,107,33,9,0,17,4,2,1,8
WROL2019_192,1427,1015,267,170,537,47,7,106,107,25,94,37,11,1,10,5,1,1,8
WROL2019_193,1250,1663,284,344,463,66,5,99,298,29,85,25,22,3,12,3,2,1,9
WROL2019_194,1549,1662,421,292,902,68,10,148,313,83,158,83,18,3,26,12,2,1,8
WROL2019_195,1724,2058,520,348,839,84,8,152,383,99,155,76,20,8,26,9,3,1,11
WROL2019_209,1604,2131,605,362,764,75,7,121,443,103,149,86,18,2,23,9,6,1,9
WROL2019_210,1574,1896,415,324,783,79,8,117,324,84,145,72,19,8,21,11,2,1,10
WROL2019_211,1551,1177,385,222,868,56,10,145,225,57,132,64,18,4,21,12,2,1,10
WROL2019_212,1481,1827,374,327,772,76,6,128,321,48,147,70,19,7,19,10,2,1,9
WROL2019_213,1532,910,255,172,576,47,4,107,92,23,101,43,8,1,12,6,2,1,9
WROL2019_215,1571,2080,593,400,895,80,8,116,514,105,166,77,24,10,25,14,2,2,9
WROL2019_216,1372,1332,271,178,626,61,9,98,142,27,107,55,11,4,16,7,2,1,8
WROL2019_1001,1477,1559,358,309,720,66,5,120,241,34,125,59,20,3,20,12,2,1,9
WROL2019_1002,1329,1013,289,185,671,50,5,94,115,29,126,58,13,2,17,11,2,1,8
WROL2019_1003,1443,1161,271,207,748,51,8,134,151,34,127,50,15,2,19,7,2,1,8
WROL2019_1004,2118,2489,922,393,830,98,7,177,533,227,165,92,23,17,23,11,5,2,14
RC2_0001,1946,2205,572,413,764,84,7,140,320,115,146,93,22,9,20,9,3,1,10
RC2_0002,1974,2283,633,479,807,85,6,103,411,123,155,85,25,7,22,10,4,1,10
