num.trans.involved.in,sample,peak
1,WROL2019_1002,200.8055517
41,WROL2019_1002,201.0768413
1,WROL2019_1002,201.1025707
3,WROL2019_1002,201.1133055
28,WROL2019_1002,205.0870074
35,WROL2019_1002,207.0299269
45,WROL2019_1002,207.066308
2,WROL2019_1002,207.1698297
1,WROL2019_1002,208.8670657
9,WROL2019_1002,209.0092286
44,WROL2019_1002,209.0455803
23,WROL2019_1002,209.154707
4,WROL2019_1002,210.0408627
3,WROL2019_1002,211.0248947
21,WROL2019_1002,211.0612573
27,WROL2019_1002,211.0976304
39,WROL2019_1002,211.133983
3,WROL2019_1002,212.0201718
1,WROL2019_1002,212.8869481
2,WROL2019_1002,213.0153954
37,WROL2019_1002,213.0769008
1,WROL2019_1002,214.7513392
8,WROL2019_1002,215.0561782
2,WROL2019_1002,215.0920904
38,WROL2019_1002,215.0925338
21,WROL2019_1002,215.1289345
2,WROL2019_1002,216.1242171
2,WROL2019_1002,217.0484994
34,WROL2019_1002,217.0717993
23,WROL2019_1002,217.1082018
1,WROL2019_1002,221.0815189
22,WROL2019_1002,221.0819869
31,WROL2019_1002,221.1547026
1,WROL2019_1002,222.0903254
52,WROL2019_1002,223.0976079
1,WROL2019_1002,225.0190789
46,WROL2019_1002,225.0404863
51,WROL2019_1002,225.0768783
34,WROL2019_1002,225.1132786
1,WROL2019_1002,227.0131551
1,WROL2019_1002,227.0160818
34,WROL2019_1002,227.0925419
45,WROL2019_1002,227.1289076
8,WROL2019_1002,228.1605368
1,WROL2019_1002,229.0101506
34,WROL2019_1002,229.0718072
30,WROL2019_1002,229.1081903
40,WROL2019_1002,229.1445526
32,WROL2019_1002,231.0662854
38,WROL2019_1002,231.0874424
1,WROL2019_1002,232.0988705
1,WROL2019_1002,232.1192505
45,WROL2019_1002,233.0455705
23,WROL2019_1002,233.1547007
1,WROL2019_1002,234.8688264
49,WROL2019_1002,235.061225
20,WROL2019_1002,235.1703306
5,WROL2019_1002,236.1054076
1,WROL2019_1002,236.2046128
1,WROL2019_1002,236.9659403
48,WROL2019_1002,237.0404904
55,WROL2019_1002,237.0768772
53,WROL2019_1002,239.0561165
6,WROL2019_1002,239.067398
54,WROL2019_1002,239.0925097
37,WROL2019_1002,239.1289014
27,WROL2019_1002,241.0354243
35,WROL2019_1002,241.0718073
49,WROL2019_1002,241.1081834
17,WROL2019_1002,241.1364762
43,WROL2019_1002,241.1445558
10,WROL2019_1002,242.0670585
3,WROL2019_1002,242.1398639
11,WROL2019_1002,242.1761835
41,WROL2019_1002,243.0874561
53,WROL2019_1002,243.1238242
5,WROL2019_1002,243.1335387
31,WROL2019_1002,243.1601886
61,WROL2019_1002,245.103084
36,WROL2019_1002,245.1394872
3,WROL2019_1002,247.0013919
7,WROL2019_1002,247.0743194
8,WROL2019_1002,247.1106915
33,WROL2019_1002,249.1496328
1,WROL2019_1002,250.9815745
33,WROL2019_1002,251.0561601
65,WROL2019_1002,251.092512
28,WROL2019_1002,251.1289264
1,WROL2019_1002,251.881665
1,WROL2019_1002,252.9051686
52,WROL2019_1002,253.0353938
31,WROL2019_1002,253.0718158
63,WROL2019_1002,253.1081745
40,WROL2019_1002,253.1445529
63,WROL2019_1002,255.0510446
38,WROL2019_1002,255.087462
61,WROL2019_1002,255.1238207
2,WROL2019_1002,255.2329784
60,WROL2019_1002,257.0666978
32,WROL2019_1002,257.1031138
50,WROL2019_1002,257.1394606
13,WROL2019_1002,257.1758774
18,WROL2019_1002,258.0619436
52,WROL2019_1002,259.0823543
28,WROL2019_1002,259.1187658
53,WROL2019_1002,261.0979977
17,WROL2019_1002,261.1263333
6,WROL2019_1002,261.1344261
25,WROL2019_1002,263.0561594
50,WROL2019_1002,263.0925264
1,WROL2019_1002,264.7810736
1,WROL2019_1002,264.8286163
2,WROL2019_1002,264.997232
22,WROL2019_1002,265.0354303
67,WROL2019_1002,265.0717856
34,WROL2019_1002,265.09291
10,WROL2019_1002,265.10821
2,WROL2019_1002,265.1479259
1,WROL2019_1002,265.8442321
1,WROL2019_1002,266.8485424
12,WROL2019_1002,267.0146913
47,WROL2019_1002,267.0510612
5,WROL2019_1002,267.0663315
21,WROL2019_1002,267.0874727
62,WROL2019_1002,267.1238131
2,WROL2019_1002,268.8701838
1,WROL2019_1002,268.968945
79,WROL2019_1002,269.0666852
35,WROL2019_1002,269.1031087
1,WROL2019_1002,269.1312485
29,WROL2019_1002,269.1394928
2,WROL2019_1002,269.972309
4,WROL2019_1002,270.2074757
1,WROL2019_1002,270.8455412
30,WROL2019_1002,271.0459849
76,WROL2019_1002,271.0823405
11,WROL2019_1002,271.0976247
30,WROL2019_1002,271.1187635
1,WROL2019_1002,272.8425947
34,WROL2019_1002,273.0768668
31,WROL2019_1002,273.0980262
57,WROL2019_1002,273.1343806
1,WROL2019_1002,274.8395752
2,WROL2019_1002,274.8871133
7,WROL2019_1002,275.0561801
40,WROL2019_1002,275.0691923
25,WROL2019_1002,275.1055913
27,WROL2019_1002,275.1136798
30,WROL2019_1002,275.1500455
1,WROL2019_1002,275.9712155
1,WROL2019_1002,276.9606617
1,WROL2019_1002,277.0207873
61,WROL2019_1002,277.0717817
10,WROL2019_1002,277.084881
46,WROL2019_1002,277.1081768
10,WROL2019_1002,277.1212752
14,WROL2019_1002,277.1445832
5,WROL2019_1002,278.116529
5,WROL2019_1002,278.1529028
13,WROL2019_1002,279.0146995
29,WROL2019_1002,279.0510701
63,WROL2019_1002,279.0874405
50,WROL2019_1002,279.1004977
63,WROL2019_1002,279.1238056
2,WROL2019_1002,279.1369408
27,WROL2019_1002,279.1602153
3,WROL2019_1002,280.1499055
60,WROL2019_1002,281.030314
71,WROL2019_1002,281.0667002
6,WROL2019_1002,281.0798127
69,WROL2019_1002,281.1030904
10,WROL2019_1002,281.1161723
27,WROL2019_1002,281.1394996
9,WROL2019_1002,282.0619899
1,WROL2019_1002,282.100974
73,WROL2019_1002,283.0459498
71,WROL2019_1002,283.0823289
7,WROL2019_1002,283.0954516
55,WROL2019_1002,283.1187437
17,WROL2019_1002,283.1551497
4,WROL2019_1002,283.2642669
26,WROL2019_1002,284.0776174
32,WROL2019_1002,285.0616289
7,WROL2019_1002,285.0745323
27,WROL2019_1002,285.0768642
79,WROL2019_1002,285.0979951
1,WROL2019_1002,285.1261574
68,WROL2019_1002,285.1343822
43,WROL2019_1002,285.1707566
9,WROL2019_1002,287.01977
18,WROL2019_1002,287.0561611
74,WROL2019_1002,287.0772513
11,WROL2019_1002,287.0925628
45,WROL2019_1002,287.1055631
71,WROL2019_1002,287.1136419
38,WROL2019_1002,287.1419403
41,WROL2019_1002,287.1500424
5,WROL2019_1002,287.222834
2,WROL2019_1002,288.987283
15,WROL2019_1002,289.0354228
16,WROL2019_1002,289.0718132
44,WROL2019_1002,289.084836
58,WROL2019_1002,289.0928999
19,WROL2019_1002,289.1081913
59,WROL2019_1002,289.121202
62,WROL2019_1002,289.1292921
45,WROL2019_1002,289.1575866
26,WROL2019_1002,289.1656934
1,WROL2019_1002,289.9868583
31,WROL2019_1002,290.1034242
19,WROL2019_1002,290.1245628
2,WROL2019_1002,290.8521273
1,WROL2019_1002,290.9841325
29,WROL2019_1002,291.0146733
2,WROL2019_1002,291.0364299
62,WROL2019_1002,291.0510517
12,WROL2019_1002,291.0641351
2,WROL2019_1002,291.0833748
54,WROL2019_1002,291.0874391
37,WROL2019_1002,291.1005016
23,WROL2019_1002,291.1182712
27,WROL2019_1002,291.1238342
44,WROL2019_1002,291.1368672
21,WROL2019_1002,291.160215
21,WROL2019_1002,291.2096212
23,WROL2019_1002,292.1190873
16,WROL2019_1002,292.1321162
58,WROL2019_1002,293.0303017
84,WROL2019_1002,293.0666799
41,WROL2019_1002,293.0797669
70,WROL2019_1002,293.1030687
44,WROL2019_1002,293.1161473
60,WROL2019_1002,293.1394419
17,WROL2019_1002,293.1525412
16,WROL2019_1002,293.1702798
34,WROL2019_1002,293.175808
5,WROL2019_1002,293.1791868
5,WROL2019_1002,293.2066647
32,WROL2019_1002,294.0619607
34,WROL2019_1002,294.0983465
11,WROL2019_1002,294.1841466
1,WROL2019_1002,294.2100923
1,WROL2019_1002,294.8434303
1,WROL2019_1002,294.8610817
64,WROL2019_1002,295.0459584
81,WROL2019_1002,295.0823452
33,WROL2019_1002,295.0954193
67,WROL2019_1002,295.1187333
17,WROL2019_1002,295.1318083
3,WROL2019_1002,295.1373476
41,WROL2019_1002,295.1551286
28,WROL2019_1002,295.1681756
2,WROL2019_1002,295.1825385
1,WROL2019_1002,296.1998366
1,WROL2019_1002,296.8413963
2,WROL2019_1002,296.8590407
1,WROL2019_1002,296.9326558
1,WROL2019_1002,296.9357637
64,WROL2019_1002,297.0616154
56,WROL2019_1002,297.0980074
58,WROL2019_1002,297.111023
59,WROL2019_1002,297.1343928
4,WROL2019_1002,297.1529781
30,WROL2019_1002,297.1707794
9,WROL2019_1002,298.0568305
3,WROL2019_1002,298.8570025
33,WROL2019_1002,299.0408888
62,WROL2019_1002,299.0772666
5,WROL2019_1002,299.0901686
24,WROL2019_1002,299.1055953
74,WROL2019_1002,299.1136424
27,WROL2019_1002,299.1266545
60,WROL2019_1002,299.1500218
40,WROL2019_1002,299.1864047
5,WROL2019_1002,300.0512987
17,WROL2019_1002,300.0725368
2,WROL2019_1002,300.8095099
42,WROL2019_1002,301.0353774
71,WROL2019_1002,301.0565128
42,WROL2019_1002,301.0717574
27,WROL2019_1002,301.0848555
74,WROL2019_1002,301.0929094
49,WROL2019_1002,301.1212139
61,WROL2019_1002,301.1293023
43,WROL2019_1002,301.1656906
7,WROL2019_1002,302.1245095
1,WROL2019_1002,302.9306238
1,WROL2019_1002,303.0029335
55,WROL2019_1002,303.0510297
73,WROL2019_1002,303.0721671
53,WROL2019_1002,303.0874002
52,WROL2019_1002,303.1004927
60,WROL2019_1002,303.1085463
42,WROL2019_1002,303.1237786
39,WROL2019_1002,303.1368736
57,WROL2019_1002,303.1449361
32,WROL2019_1002,303.1813308
1,WROL2019_1002,304.8818593
1,WROL2019_1002,304.9277239
48,WROL2019_1002,305.0302805
17,WROL2019_1002,305.0433876
1,WROL2019_1002,305.0520713
61,WROL2019_1002,305.0666588
42,WROL2019_1002,305.0797598
22,WROL2019_1002,305.0975015
57,WROL2019_1002,305.103046
51,WROL2019_1002,305.1161359
32,WROL2019_1002,305.1242263
57,WROL2019_1002,305.1394336
38,WROL2019_1002,305.1525209
29,WROL2019_1002,305.1889021
9,WROL2019_1002,305.2252967
32,WROL2019_1002,306.0619619
12,WROL2019_1002,306.0830532
8,WROL2019_1002,306.1114131
4,WROL2019_1002,306.1841837
2,WROL2019_1002,306.8797612
77,WROL2019_1002,307.045935
19,WROL2019_1002,307.0590378
12,WROL2019_1002,307.0767724
72,WROL2019_1002,307.0823156
40,WROL2019_1002,307.0954094
30,WROL2019_1002,307.113176
66,WROL2019_1002,307.1187023
54,WROL2019_1002,307.1317878
51,WROL2019_1002,307.1550926
56,WROL2019_1002,307.1681567
1,WROL2019_1002,307.1874996
5,WROL2019_1002,307.1948333
18,WROL2019_1002,307.2045154
5,WROL2019_1002,308.0987762
32,WROL2019_1002,308.1139807
5,WROL2019_1002,308.1811888
1,WROL2019_1002,308.8777362
60,WROL2019_1002,309.0252112
75,WROL2019_1002,309.0615854
28,WROL2019_1002,309.074685
27,WROL2019_1002,309.0924336
73,WROL2019_1002,309.0979622
39,WROL2019_1002,309.1110439
70,WROL2019_1002,309.1343469
41,WROL2019_1002,309.1474054
55,WROL2019_1002,309.1707405
5,WROL2019_1002,309.1740961
18,WROL2019_1002,309.1837578
1,WROL2019_1002,309.1845439
1,WROL2019_1002,309.9088776
43,WROL2019_1002,310.0932403
1,WROL2019_1002,310.8559902
3,WROL2019_1002,310.9483025
75,WROL2019_1002,311.0408532
56,WROL2019_1002,311.0772131
30,WROL2019_1002,311.0903261
24,WROL2019_1002,311.0925171
20,WROL2019_1002,311.1080683
58,WROL2019_1002,311.1135911
50,WROL2019_1002,311.1266842
34,WROL2019_1002,311.141949
56,WROL2019_1002,311.1499894
4,WROL2019_1002,311.1686161
40,WROL2019_1002,311.1863899
2,WROL2019_1002,311.9478599
43,WROL2019_1002,312.1452853
4,WROL2019_1002,312.8539469
83,WROL2019_1002,313.0565065
64,WROL2019_1002,313.0928672
40,WROL2019_1002,313.1059456
59,WROL2019_1002,313.1292445
1,WROL2019_1002,313.1644433
50,WROL2019_1002,313.1656343
14,WROL2019_1002,313.1753199
37,WROL2019_1002,313.2020428
1,WROL2019_1002,314.9163726
28,WROL2019_1002,315.0510055
78,WROL2019_1002,315.0721651
45,WROL2019_1002,315.0874057
38,WROL2019_1002,315.1004343
9,WROL2019_1002,315.1029276
60,WROL2019_1002,315.1085287
34,WROL2019_1002,315.1238116
18,WROL2019_1002,315.1367869
50,WROL2019_1002,315.1448942
29,WROL2019_1002,315.1601908
42,WROL2019_1002,315.1812818
16,WROL2019_1002,315.1965404
16,WROL2019_1002,316.0674496
36,WROL2019_1002,317.0303141
53,WROL2019_1002,317.0666715
46,WROL2019_1002,317.0797619
68,WROL2019_1002,317.0878173
30,WROL2019_1002,317.0974937
41,WROL2019_1002,317.1030256
67,WROL2019_1002,317.116123
69,WROL2019_1002,317.1242033
30,WROL2019_1002,317.1394214
38,WROL2019_1002,317.1524748
41,WROL2019_1002,317.1605758
25,WROL2019_1002,317.1758236
22,WROL2019_1002,317.1969336
16,WROL2019_1002,317.2252716
15,WROL2019_1002,318.1194293
55,WROL2019_1002,319.0459484
31,WROL2019_1002,319.0589711
56,WROL2019_1002,319.0823509
58,WROL2019_1002,319.0953752
41,WROL2019_1002,319.1034274
51,WROL2019_1002,319.1187321
52,WROL2019_1002,319.1317828
45,WROL2019_1002,319.1398213
52,WROL2019_1002,319.1550846
42,WROL2019_1002,319.1681765
7,WROL2019_1002,319.24089
33,WROL2019_1002,320.0775917
16,WROL2019_1002,320.0987152
42,WROL2019_1002,320.1139905
12,WROL2019_1002,320.1350963
1,WROL2019_1002,320.7426129
4,WROL2019_1002,320.9227302
57,WROL2019_1002,321.0252166
13,WROL2019_1002,321.0560065
78,WROL2019_1002,321.0615815
37,WROL2019_1002,321.0746748
21,WROL2019_1002,321.0923994
59,WROL2019_1002,321.0979431
8,WROL2019_1002,321.1092711
44,WROL2019_1002,321.1110538
32,WROL2019_1002,321.12882
53,WROL2019_1002,321.1343378
58,WROL2019_1002,321.1474203
49,WROL2019_1002,321.1707514
1,WROL2019_1002,321.2105139
7,WROL2019_1002,321.2379558
1,WROL2019_1002,322.0415105
4,WROL2019_1002,322.0780278
35,WROL2019_1002,322.1296443
1,WROL2019_1002,322.2413023
1,WROL2019_1002,322.9117658
57,WROL2019_1002,323.0408404
19,WROL2019_1002,323.0716467
61,WROL2019_1002,323.0772057
42,WROL2019_1002,323.0902853
65,WROL2019_1002,323.1136082
49,WROL2019_1002,323.1266514
10,WROL2019_1002,323.1444944
69,WROL2019_1002,323.150021
37,WROL2019_1002,323.1630526
22,WROL2019_1002,323.1994705
9,WROL2019_1002,324.1088139
3,WROL2019_1002,324.2310886
4,WROL2019_1002,324.8903381
2,WROL2019_1002,324.9639427
59,WROL2019_1002,325.0564863
64,WROL2019_1002,325.0928621
47,WROL2019_1002,325.1059476
15,WROL2019_1002,325.1212497
78,WROL2019_1002,325.1292706
39,WROL2019_1002,325.142309
64,WROL2019_1002,325.165664
4,WROL2019_1002,325.1842465
22,WROL2019_1002,325.2384349
24,WROL2019_1002,326.0881336
38,WROL2019_1002,326.1245632
1,WROL2019_1002,326.7595443
57,WROL2019_1002,327.0357788
60,WROL2019_1002,327.0721415
35,WROL2019_1002,327.0874177
61,WROL2019_1002,327.1085089
41,WROL2019_1002,327.1368824
15,WROL2019_1002,327.1393986
74,WROL2019_1002,327.1449214
3,WROL2019_1002,327.1635367
1,WROL2019_1002,327.180102
51,WROL2019_1002,327.1812996
8,WROL2019_1002,327.1910112
30,WROL2019_1002,327.2176915
1,WROL2019_1002,328.7565944
1,WROL2019_1002,328.9588485
28,WROL2019_1002,329.030318
60,WROL2019_1002,329.0514132
44,WROL2019_1002,329.0797547
77,WROL2019_1002,329.0878199
38,WROL2019_1002,329.1030495
43,WROL2019_1002,329.1161066
62,WROL2019_1002,329.1241875
5,WROL2019_1002,329.1428361
25,WROL2019_1002,329.1524513
35,WROL2019_1002,329.1605235
31,WROL2019_1002,329.1969325
22,WROL2019_1002,329.2333437
2,WROL2019_1002,329.9584281
23,WROL2019_1002,330.083089
14,WROL2019_1002,330.1113922
1,WROL2019_1002,330.8011209
1,WROL2019_1002,330.9559071
35,WROL2019_1002,331.0459081
27,WROL2019_1002,331.0589907
76,WROL2019_1002,331.0670707
48,WROL2019_1002,331.0823162
3,WROL2019_1002,331.085631
47,WROL2019_1002,331.0953463
52,WROL2019_1002,331.1034244
53,WROL2019_1002,331.1187229
69,WROL2019_1002,331.1317663
2,WROL2019_1002,331.1356241
58,WROL2019_1002,331.1398043
6,WROL2019_1002,331.1425286
24,WROL2019_1002,331.1495169
35,WROL2019_1002,331.1550865
49,WROL2019_1002,331.1762336
17,WROL2019_1002,331.1914486
30,WROL2019_1002,332.077594
19,WROL2019_1002,332.1139343
26,WROL2019_1002,332.1351128
4,WROL2019_1002,332.2361619
47,WROL2019_1002,333.0252025
55,WROL2019_1002,333.0615744
5,WROL2019_1002,333.0728982
42,WROL2019_1002,333.0746418
17,WROL2019_1002,333.0924566
63,WROL2019_1002,333.0979894
45,WROL2019_1002,333.1110092
48,WROL2019_1002,333.119084
29,WROL2019_1002,333.1288217
56,WROL2019_1002,333.1343684
35,WROL2019_1002,333.1474459
40,WROL2019_1002,333.1554764
37,WROL2019_1002,333.1707183
22,WROL2019_1002,333.1919057
31,WROL2019_1002,333.2071181
17,WROL2019_1002,333.2201508
20,WROL2019_1002,334.0568483
19,WROL2019_1002,334.0931873
26,WROL2019_1002,334.1295913
1,WROL2019_1002,334.7705097
5,WROL2019_1002,334.9383752
45,WROL2019_1002,335.0408844
3,WROL2019_1002,335.0521756
30,WROL2019_1002,335.0539155
17,WROL2019_1002,335.0716742
77,WROL2019_1002,335.0772321
47,WROL2019_1002,335.09031
26,WROL2019_1002,335.108073
57,WROL2019_1002,335.113602
24,WROL2019_1002,335.1248937
44,WROL2019_1002,335.1266583
26,WROL2019_1002,335.1444726
64,WROL2019_1002,335.1500095
51,WROL2019_1002,335.1630602
7,WROL2019_1002,335.1782887
32,WROL2019_1002,335.1863612
31,WROL2019_1002,335.1994683
28,WROL2019_1002,335.222782
13,WROL2019_1002,335.2357844
31,WROL2019_1002,336.072496
26,WROL2019_1002,336.1088413
2,WROL2019_1002,336.1114026
29,WROL2019_1002,336.1452973
15,WROL2019_1002,336.158309
58,WROL2019_1002,337.0564654
17,WROL2019_1002,337.0694991
15,WROL2019_1002,337.0873684
101,WROL2019_1002,337.0928948
50,WROL2019_1002,337.1059105
26,WROL2019_1002,337.1211874
28,WROL2019_1002,337.123706
74,WROL2019_1002,337.1292631
69,WROL2019_1002,337.1423386
36,WROL2019_1002,337.1656134
37,WROL2019_1002,337.1787011
7,WROL2019_1002,337.205398
4,WROL2019_1002,337.2328726
39,WROL2019_1002,338.0881495
4,WROL2019_1002,338.1553899
45,WROL2019_1002,339.0357219
62,WROL2019_1002,339.0721339
2,WROL2019_1002,339.0833499
36,WROL2019_1002,339.1004676
84,WROL2019_1002,339.1085267
14,WROL2019_1002,339.1182653
61,WROL2019_1002,339.1215943
2,WROL2019_1002,339.1305199
23,WROL2019_1002,339.1393414
60,WROL2019_1002,339.1448877
47,WROL2019_1002,339.1579559
55,WROL2019_1002,339.1813063
2,WROL2019_1002,339.199895
9,WROL2019_1002,340.1167983
2,WROL2019_1002,340.1530713
3,WROL2019_1002,340.885243
3,WROL2019_1002,340.9222578
40,WROL2019_1002,341.0513688
37,WROL2019_1002,341.0797543
62,WROL2019_1002,341.0877722
43,WROL2019_1002,341.1161353
83,WROL2019_1002,341.1242004
52,WROL2019_1002,341.1372366
1,WROL2019_1002,341.1395979
61,WROL2019_1002,341.1605557
38,WROL2019_1002,341.1736454
34,WROL2019_1002,341.1888869
40,WROL2019_1002,341.1969195
8,WROL2019_1002,342.0960768
43,WROL2019_1002,342.1194641
1,WROL2019_1002,342.8832266
3,WROL2019_1002,342.9744782
31,WROL2019_1002,343.0590297
95,WROL2019_1002,343.0670727
24,WROL2019_1002,343.0822703
41,WROL2019_1002,343.095354
86,WROL2019_1002,343.1034561
29,WROL2019_1002,343.1165009
43,WROL2019_1002,343.1187206
42,WROL2019_1002,343.1317443
16,WROL2019_1002,343.1342475
50,WROL2019_1002,343.1398003
36,WROL2019_1002,343.1681727
56,WROL2019_1002,343.1762293
40,WROL2019_1002,343.212607
2,WROL2019_1002,343.9740764
1,WROL2019_1002,343.9778338
1,WROL2019_1002,343.9948522
33,WROL2019_1002,344.1715045
2,WROL2019_1002,344.7589698
1,WROL2019_1002,344.9715601
1,WROL2019_1002,344.9982165
52,WROL2019_1002,345.0615523
3,WROL2019_1002,345.0729732
44,WROL2019_1002,345.0746547
70,WROL2019_1002,345.0827211
46,WROL2019_1002,345.0979509
3,WROL2019_1002,345.1012751
47,WROL2019_1002,345.1109994
63,WROL2019_1002,345.119079
28,WROL2019_1002,345.1288232
47,WROL2019_1002,345.1343692
69,WROL2019_1002,345.1474263
54,WROL2019_1002,345.1554747
14,WROL2019_1002,345.1651777
25,WROL2019_1002,345.1707118
40,WROL2019_1002,345.1918927
18,WROL2019_1002,345.2282324
1,WROL2019_1002,345.9710977
19,WROL2019_1002,346.0568698
22,WROL2019_1002,346.1507434
6,WROL2019_1002,346.1659417
15,WROL2019_1002,346.2154443
1,WROL2019_1002,346.7569229
45,WROL2019_1002,347.0408371
81,WROL2019_1002,347.0772446
13,WROL2019_1002,347.0885367
53,WROL2019_1002,347.0902989
43,WROL2019_1002,347.0983316
29,WROL2019_1002,347.108033
38,WROL2019_1002,347.1135776
70,WROL2019_1002,347.1266727
56,WROL2019_1002,347.1347575
23,WROL2019_1002,347.1444823
51,WROL2019_1002,347.1500051
47,WROL2019_1002,347.1630482
39,WROL2019_1002,347.1710971
38,WROL2019_1002,347.1863891
34,WROL2019_1002,348.0725206
17,WROL2019_1002,348.121905
2,WROL2019_1002,348.1477854
7,WROL2019_1002,348.2310683
1,WROL2019_1002,348.754868
5,WROL2019_1002,348.9540338
3,WROL2019_1002,348.9725245
44,WROL2019_1002,349.0201071
73,WROL2019_1002,349.0564998
5,WROL2019_1002,349.0678304
42,WROL2019_1002,349.0695709
22,WROL2019_1002,349.0872932
1,WROL2019_1002,349.0904572
29,WROL2019_1002,349.0928272
45,WROL2019_1002,349.105907
27,WROL2019_1002,349.123746
73,WROL2019_1002,349.1292637
55,WROL2019_1002,349.142293
13,WROL2019_1002,349.1575723
29,WROL2019_1002,349.1600599
49,WROL2019_1002,349.1656394
65,WROL2019_1002,349.1787237
2,WROL2019_1002,349.1900088
33,WROL2019_1002,349.2020182
18,WROL2019_1002,349.2150562
1,WROL2019_1002,349.2418028
8,WROL2019_1002,350.0729321
30,WROL2019_1002,350.0881188
39,WROL2019_1002,350.1245411
27,WROL2019_1002,350.137604
2,WROL2019_1002,350.2280953
9,WROL2019_1002,350.2467535
1,WROL2019_1002,350.7860403
67,WROL2019_1002,351.0357628
13,WROL2019_1002,351.0666008
101,WROL2019_1002,351.0721563
6,WROL2019_1002,351.0834545
49,WROL2019_1002,351.0852145
22,WROL2019_1002,351.102954
41,WROL2019_1002,351.1084806
1,WROL2019_1002,351.1126639
52,WROL2019_1002,351.1215617
1,WROL2019_1002,351.1344662
1,WROL2019_1002,351.1357776
30,WROL2019_1002,351.1393939
77,WROL2019_1002,351.1449198
43,WROL2019_1002,351.157944
13,WROL2019_1002,351.1732035
50,WROL2019_1002,351.1812815
41,WROL2019_1002,351.1943701
36,WROL2019_1002,351.2176656
6,WROL2019_1002,351.2306743
3,WROL2019_1002,351.2501
9,WROL2019_1002,352.0673342
13,WROL2019_1002,352.0804436
39,WROL2019_1002,352.1037971
30,WROL2019_1002,352.1401697
3,WROL2019_1002,352.1588129
1,WROL2019_1002,352.243758
2,WROL2019_1002,352.7830375
5,WROL2019_1002,352.94895
91,WROL2019_1002,353.0514188
26,WROL2019_1002,353.0797542
62,WROL2019_1002,353.0877759
43,WROL2019_1002,353.1008259
37,WROL2019_1002,353.1161471
29,WROL2019_1002,353.1186583
90,WROL2019_1002,353.1241915
1,WROL2019_1002,353.1314821
65,WROL2019_1002,353.137247
31,WROL2019_1002,353.1524942
20,WROL2019_1002,353.1549869
58,WROL2019_1002,353.1605408
1,WROL2019_1002,353.1639576
11,WROL2019_1002,353.1702813
41,WROL2019_1002,353.173615
11,WROL2019_1002,353.1889163
54,WROL2019_1002,353.1969649
4,WROL2019_1002,353.2003214
1,WROL2019_1002,353.2098318
1,WROL2019_1002,353.9485181
21,WROL2019_1002,354.0467003
16,WROL2019_1002,354.0829994
30,WROL2019_1002,354.1194231
3,WROL2019_1002,354.9380991
1,WROL2019_1002,354.9822411
63,WROL2019_1002,355.0306913
48,WROL2019_1002,355.0670186
42,WROL2019_1002,355.0954022
75,WROL2019_1002,355.1034252
12,WROL2019_1002,355.1163952
42,WROL2019_1002,355.1317672
23,WROL2019_1002,355.1342897
79,WROL2019_1002,355.1398521
33,WROL2019_1002,355.1529135
24,WROL2019_1002,355.1681273
53,WROL2019_1002,355.1761813
8,WROL2019_1002,355.185894
34,WROL2019_1002,355.1892501
9,WROL2019_1002,355.2045774
44,WROL2019_1002,355.2126197
27,WROL2019_1002,356.0986972
14,WROL2019_1002,356.1117354
19,WROL2019_1002,356.2078822
1,WROL2019_1002,356.980189
3,WROL2019_1002,356.9901287
14,WROL2019_1002,357.0382103
29,WROL2019_1002,357.046275
28,WROL2019_1002,357.0615621
36,WROL2019_1002,357.0746495
61,WROL2019_1002,357.0827029
14,WROL2019_1002,357.0924101
28,WROL2019_1002,357.0979403
48,WROL2019_1002,357.1109964
50,WROL2019_1002,357.1190595
36,WROL2019_1002,357.1321308
26,WROL2019_1002,357.134323
49,WROL2019_1002,357.1474077
62,WROL2019_1002,357.1554739
7,WROL2019_1002,357.1837143
44,WROL2019_1002,357.1918342
6,WROL2019_1002,357.2015896
21,WROL2019_1002,357.2201906
23,WROL2019_1002,357.2282298
1,WROL2019_1002,357.9835423
1,WROL2019_1002,358.8513873
48,WROL2019_1002,359.0408605
58,WROL2019_1002,359.0619818
49,WROL2019_1002,359.077202
1,WROL2019_1002,359.0805307
1,WROL2019_1002,359.0807337
1,WROL2019_1002,359.0886011
45,WROL2019_1002,359.0902693
66,WROL2019_1002,359.098363
12,WROL2019_1002,359.1081174
40,WROL2019_1002,359.1136524
58,WROL2019_1002,359.1266877
63,WROL2019_1002,359.1347224
37,WROL2019_1002,359.1499641
53,WROL2019_1002,359.1630826
42,WROL2019_1002,359.1711651
8,WROL2019_1002,359.1993663
31,WROL2019_1002,359.2074581
29,WROL2019_1002,360.1452667
3,WROL2019_1002,360.1663204
18,WROL2019_1002,360.1816329
1,WROL2019_1002,360.8637916
53,WROL2019_1002,361.0564913
24,WROL2019_1002,361.0695043
16,WROL2019_1002,361.0872773
66,WROL2019_1002,361.0928579
2,WROL2019_1002,361.0961916
4,WROL2019_1002,361.1042325
63,WROL2019_1002,361.1059541
57,WROL2019_1002,361.1140146
35,WROL2019_1002,361.1237054
39,WROL2019_1002,361.1292221
31,WROL2019_1002,361.14227
37,WROL2019_1002,361.1503564
28,WROL2019_1002,361.160116
51,WROL2019_1002,361.1656678
59,WROL2019_1002,361.1787209
41,WROL2019_1002,361.1867521
17,WROL2019_1002,362.2103643
1,WROL2019_1002,362.9695962
38,WROL2019_1002,363.035736
85,WROL2019_1002,363.0721599
9,WROL2019_1002,363.083442
58,WROL2019_1002,363.0852188
33,WROL2019_1002,363.102955
50,WROL2019_1002,363.1084942
66,WROL2019_1002,363.1215875
12,WROL2019_1002,363.1394167
67,WROL2019_1002,363.1449343
57,WROL2019_1002,363.1579589
50,WROL2019_1002,363.1812782
59,WROL2019_1002,363.1943666
32,WROL2019_1002,364.0674333
36,WROL2019_1002,364.1401703
9,WROL2019_1002,364.2259708
29,WROL2019_1002,365.0513488
30,WROL2019_1002,365.0644484
22,WROL2019_1002,365.0822575
71,WROL2019_1002,365.087781
16,WROL2019_1002,365.0990665
25,WROL2019_1002,365.1007987
12,WROL2019_1002,365.1160703
32,WROL2019_1002,365.1185978
73,WROL2019_1002,365.124153
84,WROL2019_1002,365.1372475
21,WROL2019_1002,365.1525131
29,WROL2019_1002,365.15501
51,WROL2019_1002,365.1605309
42,WROL2019_1002,365.1735743
46,WROL2019_1002,365.1969545
41,WROL2019_1002,365.2100192
17,WROL2019_1002,365.2463697
3,WROL2019_1002,366.0465603
39,WROL2019_1002,366.0830773
2,WROL2019_1002,366.1771522
2,WROL2019_1002,366.2230711
9,WROL2019_1002,366.2416262
4,WROL2019_1002,366.9645904
57,WROL2019_1002,367.0306838
53,WROL2019_1002,367.0670179
19,WROL2019_1002,367.0800421
28,WROL2019_1002,367.0954137
23,WROL2019_1002,367.097922
98,WROL2019_1002,367.1034628
19,WROL2019_1002,367.1147166
62,WROL2019_1002,367.1165059
2,WROL2019_1002,367.1293737
26,WROL2019_1002,367.1317516
30,WROL2019_1002,367.1342578
54,WROL2019_1002,367.139794
49,WROL2019_1002,367.152877
30,WROL2019_1002,367.1681872
62,WROL2019_1002,367.176241
48,WROL2019_1002,367.1892771
8,WROL2019_1002,367.2069993
46,WROL2019_1002,367.2125729
20,WROL2019_1002,368.0623551
25,WROL2019_1002,368.0986622
4,WROL2019_1002,368.1713909
1,WROL2019_1002,368.1843557
1,WROL2019_1002,368.953618
1,WROL2019_1002,368.9614548
60,WROL2019_1002,369.0463453
24,WROL2019_1002,369.0615511
23,WROL2019_1002,369.0746143
59,WROL2019_1002,369.0826764
37,WROL2019_1002,369.1110652
83,WROL2019_1002,369.119079
2,WROL2019_1002,369.1272546
22,WROL2019_1002,369.1320765
28,WROL2019_1002,369.1473714
7,WROL2019_1002,369.1498608
72,WROL2019_1002,369.155463
6,WROL2019_1002,369.1652417
58,WROL2019_1002,369.1685556
24,WROL2019_1002,369.1837941
38,WROL2019_1002,369.1918237
1,WROL2019_1002,369.2030284
28,WROL2019_1002,369.2282511
5,WROL2019_1002,370.1061816
14,WROL2019_1002,370.1142942
14,WROL2019_1002,370.1273738
4,WROL2019_1002,371.0057884
33,WROL2019_1002,371.0408169
26,WROL2019_1002,371.0539275
65,WROL2019_1002,371.0619758
33,WROL2019_1002,371.0772044
1,WROL2019_1002,371.080663
19,WROL2019_1002,371.0902505
40,WROL2019_1002,371.0983033
6,WROL2019_1002,371.1112415
34,WROL2019_1002,371.1135851
57,WROL2019_1002,371.1266794
66,WROL2019_1002,371.1347408
21,WROL2019_1002,371.1444794
43,WROL2019_1002,371.1477977
21,WROL2019_1002,371.1499302
34,WROL2019_1002,371.1630254
34,WROL2019_1002,371.1710757
11,WROL2019_1002,371.1808077
31,WROL2019_1002,371.1994677
50,WROL2019_1002,371.2075379
3,WROL2019_1002,371.2803478
1,WROL2019_1002,371.9092526
7,WROL2019_1002,372.0724234
3,WROL2019_1002,372.1244641
4,WROL2019_1002,372.1486015
1,WROL2019_1002,372.7716115
1,WROL2019_1002,372.8483277
1,WROL2019_1002,372.8639186
1,WROL2019_1002,373.0027861
48,WROL2019_1002,373.0565188
26,WROL2019_1002,373.0695396
31,WROL2019_1002,373.0775757
15,WROL2019_1002,373.0872753
26,WROL2019_1002,373.0928298
1,WROL2019_1002,373.1019488
3,WROL2019_1002,373.1043022
50,WROL2019_1002,373.1059331
71,WROL2019_1002,373.1140236
7,WROL2019_1002,373.1237691
51,WROL2019_1002,373.1292902
54,WROL2019_1002,373.1423182
49,WROL2019_1002,373.1503562
18,WROL2019_1002,373.16006
6,WROL2019_1002,373.1689925
52,WROL2019_1002,373.1787163
53,WROL2019_1002,373.1868039
1,WROL2019_1002,373.1965492
39,WROL2019_1002,373.2150981
30,WROL2019_1002,373.2231321
1,WROL2019_1002,374.0023979
21,WROL2019_1002,374.0880924
2,WROL2019_1002,374.105287
2,WROL2019_1002,374.8462983
2,WROL2019_1002,374.9099495
38,WROL2019_1002,375.0357227
64,WROL2019_1002,375.0721689
7,WROL2019_1002,375.0755086
2,WROL2019_1002,375.0835166
47,WROL2019_1002,375.0852306
51,WROL2019_1002,375.093281
3,WROL2019_1002,375.0964036
1,WROL2019_1002,375.099889
29,WROL2019_1002,375.1029676
4,WROL2019_1002,375.1198833
46,WROL2019_1002,375.1215492
48,WROL2019_1002,375.1296317
30,WROL2019_1002,375.1394015
48,WROL2019_1002,375.1449515
38,WROL2019_1002,375.1580157
53,WROL2019_1002,375.1660492
20,WROL2019_1002,375.175703
19,WROL2019_1002,375.1812322
30,WROL2019_1002,375.1943002
43,WROL2019_1002,375.2024077
5,WROL2019_1002,375.2121692
9,WROL2019_1002,376.0885694
1,WROL2019_1002,376.104103
1,WROL2019_1002,376.1119042
17,WROL2019_1002,376.161305
27,WROL2019_1002,376.1896022
3,WROL2019_1002,376.7675044
2,WROL2019_1002,376.9069943
56,WROL2019_1002,377.0514387
24,WROL2019_1002,377.0644986
23,WROL2019_1002,377.0822276
4,WROL2019_1002,377.0856428
59,WROL2019_1002,377.087753
1,WROL2019_1002,377.0912151
6,WROL2019_1002,377.0991048
24,WROL2019_1002,377.1186433
81,WROL2019_1002,377.1241899
73,WROL2019_1002,377.1372557
24,WROL2019_1002,377.1549834
34,WROL2019_1002,377.1605108
33,WROL2019_1002,377.173566
42,WROL2019_1002,377.1969482
40,WROL2019_1002,377.2100192
20,WROL2019_1002,378.0466534
23,WROL2019_1002,378.083031
16,WROL2019_1002,378.096089
12,WROL2019_1002,378.1042165
30,WROL2019_1002,378.119413
3,WROL2019_1002,378.2051099
2,WROL2019_1002,378.7199723
2,WROL2019_1002,378.7654357
26,WROL2019_1002,379.0306209
1,WROL2019_1002,379.0583956
84,WROL2019_1002,379.0670666
14,WROL2019_1002,379.0783616
42,WROL2019_1002,379.0801081
1,WROL2019_1002,379.0826344
19,WROL2019_1002,379.0978639
44,WROL2019_1002,379.1033933
33,WROL2019_1002,379.1164499
25,WROL2019_1002,379.1317849
30,WROL2019_1002,379.1342738
71,WROL2019_1002,379.1398171
80,WROL2019_1002,379.152896
27,WROL2019_1002,379.1706425
39,WROL2019_1002,379.1761662
26,WROL2019_1002,379.1892011
34,WROL2019_1002,379.2256682
1,WROL2019_1002,379.7233194
28,WROL2019_1002,380.0623417
7,WROL2019_1002,380.0754254
26,WROL2019_1002,380.1117294
10,WROL2019_1002,380.2208738
1,WROL2019_1002,380.7357096
2,WROL2019_1002,380.980258
67,WROL2019_1002,381.0463409
17,WROL2019_1002,381.074628
10,WROL2019_1002,381.0771021
25,WROL2019_1002,381.0826324
18,WROL2019_1002,381.0956872
29,WROL2019_1002,381.111064
27,WROL2019_1002,381.1135631
84,WROL2019_1002,381.1191027
60,WROL2019_1002,381.1321455
27,WROL2019_1002,381.1473761
12,WROL2019_1002,381.1498585
31,WROL2019_1002,381.1554015
38,WROL2019_1002,381.1684787
68,WROL2019_1002,381.1918766
37,WROL2019_1002,381.2049201
1,WROL2019_1002,381.2411076
3,WROL2019_1002,381.241375
1,WROL2019_1002,381.9798227
2,WROL2019_1002,382.0909292
18,WROL2019_1002,382.1063098
48,WROL2019_1002,382.1143712
16,WROL2019_1002,382.1273915
12,WROL2019_1002,382.1426282
1,WROL2019_1002,382.7151377
1,WROL2019_1002,382.9771085
50,WROL2019_1002,383.0619589
1,WROL2019_1002,383.0747691
12,WROL2019_1002,383.0902393
40,WROL2019_1002,383.0983051
9,WROL2019_1002,383.1095938
26,WROL2019_1002,383.1113754
46,WROL2019_1002,383.1267082
26,WROL2019_1002,383.129194
77,WROL2019_1002,383.1347319
3,WROL2019_1002,383.1429097
19,WROL2019_1002,383.1477258
11,WROL2019_1002,383.1629891
33,WROL2019_1002,383.1710571
41,WROL2019_1002,383.1841621
9,WROL2019_1002,383.1922534
45,WROL2019_1002,383.2075148
50,WROL2019_1002,384.1300148
17,WROL2019_1002,384.143047
1,WROL2019_1002,384.7128986
8,WROL2019_1002,385.0411359
34,WROL2019_1002,385.0564708
26,WROL2019_1002,385.0695929
72,WROL2019_1002,385.0776451
11,WROL2019_1002,385.0873786
27,WROL2019_1002,385.0928658
20,WROL2019_1002,385.1058831
17,WROL2019_1002,385.1139265
2,WROL2019_1002,385.1239047
16,WROL2019_1002,385.1292045
61,WROL2019_1002,385.1423314
72,WROL2019_1002,385.1503983
20,WROL2019_1002,385.1601236
43,WROL2019_1002,385.1634394
31,WROL2019_1002,385.1786695
36,WROL2019_1002,385.1867209
36,WROL2019_1002,385.2231587
2,WROL2019_1002,386.0516816
3,WROL2019_1002,386.0728033
10,WROL2019_1002,386.1011846
1,WROL2019_1002,386.7694885
1,WROL2019_1002,387.0084585
51,WROL2019_1002,387.0569093
64,WROL2019_1002,387.0721547
1,WROL2019_1002,387.083637
40,WROL2019_1002,387.0851721
29,WROL2019_1002,387.093205
14,WROL2019_1002,387.1029166
22,WROL2019_1002,387.1084612
52,WROL2019_1002,387.1215668
61,WROL2019_1002,387.129653
27,WROL2019_1002,387.139396
55,WROL2019_1002,387.1449278
46,WROL2019_1002,387.1579613
3,WROL2019_1002,387.160414
39,WROL2019_1002,387.1659907
13,WROL2019_1002,387.1756851
31,WROL2019_1002,387.1943059
40,WROL2019_1002,387.2023993
29,WROL2019_1002,387.2388009
3,WROL2019_1002,388.067312
21,WROL2019_1002,388.1168086
1,WROL2019_1002,388.1790427
3,WROL2019_1002,388.7674995
1,WROL2019_1002,388.8289992
1,WROL2019_1002,388.9256364
37,WROL2019_1002,389.0513639
1,WROL2019_1002,389.054686
4,WROL2019_1002,389.0628245
27,WROL2019_1002,389.0644641
52,WROL2019_1002,389.0725554
13,WROL2019_1002,389.0822739
78,WROL2019_1002,389.0878144
4,WROL2019_1002,389.0991945
47,WROL2019_1002,389.1008276
22,WROL2019_1002,389.1088546
14,WROL2019_1002,389.11856
23,WROL2019_1002,389.1241052
48,WROL2019_1002,389.1452954
27,WROL2019_1002,389.1550502
51,WROL2019_1002,389.1736188
40,WROL2019_1002,389.1816442
6,WROL2019_1002,389.1913122
3,WROL2019_1002,389.196844
25,WROL2019_1002,389.2099533
28,WROL2019_1002,389.2180416
13,WROL2019_1002,389.25442
13,WROL2019_1002,390.0467099
28,WROL2019_1002,390.0830135
1,WROL2019_1002,390.0961951
28,WROL2019_1002,390.1194191
17,WROL2019_1002,390.1324382
22,WROL2019_1002,390.1405888
29,WROL2019_1002,390.155822
1,WROL2019_1002,390.9225843
42,WROL2019_1002,391.0306724
88,WROL2019_1002,391.0670715
3,WROL2019_1002,391.0783848
2,WROL2019_1002,391.0947359
17,WROL2019_1002,391.0978419
60,WROL2019_1002,391.1034038
3,WROL2019_1002,391.1147805
63,WROL2019_1002,391.1165121
49,WROL2019_1002,391.1245599
16,WROL2019_1002,391.1343247
73,WROL2019_1002,391.1398435
43,WROL2019_1002,391.1528355
8,WROL2019_1002,391.1705712
23,WROL2019_1002,391.1761419
41,WROL2019_1002,391.1892617
34,WROL2019_1002,391.1973391
11,WROL2019_1002,391.2004987
13,WROL2019_1002,391.2070885
35,WROL2019_1002,391.2126215
32,WROL2019_1002,391.2256331
15,WROL2019_1002,392.0622817
52,WROL2019_1002,392.0987122
2,WROL2019_1002,392.2208234
2,WROL2019_1002,392.293712
50,WROL2019_1002,393.0463538
6,WROL2019_1002,393.0575864
18,WROL2019_1002,393.0593813
13,WROL2019_1002,393.0771145
41,WROL2019_1002,393.0826581
14,WROL2019_1002,393.0939578
21,WROL2019_1002,393.0956977
27,WROL2019_1002,393.1135662
76,WROL2019_1002,393.1191167
6,WROL2019_1002,393.1304414
43,WROL2019_1002,393.1321963
29,WROL2019_1002,393.1499426
50,WROL2019_1002,393.155447
31,WROL2019_1002,393.1684719
31,WROL2019_1002,393.1863015
52,WROL2019_1002,393.1918632
27,WROL2019_1002,393.2049601
13,WROL2019_1002,393.2161787
1,WROL2019_1002,393.2412053
6,WROL2019_1002,393.277693
21,WROL2019_1002,394.0779169
8,WROL2019_1002,394.0909508
47,WROL2019_1002,394.1143644
20,WROL2019_1002,394.1274167
3,WROL2019_1002,394.1355305
20,WROL2019_1002,394.1637481
24,WROL2019_1002,394.2001619
1,WROL2019_1002,394.2364148
1,WROL2019_1002,394.2906975
2,WROL2019_1002,394.9051708
1,WROL2019_1002,394.9958709
1,WROL2019_1002,395.0168905
10,WROL2019_1002,395.0254949
1,WROL2019_1002,395.0533089
78,WROL2019_1002,395.0619757
12,WROL2019_1002,395.0732553
27,WROL2019_1002,395.0749953
27,WROL2019_1002,395.0903314
17,WROL2019_1002,395.0927889
60,WROL2019_1002,395.0983208
14,WROL2019_1002,395.1113179
36,WROL2019_1002,395.1266716
18,WROL2019_1002,395.129149
65,WROL2019_1002,395.1347136
56,WROL2019_1002,395.1478168
2,WROL2019_1002,395.1631674
5,WROL2019_1002,395.1656359
80,WROL2019_1002,395.171148
45,WROL2019_1002,395.1841662
36,WROL2019_1002,395.2074607
31,WROL2019_1002,395.220546
4,WROL2019_1002,396.0880714
39,WROL2019_1002,396.0936454
16,WROL2019_1002,396.1066513
5,WROL2019_1002,396.1429504
27,WROL2019_1002,396.1664249
60,WROL2019_1002,397.0412531
20,WROL2019_1002,397.0695182
12,WROL2019_1002,397.0775387
26,WROL2019_1002,397.0906423
15,WROL2019_1002,397.092831
42,WROL2019_1002,397.105941
72,WROL2019_1002,397.113997
10,WROL2019_1002,397.1237733
47,WROL2019_1002,397.1270374
40,WROL2019_1002,397.1423267
5,WROL2019_1002,397.1447557
54,WROL2019_1002,397.1503508
23,WROL2019_1002,397.1633789
22,WROL2019_1002,397.1786851
12,WROL2019_1002,397.1811611
40,WROL2019_1002,397.1867356
45,WROL2019_1002,397.1998248
45,WROL2019_1002,397.223183
4,WROL2019_1002,397.2265378
10,WROL2019_1002,398.1222491
22,WROL2019_1002,398.1739526
1,WROL2019_1002,398.9000368
27,WROL2019_1002,399.0357751
1,WROL2019_1002,399.0464119
61,WROL2019_1002,399.056905
15,WROL2019_1002,399.0851477
20,WROL2019_1002,399.0931958
16,WROL2019_1002,399.1029617
31,WROL2019_1002,399.1085003
48,WROL2019_1002,399.1216133
89,WROL2019_1002,399.1296758
26,WROL2019_1002,399.1393975
27,WROL2019_1002,399.1426684
38,WROL2019_1002,399.1579373
21,WROL2019_1002,399.160511
24,WROL2019_1002,399.1659556
13,WROL2019_1002,399.1790172
22,WROL2019_1002,399.1943369
49,WROL2019_1002,399.2024233
26,WROL2019_1002,399.2154806
15,WROL2019_1002,399.2177102
33,WROL2019_1002,399.2387811
3,WROL2019_1002,400.0520599
23,WROL2019_1002,400.1168446
1,WROL2019_1002,400.1533207
2,WROL2019_1002,400.8029041
1,WROL2019_1002,400.8890749
1,WROL2019_1002,400.8923693
32,WROL2019_1002,401.0513962
34,WROL2019_1002,401.0644928
33,WROL2019_1002,401.0725716
55,WROL2019_1002,401.0878222
1,WROL2019_1002,401.0910672
42,WROL2019_1002,401.1008469
47,WROL2019_1002,401.1088865
23,WROL2019_1002,401.118597
32,WROL2019_1002,401.1241306
47,WROL2019_1002,401.1372189
62,WROL2019_1002,401.1453035
19,WROL2019_1002,401.1550586
38,WROL2019_1002,401.1606029
42,WROL2019_1002,401.1736671
62,WROL2019_1002,401.1817112
21,WROL2019_1002,401.2099502
31,WROL2019_1002,401.2180239
18,WROL2019_1002,401.2544954
20,WROL2019_1002,402.1193928
28,WROL2019_1002,402.1769477
1,WROL2019_1002,402.8008407
4,WROL2019_1002,402.9412552
31,WROL2019_1002,403.0306482
50,WROL2019_1002,403.0670513
17,WROL2019_1002,403.0800583
6,WROL2019_1002,403.088087
10,WROL2019_1002,403.0978127
17,WROL2019_1002,403.103369
3,WROL2019_1002,403.1148658
49,WROL2019_1002,403.1164685
50,WROL2019_1002,403.1245526
29,WROL2019_1002,403.1343147
59,WROL2019_1002,403.139856
76,WROL2019_1002,403.1528996
47,WROL2019_1002,403.160922
21,WROL2019_1002,403.170625
26,WROL2019_1002,403.1761511
23,WROL2019_1002,403.189209
37,WROL2019_1002,403.1972868
26,WROL2019_1002,403.2257115
30,WROL2019_1002,403.2337611
22,WROL2019_1002,404.0623006
2,WROL2019_1002,404.7987943
1,WROL2019_1002,404.9382646
1,WROL2019_1002,404.9455257
43,WROL2019_1002,405.046363
22,WROL2019_1002,405.0594141
12,WROL2019_1002,405.0771399
64,WROL2019_1002,405.0826793
4,WROL2019_1002,405.0940565
14,WROL2019_1002,405.0957025
25,WROL2019_1002,405.1135064
53,WROL2019_1002,405.1190599
66,WROL2019_1002,405.1321514
18,WROL2019_1002,405.140159
34,WROL2019_1002,405.1499652
72,WROL2019_1002,405.1554899
50,WROL2019_1002,405.1685166
16,WROL2019_1002,405.1765229
14,WROL2019_1002,405.1862585
16,WROL2019_1002,405.1917793
28,WROL2019_1002,405.204867
1,WROL2019_1002,405.9378001
35,WROL2019_1002,406.0779905
32,WROL2019_1002,406.1143131
14,WROL2019_1002,406.236549
14,WROL2019_1002,407.0255313
60,WROL2019_1002,407.0619387
1,WROL2019_1002,407.0644469
29,WROL2019_1002,407.0750047
14,WROL2019_1002,407.092838
101,WROL2019_1002,407.0983762
12,WROL2019_1002,407.109649
41,WROL2019_1002,407.1113943
11,WROL2019_1002,407.1267324
23,WROL2019_1002,407.1291549
36,WROL2019_1002,407.1346837
50,WROL2019_1002,407.1477551
28,WROL2019_1002,407.1656029
70,WROL2019_1002,407.1711532
35,WROL2019_1002,407.1842293
16,WROL2019_1002,407.2019896
43,WROL2019_1002,407.2075059
39,WROL2019_1002,407.2205303
3,WROL2019_1002,408.057128
32,WROL2019_1002,408.0935868
2,WROL2019_1002,408.1065079
47,WROL2019_1002,408.1300037
6,WROL2019_1002,408.1662962
2,WROL2019_1002,408.9207858
43,WROL2019_1002,409.0412314
64,WROL2019_1002,409.0776133
15,WROL2019_1002,409.0889072
8,WROL2019_1002,409.0905523
1,WROL2019_1002,409.0930383
23,WROL2019_1002,409.1059182
10,WROL2019_1002,409.1083725
31,WROL2019_1002,409.1139351
40,WROL2019_1002,409.1270183
14,WROL2019_1002,409.1423888
28,WROL2019_1002,409.1448317
81,WROL2019_1002,409.1504018
67,WROL2019_1002,409.1634537
13,WROL2019_1002,409.1811774
29,WROL2019_1002,409.1867105
16,WROL2019_1002,409.199753
42,WROL2019_1002,409.2231304
4,WROL2019_1002,409.2265061
30,WROL2019_1002,409.2361919
7,WROL2019_1002,409.2474702
13,WROL2019_1002,409.2725561
21,WROL2019_1002,410.0728663
8,WROL2019_1002,410.0858966
13,WROL2019_1002,410.1222607
19,WROL2019_1002,410.1455966
1,WROL2019_1002,410.1676434
26,WROL2019_1002,410.1951063
66,WROL2019_1002,411.0569085
40,WROL2019_1002,411.0932198
1,WROL2019_1002,411.1060879
41,WROL2019_1002,411.1215953
8,WROL2019_1002,411.1240508
83,WROL2019_1002,411.1296512
52,WROL2019_1002,411.1427166
19,WROL2019_1002,411.1580373
16,WROL2019_1002,411.1604743
73,WROL2019_1002,411.1660552
44,WROL2019_1002,411.1790814
9,WROL2019_1002,411.1968178
17,WROL2019_1002,411.2023293
36,WROL2019_1002,411.2154597
7,WROL2019_1002,411.2267163
37,WROL2019_1002,411.238848
25,WROL2019_1002,412.0884959
7,WROL2019_1002,412.1379115
16,WROL2019_1002,412.1612402
3,WROL2019_1002,412.9156955
3,WROL2019_1002,413.0360583
17,WROL2019_1002,413.0513606
18,WROL2019_1002,413.064483
72,WROL2019_1002,413.0725495
26,WROL2019_1002,413.0878462
36,WROL2019_1002,413.1008717
64,WROL2019_1002,413.1088891
20,WROL2019_1002,413.1185919
1,WROL2019_1002,413.1216669
10,WROL2019_1002,413.1241038
12,WROL2019_1002,413.1371692
26,WROL2019_1002,413.1452338
24,WROL2019_1002,413.1550064
35,WROL2019_1002,413.1583272
26,WROL2019_1002,413.1605468
15,WROL2019_1002,413.1761242
69,WROL2019_1002,413.1817087
38,WROL2019_1002,413.1947466
14,WROL2019_1002,413.2180047
4,WROL2019_1002,413.2310206
28,WROL2019_1002,413.2544371
1,WROL2019_1002,413.9152586
2,WROL2019_1002,413.9649172
27,WROL2019_1002,414.0830685
1,WROL2019_1002,414.158384
32,WROL2019_1002,414.1688717
33,WROL2019_1002,414.1769797
2,WROL2019_1002,414.91254
16,WROL2019_1002,415.0306595
43,WROL2019_1002,415.0518117
43,WROL2019_1002,415.0670629
26,WROL2019_1002,415.080082
25,WROL2019_1002,415.0881186
13,WROL2019_1002,415.0978313
12,WROL2019_1002,415.1033812
43,WROL2019_1002,415.1164717
65,WROL2019_1002,415.1245593
20,WROL2019_1002,415.134315
8,WROL2019_1002,415.1375132
55,WROL2019_1002,415.1398642
54,WROL2019_1002,415.1529256
64,WROL2019_1002,415.1609697
28,WROL2019_1002,415.1740159
19,WROL2019_1002,415.1761661
32,WROL2019_1002,415.1892325
10,WROL2019_1002,415.1917687
23,WROL2019_1002,415.1972732
27,WROL2019_1002,415.2103747
25,WROL2019_1002,415.2256964
28,WROL2019_1002,415.2337646
24,WROL2019_1002,415.270109
1,WROL2019_1002,415.9619158
10,WROL2019_1002,416.0986203
3,WROL2019_1002,416.9569065
34,WROL2019_1002,417.046354
3,WROL2019_1002,417.0577172
23,WROL2019_1002,417.059372
55,WROL2019_1002,417.0826777
1,WROL2019_1002,417.0942085
46,WROL2019_1002,417.103808
26,WROL2019_1002,417.113557
70,WROL2019_1002,417.119108
54,WROL2019_1002,417.1321715
54,WROL2019_1002,417.1402248
34,WROL2019_1002,417.1499475
15,WROL2019_1002,417.1533152
55,WROL2019_1002,417.1554694
37,WROL2019_1002,417.1684951
12,WROL2019_1002,417.1710516
24,WROL2019_1002,417.1765364
13,WROL2019_1002,417.191791
11,WROL2019_1002,417.1952133
38,WROL2019_1002,417.2048995
38,WROL2019_1002,417.2129768
28,WROL2019_1002,417.2282682
22,WROL2019_1002,417.2493756
18,WROL2019_1002,418.0779137
8,WROL2019_1002,418.099058
9,WROL2019_1002,418.1508059
19,WROL2019_1002,418.1637323
12,WROL2019_1002,418.2001054
6,WROL2019_1002,418.2446836
2,WROL2019_1002,418.7957132
2,WROL2019_1002,418.9539468
28,WROL2019_1002,419.0255691
60,WROL2019_1002,419.0619729
17,WROL2019_1002,419.0749671
8,WROL2019_1002,419.0927248
17,WROL2019_1002,419.0982771
4,WROL2019_1002,419.1097496
21,WROL2019_1002,419.1113432
28,WROL2019_1002,419.1291901
69,WROL2019_1002,419.1347421
72,WROL2019_1002,419.1478117
21,WROL2019_1002,419.1558194
25,WROL2019_1002,419.1655863
51,WROL2019_1002,419.171112
44,WROL2019_1002,419.184144
15,WROL2019_1002,419.1921693
1,WROL2019_1002,419.2018573
22,WROL2019_1002,419.2074436
36,WROL2019_1002,419.2205411
26,WROL2019_1002,419.2286085
9,WROL2019_1002,419.2383691
2,WROL2019_1002,420.0914117
40,WROL2019_1002,420.0936081
11,WROL2019_1002,421.0411716
85,WROL2019_1002,421.0776343
43,WROL2019_1002,421.0906906
16,WROL2019_1002,421.1085034
98,WROL2019_1002,421.1140283
50,WROL2019_1002,421.1270353
28,WROL2019_1002,421.1448033
55,WROL2019_1002,421.1503505
54,WROL2019_1002,421.1634257
17,WROL2019_1002,421.1812713
43,WROL2019_1002,421.18682
29,WROL2019_1002,421.1998945
17,WROL2019_1002,421.2232234
7,WROL2019_1002,421.2265182
30,WROL2019_1002,421.2361963
9,WROL2019_1002,422.0727923
44,WROL2019_1002,422.1092582
40,WROL2019_1002,422.1456862
2,WROL2019_1002,422.1585653
6,WROL2019_1002,422.1819342
3,WROL2019_1002,422.2031393
25,WROL2019_1002,423.0204782
44,WROL2019_1002,423.0569352
17,WROL2019_1002,423.069914
72,WROL2019_1002,423.0932703
16,WROL2019_1002,423.106229
28,WROL2019_1002,423.1216098
12,WROL2019_1002,423.1240356
60,WROL2019_1002,423.1296164
54,WROL2019_1002,423.142686
1,WROL2019_1002,423.1522869
11,WROL2019_1002,423.1580656
22,WROL2019_1002,423.1605066
59,WROL2019_1002,423.1660707
40,WROL2019_1002,423.1791329
24,WROL2019_1002,423.1968766
59,WROL2019_1002,423.2024124
39,WROL2019_1002,423.2154641
16,WROL2019_1002,423.2518202
40,WROL2019_1002,424.0885438
5,WROL2019_1002,424.1014237
22,WROL2019_1002,424.1379297
3,WROL2019_1002,424.2010825
1,WROL2019_1002,424.6445379
27,WROL2019_1002,425.0361242
21,WROL2019_1002,425.051448
71,WROL2019_1002,425.0725467
2,WROL2019_1002,425.0853947
31,WROL2019_1002,425.1008733
49,WROL2019_1002,425.1088732
13,WROL2019_1002,425.1220399
70,WROL2019_1002,425.1452873
48,WROL2019_1002,425.1583589
14,WROL2019_1002,425.1737095
21,WROL2019_1002,425.176156
61,WROL2019_1002,425.1817254
50,WROL2019_1002,425.1947636
1,WROL2019_1002,425.2059095
19,WROL2019_1002,425.2179893
19,WROL2019_1002,425.2310621
17,WROL2019_1002,426.0678207
18,WROL2019_1002,426.1172172
1,WROL2019_1002,426.1406634
23,WROL2019_1002,426.1536247
40,WROL2019_1002,426.1769466
7,WROL2019_1002,426.2263054
1,WROL2019_1002,426.665424
1,WROL2019_1002,426.9313202
38,WROL2019_1002,427.0517741
54,WROL2019_1002,427.0882269
4,WROL2019_1002,427.0979681
13,WROL2019_1002,427.1011344
10,WROL2019_1002,427.1035214
50,WROL2019_1002,427.1165393
76,WROL2019_1002,427.1245668
35,WROL2019_1002,427.1398188
54,WROL2019_1002,427.1528907
70,WROL2019_1002,427.1609446
41,WROL2019_1002,427.1740335
16,WROL2019_1002,427.1893543
14,WROL2019_1002,427.1918098
69,WROL2019_1002,427.1973699
13,WROL2019_1002,427.2104458
44,WROL2019_1002,427.2337541
28,WROL2019_1002,427.2701183
1,WROL2019_1002,427.8707293
2,WROL2019_1002,427.9309303
6,WROL2019_1002,428.0835081
10,WROL2019_1002,428.1328083
26,WROL2019_1002,428.1481108
23,WROL2019_1002,428.1926351
1,WROL2019_1002,428.9203848
14,WROL2019_1002,429.0463943
10,WROL2019_1002,429.0594505
23,WROL2019_1002,429.0675021
41,WROL2019_1002,429.0827486
58,WROL2019_1002,429.1038114
26,WROL2019_1002,429.1135342
65,WROL2019_1002,429.119106
43,WROL2019_1002,429.1321859
40,WROL2019_1002,429.1402637
2,WROL2019_1002,429.1500184
25,WROL2019_1002,429.153235
6,WROL2019_1002,429.1555609
19,WROL2019_1002,429.1686221
28,WROL2019_1002,429.1766578
18,WROL2019_1002,429.1896986
37,WROL2019_1002,429.1918584
43,WROL2019_1002,429.2049325
44,WROL2019_1002,429.2129527
13,WROL2019_1002,429.2494266
8,WROL2019_1002,430.0990697
11,WROL2019_1002,430.1485676
21,WROL2019_1002,430.1637406
18,WROL2019_1002,430.171869
3,WROL2019_1002,430.9725488
5,WROL2019_1002,431.0256637
34,WROL2019_1002,431.0619639
25,WROL2019_1002,431.0749985
35,WROL2019_1002,431.0830695
17,WROL2019_1002,431.0928023
73,WROL2019_1002,431.0983776
39,WROL2019_1002,431.1114635
30,WROL2019_1002,431.1195453
5,WROL2019_1002,431.1292771
20,WROL2019_1002,431.1348193
47,WROL2019_1002,431.1478461
51,WROL2019_1002,431.1558734
28,WROL2019_1002,431.1655756
40,WROL2019_1002,431.1710952
39,WROL2019_1002,431.1841446
26,WROL2019_1002,431.1921865
32,WROL2019_1002,431.2074943
30,WROL2019_1002,431.2206205
25,WROL2019_1002,431.2286863
18,WROL2019_1002,431.2650378
31,WROL2019_1002,432.0935899
33,WROL2019_1002,432.1430207
3,WROL2019_1002,432.1793306
2,WROL2019_1002,432.9695369
22,WROL2019_1002,433.0412875
49,WROL2019_1002,433.0775808
21,WROL2019_1002,433.0906312
24,WROL2019_1002,433.1084616
89,WROL2019_1002,433.1140202
5,WROL2019_1002,433.1173839
2,WROL2019_1002,433.1254214
62,WROL2019_1002,433.1270929
24,WROL2019_1002,433.1448792
89,WROL2019_1002,433.1504138
55,WROL2019_1002,433.1634437
15,WROL2019_1002,433.1714316
13,WROL2019_1002,433.1811631
33,WROL2019_1002,433.1867293
46,WROL2019_1002,433.1997953
34,WROL2019_1002,433.2078645
38,WROL2019_1002,433.2231465
32,WROL2019_1002,433.2362543
25,WROL2019_1002,433.2443053
1,WROL2019_1002,433.9691075
27,WROL2019_1002,434.0728731
32,WROL2019_1002,434.1092341
1,WROL2019_1002,434.8641719
1,WROL2019_1002,434.9675551
18,WROL2019_1002,435.0204636
1,WROL2019_1002,435.0442255
47,WROL2019_1002,435.0569315
19,WROL2019_1002,435.069937
17,WROL2019_1002,435.0876907
52,WROL2019_1002,435.0932314
7,WROL2019_1002,435.1045707
13,WROL2019_1002,435.1062366
15,WROL2019_1002,435.1240529
1,WROL2019_1002,435.1242878
44,WROL2019_1002,435.1296098
54,WROL2019_1002,435.1426947
5,WROL2019_1002,435.1580917
29,WROL2019_1002,435.160524
77,WROL2019_1002,435.1660662
73,WROL2019_1002,435.1791207
18,WROL2019_1002,435.1968437
40,WROL2019_1002,435.2023958
36,WROL2019_1002,435.2154332
27,WROL2019_1002,435.2387867
26,WROL2019_1002,435.2518305
45,WROL2019_1002,436.1249105
24,WROL2019_1002,436.1532323
25,WROL2019_1002,436.1743836
18,WROL2019_1002,437.0361044
45,WROL2019_1002,437.0724896
9,WROL2019_1002,437.0854954
18,WROL2019_1002,437.1033957
78,WROL2019_1002,437.1089316
38,WROL2019_1002,437.1219389
28,WROL2019_1002,437.1372928
22,WROL2019_1002,437.1397249
58,WROL2019_1002,437.1452682
27,WROL2019_1002,437.1582897
11,WROL2019_1002,437.1760698
38,WROL2019_1002,437.1816364
53,WROL2019_1002,437.1947209
16,WROL2019_1002,437.212526
39,WROL2019_1002,437.2180737
37,WROL2019_1002,437.2311603
31,WROL2019_1002,437.254462
18,WROL2019_1002,437.2674802
9,WROL2019_1002,437.3038617
19,WROL2019_1002,438.0678286
30,WROL2019_1002,438.1041437
1,WROL2019_1002,438.1173442
27,WROL2019_1002,438.1688759
8,WROL2019_1002,438.1770235
3,WROL2019_1002,438.2132253
29,WROL2019_1002,439.0517493
23,WROL2019_1002,439.0670678
1,WROL2019_1002,439.0777156
12,WROL2019_1002,439.0801754
52,WROL2019_1002,439.0881715
11,WROL2019_1002,439.1010855
18,WROL2019_1002,439.1190086
46,WROL2019_1002,439.1245279
4,WROL2019_1002,439.1374505
35,WROL2019_1002,439.1528596
33,WROL2019_1002,439.1554017
38,WROL2019_1002,439.1608977
29,WROL2019_1002,439.1739511
37,WROL2019_1002,439.1892888
27,WROL2019_1002,439.1917811
69,WROL2019_1002,439.1973481
5,WROL2019_1002,439.2071086
51,WROL2019_1002,439.2104157
12,WROL2019_1002,439.2336411
33,WROL2019_1002,439.2467514
19,WROL2019_1002,439.2700836
4,WROL2019_1002,440.09654
41,WROL2019_1002,440.1198492
17,WROL2019_1002,440.1328608
30,WROL2019_1002,440.169271
3,WROL2019_1002,440.9470112
2,WROL2019_1002,441.0309603
15,WROL2019_1002,441.0593546
42,WROL2019_1002,441.0674492
8,WROL2019_1002,441.0804231
38,WROL2019_1002,441.0827055
33,WROL2019_1002,441.0958194
74,WROL2019_1002,441.1038458
9,WROL2019_1002,441.1167288
40,WROL2019_1002,441.119088
24,WROL2019_1002,441.140144
5,WROL2019_1002,441.1530893
5,WROL2019_1002,441.1553925
41,WROL2019_1002,441.1685159
9,WROL2019_1002,441.1710049
63,WROL2019_1002,441.1765846
42,WROL2019_1002,441.189675
29,WROL2019_1002,441.204971
14,WROL2019_1002,441.2074643
62,WROL2019_1002,441.2130115
33,WROL2019_1002,441.2260573
33,WROL2019_1002,441.249359
1,WROL2019_1002,441.2527034
18,WROL2019_1002,441.2857331
1,WROL2019_1002,441.9465529
12,WROL2019_1002,442.1273539
34,WROL2019_1002,442.135508
32,WROL2019_1002,442.1638237
1,WROL2019_1002,442.8320502
1,WROL2019_1002,442.9438469
1,WROL2019_1002,442.9723007
21,WROL2019_1002,443.025559
6,WROL2019_1002,443.0466344
3,WROL2019_1002,443.0618825
34,WROL2019_1002,443.0830586
16,WROL2019_1002,443.0927774
50,WROL2019_1002,443.0983917
40,WROL2019_1002,443.111453
56,WROL2019_1002,443.1195094
23,WROL2019_1002,443.1292143
3,WROL2019_1002,443.1323513
56,WROL2019_1002,443.1347609
27,WROL2019_1002,443.1558127
12,WROL2019_1002,443.1655078
32,WROL2019_1002,443.1689271
9,WROL2019_1002,443.1710337
40,WROL2019_1002,443.1841384
12,WROL2019_1002,443.1866767
42,WROL2019_1002,443.1922071
30,WROL2019_1002,443.2206323
46,WROL2019_1002,443.2286646
33,WROL2019_1002,443.2650214
3,WROL2019_1002,444.0784228
15,WROL2019_1002,444.0936647
5,WROL2019_1002,444.1429563
26,WROL2019_1002,444.1511101
34,WROL2019_1002,444.2158267
2,WROL2019_1002,444.7429976
1,WROL2019_1002,444.8301078
21,WROL2019_1002,445.0412284
28,WROL2019_1002,445.0623892
55,WROL2019_1002,445.0776285
26,WROL2019_1002,445.090649
26,WROL2019_1002,445.0986866
10,WROL2019_1002,445.1083702
18,WROL2019_1002,445.1139371
18,WROL2019_1002,445.126997
30,WROL2019_1002,445.1350664
26,WROL2019_1002,445.1448094
55,WROL2019_1002,445.1503803
65,WROL2019_1002,445.1634719
55,WROL2019_1002,445.1715313
22,WROL2019_1002,445.184591
55,WROL2019_1002,445.1867946
65,WROL2019_1002,445.1998535
51,WROL2019_1002,445.2078776
10,WROL2019_1002,445.2230698
24,WROL2019_1002,445.2442357
23,WROL2019_1002,446.0728478
10,WROL2019_1002,446.1222337
1,WROL2019_1002,446.8907809
25,WROL2019_1002,447.0568367
6,WROL2019_1002,447.0698575
5,WROL2019_1002,447.0876255
27,WROL2019_1002,447.0932112
5,WROL2019_1002,447.1046151
24,WROL2019_1002,447.1062839
24,WROL2019_1002,447.1143301
28,WROL2019_1002,447.1241081
74,WROL2019_1002,447.1296649
65,WROL2019_1002,447.1427271
29,WROL2019_1002,447.1507495
37,WROL2019_1002,447.1604933
55,WROL2019_1002,447.1660346
49,WROL2019_1002,447.1790703
14,WROL2019_1002,447.1870817
19,WROL2019_1002,447.2023529
40,WROL2019_1002,447.2154367
30,WROL2019_1002,447.2235005
17,WROL2019_1002,447.2519123
19,WROL2019_1002,447.2599534
5,WROL2019_1002,448.1742346
2,WROL2019_1002,448.8923903
2,WROL2019_1002,448.9831851
15,WROL2019_1002,449.0360908
14,WROL2019_1002,449.0724614
5,WROL2019_1002,449.0838604
15,WROL2019_1002,449.0855265
18,WROL2019_1002,449.1033744
95,WROL2019_1002,449.1089384
52,WROL2019_1002,449.1219915
32,WROL2019_1002,449.1397513
67,WROL2019_1002,449.1452966
45,WROL2019_1002,449.1583157
11,WROL2019_1002,449.1815948
30,WROL2019_1002,449.1946805
18,WROL2019_1002,449.2124851
34,WROL2019_1002,449.2180284
53,WROL2019_1002,449.2311517
31,WROL2019_1002,450.1042127
13,WROL2019_1002,450.1406324
25,WROL2019_1002,450.1899633
1,WROL2019_1002,450.8894108
1,WROL2019_1002,450.9800968
36,WROL2019_1002,451.0517647
1,WROL2019_1002,451.0777601
25,WROL2019_1002,451.0881193
7,WROL2019_1002,451.1011194
93,WROL2019_1002,451.1245779
23,WROL2019_1002,451.1358295
47,WROL2019_1002,451.1376325
34,WROL2019_1002,451.1554027
82,WROL2019_1002,451.1609533
11,WROL2019_1002,451.1706478
9,WROL2019_1002,451.1739129
1,WROL2019_1002,451.1802721
28,WROL2019_1002,451.1892624
1,WROL2019_1002,451.1916678
7,WROL2019_1002,451.1972414
16,WROL2019_1002,451.2103201
1,WROL2019_1002,451.2283421
30,WROL2019_1002,451.2336826
41,WROL2019_1002,451.2468004
12,WROL2019_1002,451.2831715
50,WROL2019_1002,452.1198408
7,WROL2019_1002,452.156293
21,WROL2019_1002,452.1692967
2,WROL2019_1002,452.1740479
1,WROL2019_1002,452.8046156
63,WROL2019_1002,453.0674555
4,WROL2019_1002,453.0803426
1,WROL2019_1002,453.093391
19,WROL2019_1002,453.0957559
9,WROL2019_1002,453.098285
38,WROL2019_1002,453.1037797
1,WROL2019_1002,453.1166339
58,WROL2019_1002,453.140192
31,WROL2019_1002,453.1532376
21,WROL2019_1002,453.168599
29,WROL2019_1002,453.1710794
60,WROL2019_1002,453.1765803
44,WROL2019_1002,453.1896219
29,WROL2019_1002,453.2049491
21,WROL2019_1002,453.2074378
44,WROL2019_1002,453.2129403
29,WROL2019_1002,453.2259963
14,WROL2019_1002,453.2492929
3,WROL2019_1002,453.2623287
5,WROL2019_1002,454.1120481
36,WROL2019_1002,454.1354526
5,WROL2019_1002,454.1484169
24,WROL2019_1002,454.1848899
5,WROL2019_1002,454.9626568
28,WROL2019_1002,455.0466865
17,WROL2019_1002,455.0619326
55,WROL2019_1002,455.0830735
9,WROL2019_1002,455.0960507
59,WROL2019_1002,455.1195155
18,WROL2019_1002,455.1291998
10,WROL2019_1002,455.1324135
51,WROL2019_1002,455.1478333
63,WROL2019_1002,455.1558556
7,WROL2019_1002,455.1688128
29,WROL2019_1002,455.1841465
16,WROL2019_1002,455.1867271
29,WROL2019_1002,455.192185
3,WROL2019_1002,455.1979631
4,WROL2019_1002,455.2018929
31,WROL2019_1002,455.2052664
29,WROL2019_1002,455.2206
39,WROL2019_1002,455.2285888
36,WROL2019_1002,455.2417162
33,WROL2019_1002,455.2650438
8,WROL2019_1002,456.0914146
14,WROL2019_1002,456.114674
20,WROL2019_1002,456.1641731
31,WROL2019_1002,457.0624006
21,WROL2019_1002,457.0776845
42,WROL2019_1002,457.0987919
14,WROL2019_1002,457.1084415
49,WROL2019_1002,457.1140401
39,WROL2019_1002,457.1270668
50,WROL2019_1002,457.1351052
32,WROL2019_1002,457.1503564
45,WROL2019_1002,457.16344
50,WROL2019_1002,457.1714982
35,WROL2019_1002,457.1845513
3,WROL2019_1002,457.1949784
38,WROL2019_1002,457.1998908
60,WROL2019_1002,457.2079263
11,WROL2019_1002,457.2176229
25,WROL2019_1002,457.2209643
40,WROL2019_1002,457.2442882
20,WROL2019_1002,457.2806372
11,WROL2019_1002,458.0939524
11,WROL2019_1002,458.1586373
41,WROL2019_1002,459.0568957
20,WROL2019_1002,459.0699685
31,WROL2019_1002,459.0780565
48,WROL2019_1002,459.0933078
43,WROL2019_1002,459.1143819
18,WROL2019_1002,459.1240606
45,WROL2019_1002,459.129619
21,WROL2019_1002,459.1507091
25,WROL2019_1002,459.1604411
37,WROL2019_1002,459.1660038
66,WROL2019_1002,459.1791084
56,WROL2019_1002,459.187176
31,WROL2019_1002,459.2024665
17,WROL2019_1002,459.2155692
37,WROL2019_1002,459.223587
32,WROL2019_1002,459.2599137
9,WROL2019_1002,460.1096349
10,WROL2019_1002,460.1461122
7,WROL2019_1002,460.218724
71,WROL2019_1002,461.0725503
28,WROL2019_1002,461.0856245
14,WROL2019_1002,461.1033915
79,WROL2019_1002,461.1089401
39,WROL2019_1002,461.1219591
10,WROL2019_1002,461.139667
11,WROL2019_1002,461.1452218
5,WROL2019_1002,461.1582683
31,WROL2019_1002,461.1816327
45,WROL2019_1002,461.1947469
35,WROL2019_1002,461.2028192
8,WROL2019_1002,461.2214357
31,WROL2019_1002,461.2311981
29,WROL2019_1002,461.2392334
16,WROL2019_1002,461.2423974
19,WROL2019_1002,461.2675008
2,WROL2019_1002,461.2827164
18,WROL2019_1002,462.1041239
28,WROL2019_1002,462.1405984
1,WROL2019_1002,462.9043999
1,WROL2019_1002,462.9988592
10,WROL2019_1002,463.0517256
63,WROL2019_1002,463.0881547
28,WROL2019_1002,463.1012369
22,WROL2019_1002,463.1190429
70,WROL2019_1002,463.1246037
57,WROL2019_1002,463.1376501
13,WROL2019_1002,463.1529632
25,WROL2019_1002,463.1553616
69,WROL2019_1002,463.1609397
48,WROL2019_1002,463.1739646
16,WROL2019_1002,463.197251
31,WROL2019_1002,463.2103313
1,WROL2019_1002,463.2280602
28,WROL2019_1002,463.233672
4,WROL2019_1002,463.2339603
25,WROL2019_1002,463.2467839
6,WROL2019_1002,463.2645544
1,WROL2019_1002,463.9075212
30,WROL2019_1002,464.083464
53,WROL2019_1002,464.1198508
1,WROL2019_1002,464.2679316
3,WROL2019_1002,464.9050372
23,WROL2019_1002,465.0310824
50,WROL2019_1002,465.0674944
63,WROL2019_1002,465.1038042
18,WROL2019_1002,465.1168325
23,WROL2019_1002,465.1346566
45,WROL2019_1002,465.1401775
31,WROL2019_1002,465.1532321
73,WROL2019_1002,465.1766013
70,WROL2019_1002,465.1896828
20,WROL2019_1002,465.207437
62,WROL2019_1002,465.2130185
57,WROL2019_1002,465.2260678
19,WROL2019_1002,465.2623856
37,WROL2019_1002,466.1354421
10,WROL2019_1002,466.1484543
36,WROL2019_1002,466.1719015
37,WROL2019_1002,466.1848918
1,WROL2019_1002,466.9029433
29,WROL2019_1002,467.0467125
1,WROL2019_1002,467.0726485
42,WROL2019_1002,467.0830496
9,WROL2019_1002,467.0959931
20,WROL2019_1002,467.1114111
54,WROL2019_1002,467.1194523
8,WROL2019_1002,467.1324469
19,WROL2019_1002,467.1502998
62,WROL2019_1002,467.155902
8,WROL2019_1002,467.1656259
3,WROL2019_1002,467.1687651
2,WROL2019_1002,467.1727898
18,WROL2019_1002,467.1842706
24,WROL2019_1002,467.1866946
67,WROL2019_1002,467.1922708
40,WROL2019_1002,467.2053026
32,WROL2019_1002,467.2285809
24,WROL2019_1002,467.241648
19,WROL2019_1002,468.1277901
14,WROL2019_1002,468.1511885
14,WROL2019_1002,468.1642094
3,WROL2019_1002,468.1689529
1,WROL2019_1002,468.2007845
2,WROL2019_1002,468.9783129
25,WROL2019_1002,469.0623127
2,WROL2019_1002,469.0775364
9,WROL2019_1002,469.0906133
33,WROL2019_1002,469.0986886
3,WROL2019_1002,469.1116541
75,WROL2019_1002,469.1351388
13,WROL2019_1002,469.1481123
45,WROL2019_1002,469.1714806
29,WROL2019_1002,469.1845136
28,WROL2019_1002,469.1998034
14,WROL2019_1002,469.2023548
23,WROL2019_1002,469.2078172
9,WROL2019_1002,469.2208788
24,WROL2019_1002,469.2361767
29,WROL2019_1002,469.2442304
19,WROL2019_1002,469.2573117
31,WROL2019_1002,469.2807147
14,WROL2019_1002,470.1304438
12,WROL2019_1002,470.1434651
12,WROL2019_1002,470.1668409
18,WROL2019_1002,471.0568808
11,WROL2019_1002,471.0698987
30,WROL2019_1002,471.0779731
35,WROL2019_1002,471.0932348
28,WROL2019_1002,471.1063068
61,WROL2019_1002,471.1143757
17,WROL2019_1002,471.1240603
49,WROL2019_1002,471.1296787
51,WROL2019_1002,471.1508191
22,WROL2019_1002,471.1605154
51,WROL2019_1002,471.1660727
43,WROL2019_1002,471.1791345
15,WROL2019_1002,471.1816142
52,WROL2019_1002,471.1871584
14,WROL2019_1002,471.1968411
33,WROL2019_1002,471.2002087
30,WROL2019_1002,471.2154489
8,WROL2019_1002,471.2180176
22,WROL2019_1002,471.223478
13,WROL2019_1002,471.2365503
3,WROL2019_1002,471.2446856
25,WROL2019_1002,471.2598973
23,WROL2019_1002,471.2963663
1,WROL2019_1002,471.6219286
26,WROL2019_1002,472.1379704
30,WROL2019_1002,472.1460665
9,WROL2019_1002,472.1591273
2,WROL2019_1002,472.8824403
2,WROL2019_1002,472.9731899
17,WROL2019_1002,473.0361782
46,WROL2019_1002,473.0725497
21,WROL2019_1002,473.0855798
30,WROL2019_1002,473.0936302
2,WROL2019_1002,473.1032567
29,WROL2019_1002,473.1088723
20,WROL2019_1002,473.1219287
22,WROL2019_1002,473.129986
12,WROL2019_1002,473.1397039
54,WROL2019_1002,473.1452859
52,WROL2019_1002,473.1583815
46,WROL2019_1002,473.1664552
20,WROL2019_1002,473.1761866
25,WROL2019_1002,473.1817426
24,WROL2019_1002,473.1948209
45,WROL2019_1002,473.2028579
14,WROL2019_1002,473.2125354
23,WROL2019_1002,473.2158669
33,WROL2019_1002,473.2180449
45,WROL2019_1002,473.2311513
32,WROL2019_1002,473.2391768
21,WROL2019_1002,473.2755769
9,WROL2019_1002,473.3119894
19,WROL2019_1002,474.1535534
19,WROL2019_1002,475.0517491
10,WROL2019_1002,475.0648268
28,WROL2019_1002,475.0729331
65,WROL2019_1002,475.0882069
36,WROL2019_1002,475.1012739
19,WROL2019_1002,475.119028
86,WROL2019_1002,475.1245879
45,WROL2019_1002,475.1376193
13,WROL2019_1002,475.1456168
9,WROL2019_1002,475.1553157
26,WROL2019_1002,475.1608891
15,WROL2019_1002,475.1739372
1,WROL2019_1002,475.1822462
26,WROL2019_1002,475.1972756
46,WROL2019_1002,475.2103789
29,WROL2019_1002,475.2184371
39,WROL2019_1002,475.2337379
29,WROL2019_1002,475.2468312
28,WROL2019_1002,475.254869
18,WROL2019_1002,475.2911994
4,WROL2019_1002,475.2944174
1,WROL2019_1002,475.2983565
1,WROL2019_1002,476.0833299
2,WROL2019_1002,476.9236856
1,WROL2019_1002,477.0144894
13,WROL2019_1002,477.031106
40,WROL2019_1002,477.0674867
23,WROL2019_1002,477.0805298
5,WROL2019_1002,477.0982226
58,WROL2019_1002,477.1038118
31,WROL2019_1002,477.1168564
6,WROL2019_1002,477.1322468
1,WROL2019_1002,477.1348879
55,WROL2019_1002,477.1402032
46,WROL2019_1002,477.1532841
24,WROL2019_1002,477.1710146
47,WROL2019_1002,477.1766468
37,WROL2019_1002,477.1897126
54,WROL2019_1002,477.2130133
36,WROL2019_1002,477.2260513
11,WROL2019_1002,477.2623661
15,WROL2019_1002,478.099143
10,WROL2019_1002,478.1717966
17,WROL2019_1002,478.1848472
31,WROL2019_1002,479.0466809
13,WROL2019_1002,479.0830309
11,WROL2019_1002,479.0943564
10,WROL2019_1002,479.0960799
62,WROL2019_1002,479.1194547
34,WROL2019_1002,479.1325333
26,WROL2019_1002,479.1478497
85,WROL2019_1002,479.1558821
50,WROL2019_1002,479.1689382
9,WROL2019_1002,479.1842611
62,WROL2019_1002,479.1922353
36,WROL2019_1002,479.2052819
2,WROL2019_1002,479.2231582
19,WROL2019_1002,479.2285588
32,WROL2019_1002,479.2416511
26,WROL2019_1002,479.2781043
2,WROL2019_1002,480.0894976
15,WROL2019_1002,480.1277295
26,WROL2019_1002,480.1641505
11,WROL2019_1002,480.2006105
26,WROL2019_1002,480.2369759
1,WROL2019_1002,480.9185798
39,WROL2019_1002,481.0623631
60,WROL2019_1002,481.098748
33,WROL2019_1002,481.11183
14,WROL2019_1002,481.1271461
68,WROL2019_1002,481.1351145
11,WROL2019_1002,481.144847
13,WROL2019_1002,481.163401
51,WROL2019_1002,481.1714772
46,WROL2019_1002,481.1845476
34,WROL2019_1002,481.1998573
6,WROL2019_1002,481.202412
51,WROL2019_1002,481.2078531
37,WROL2019_1002,481.2209213
27,WROL2019_1002,481.244231
19,WROL2019_1002,481.2573397
28,WROL2019_1002,482.1798067
1,WROL2019_1002,482.8997358
2,WROL2019_1002,482.915512
25,WROL2019_1002,483.0779556
30,WROL2019_1002,483.0932446
57,WROL2019_1002,483.1143956
14,WROL2019_1002,483.1275086
2,WROL2019_1002,483.1346932
72,WROL2019_1002,483.1508043
3,WROL2019_1002,483.1635879
1,WROL2019_1002,483.1676955
2,WROL2019_1002,483.1701101
52,WROL2019_1002,483.1791172
54,WROL2019_1002,483.1871431
28,WROL2019_1002,483.2001642
41,WROL2019_1002,483.2154937
49,WROL2019_1002,483.2235105
30,WROL2019_1002,483.236602
35,WROL2019_1002,483.2599041
25,WROL2019_1002,483.2730162
18,WROL2019_1002,483.2963557
1,WROL2019_1002,483.9151741
26,WROL2019_1002,484.1096873
28,WROL2019_1002,484.1460311
2,WROL2019_1002,484.1592144
2,WROL2019_1002,484.163824
18,WROL2019_1002,484.1954903
33,WROL2019_1002,485.0573057
30,WROL2019_1002,485.0725034
11,WROL2019_1002,485.0855359
23,WROL2019_1002,485.0936021
6,WROL2019_1002,485.1066766
14,WROL2019_1002,485.1088617
28,WROL2019_1002,485.1219513
44,WROL2019_1002,485.1300168
8,WROL2019_1002,485.1396729
1,WROL2019_1002,485.1399658
46,WROL2019_1002,485.1453136
34,WROL2019_1002,485.1584184
25,WROL2019_1002,485.1663584
47,WROL2019_1002,485.1817118
38,WROL2019_1002,485.1948073
60,WROL2019_1002,485.2028207
40,WROL2019_1002,485.2158982
34,WROL2019_1002,485.2311227
22,WROL2019_1002,485.2391418
23,WROL2019_1002,485.2755471
1,WROL2019_1002,486.8980785
33,WROL2019_1002,487.0517736
29,WROL2019_1002,487.0729582
34,WROL2019_1002,487.0882259
25,WROL2019_1002,487.1012849
51,WROL2019_1002,487.1093324
15,WROL2019_1002,487.1189715
53,WROL2019_1002,487.1245733
44,WROL2019_1002,487.1376121
27,WROL2019_1002,487.145639
2,WROL2019_1002,487.155293
25,WROL2019_1002,487.1608876
30,WROL2019_1002,487.1972956
44,WROL2019_1002,487.2104339
44,WROL2019_1002,487.2184874
6,WROL2019_1002,487.2315731
5,WROL2019_1002,487.2468934
23,WROL2019_1002,487.2549014
20,WROL2019_1002,487.2912323
1,WROL2019_1002,487.8976579
15,WROL2019_1002,488.1773871
19,WROL2019_1002,488.2501085
18,WROL2019_1002,489.0311059
42,WROL2019_1002,489.0674284
14,WROL2019_1002,489.0804866
18,WROL2019_1002,489.0885385
53,WROL2019_1002,489.1038056
19,WROL2019_1002,489.1249166
67,WROL2019_1002,489.1402257
43,WROL2019_1002,489.1533059
21,WROL2019_1002,489.1710423
57,WROL2019_1002,489.176634
43,WROL2019_1002,489.1897022
37,WROL2019_1002,489.1977319
38,WROL2019_1002,489.2129626
42,WROL2019_1002,489.2260508
32,WROL2019_1002,489.2340732
15,WROL2019_1002,489.2623736
22,WROL2019_1002,489.2704482
2,WROL2019_1002,490.135568
1,WROL2019_1002,490.9393544
1,WROL2019_1002,490.9533354
4,WROL2019_1002,491.0466168
38,WROL2019_1002,491.0830907
28,WROL2019_1002,491.096192
60,WROL2019_1002,491.1195207
37,WROL2019_1002,491.1325797
7,WROL2019_1002,491.1502278
69,WROL2019_1002,491.155852
36,WROL2019_1002,491.1688938
20,WROL2019_1002,491.1921779
39,WROL2019_1002,491.2052591
36,WROL2019_1002,491.2285903
46,WROL2019_1002,491.2417133
2,WROL2019_1002,492.1148469
15,WROL2019_1002,492.1511811
28,WROL2019_1002,492.164141
42,WROL2019_1002,493.062387
6,WROL2019_1002,493.0755179
30,WROL2019_1002,493.0988145
14,WROL2019_1002,493.1118888
83,WROL2019_1002,493.1351592
39,WROL2019_1002,493.1481999
11,WROL2019_1002,493.163541
35,WROL2019_1002,493.1714617
35,WROL2019_1002,493.1845191
41,WROL2019_1002,493.2078535
36,WROL2019_1002,493.2209565
29,WROL2019_1002,493.2442494
18,WROL2019_1002,493.25741
34,WROL2019_1002,494.1304274
18,WROL2019_1002,494.1797571
29,WROL2019_1002,495.0416059
46,WROL2019_1002,495.0780507
8,WROL2019_1002,495.0911664
12,WROL2019_1002,495.106405
89,WROL2019_1002,495.1144141
45,WROL2019_1002,495.127475
32,WROL2019_1002,495.1507243
23,WROL2019_1002,495.163773
4,WROL2019_1002,495.1815177
35,WROL2019_1002,495.187098
39,WROL2019_1002,495.2001708
4,WROL2019_1002,495.2180542
56,WROL2019_1002,495.2235331
43,WROL2019_1002,495.2366367
11,WROL2019_1002,495.2478728
35,WROL2019_1002,495.2599547
26,WROL2019_1002,495.273016
1,WROL2019_1002,495.9338627
44,WROL2019_1002,496.1460488
16,WROL2019_1002,496.1823647
24,WROL2019_1002,496.1954118
1,WROL2019_1002,496.7619249
2,WROL2019_1002,496.7886386
3,WROL2019_1002,496.9312542
26,WROL2019_1002,497.0572509
21,WROL2019_1002,497.0725071
9,WROL2019_1002,497.0937672
7,WROL2019_1002,497.1220943
28,WROL2019_1002,497.130123
14,WROL2019_1002,497.1397761
27,WROL2019_1002,497.1431178
47,WROL2019_1002,497.1584047
69,WROL2019_1002,497.1664402
30,WROL2019_1002,497.1794615
34,WROL2019_1002,497.1947356
38,WROL2019_1002,497.2027587
25,WROL2019_1002,497.2158163
26,WROL2019_1002,497.2311882
55,WROL2019_1002,497.2391863
27,WROL2019_1002,497.2522904
31,WROL2019_1002,497.2756305
8,WROL2019_1002,497.3120298
2,WROL2019_1002,498.1001879
11,WROL2019_1002,498.125382
17,WROL2019_1002,498.1747567
1,WROL2019_1002,498.7599028
1,WROL2019_1002,499.0517293
17,WROL2019_1002,499.0728824
3,WROL2019_1002,499.0760643
2,WROL2019_1002,499.0880833
26,WROL2019_1002,499.1012188
44,WROL2019_1002,499.1092872
42,WROL2019_1002,499.1245701
4,WROL2019_1002,499.129595
56,WROL2019_1002,499.1457163
36,WROL2019_1002,499.1609493
43,WROL2019_1002,499.1821135
46,WROL2019_1002,499.2104278
55,WROL2019_1002,499.2184506
30,WROL2019_1002,499.2314997
27,WROL2019_1002,499.254796
16,WROL2019_1002,499.2678765
15,WROL2019_1002,499.2911861
21,WROL2019_1002,500.1409178
17,WROL2019_1002,500.1773949
1,WROL2019_1002,500.9473046
13,WROL2019_1002,501.0310309
15,WROL2019_1002,501.0675019
12,WROL2019_1002,501.0805755
18,WROL2019_1002,501.0886353
65,WROL2019_1002,501.1038547
33,WROL2019_1002,501.1169011
34,WROL2019_1002,501.1249257
21,WROL2019_1002,501.1401592
21,WROL2019_1002,501.1532134
1,WROL2019_1002,501.1612225
10,WROL2019_1002,501.176519
38,WROL2019_1002,501.189628
29,WROL2019_1002,501.1976859
18,WROL2019_1002,501.2107587
33,WROL2019_1002,501.2129683
2,WROL2019_1002,501.2186717
32,WROL2019_1002,501.2261136
28,WROL2019_1002,501.2341555
28,WROL2019_1002,501.2705455
17,WROL2019_1002,501.3068718
1,WROL2019_1002,502.6324991
23,WROL2019_1002,503.0466977
44,WROL2019_1002,503.0830694
22,WROL2019_1002,503.0961583
23,WROL2019_1002,503.1042191
13,WROL2019_1002,503.1138967
71,WROL2019_1002,503.1195051
25,WROL2019_1002,503.1326016
16,WROL2019_1002,503.1406578
26,WROL2019_1002,503.1559387
18,WROL2019_1002,503.1690116
14,WROL2019_1002,503.1770529
18,WROL2019_1002,503.1867168
33,WROL2019_1002,503.1923013
40,WROL2019_1002,503.2053634
31,WROL2019_1002,503.2286036
32,WROL2019_1002,503.2497535
2,WROL2019_1002,503.2528675
26,WROL2019_1002,503.2780894
21,WROL2019_1002,503.2861553
7,WROL2019_1002,504.1278654
1,WROL2019_1002,504.1697619
30,WROL2019_1002,504.1875352
5,WROL2019_1002,504.2450709
1,WROL2019_1002,504.6108607
1,WROL2019_1002,504.6295041
1,WROL2019_1002,504.90864
1,WROL2019_1002,504.9609974
34,WROL2019_1002,505.0623387
10,WROL2019_1002,505.0754485
57,WROL2019_1002,505.0987769
16,WROL2019_1002,505.1118718
43,WROL2019_1002,505.1351741
28,WROL2019_1002,505.1482438
2,WROL2019_1002,505.1660776
58,WROL2019_1002,505.171511
46,WROL2019_1002,505.1845644
18,WROL2019_1002,505.2023157
30,WROL2019_1002,505.2078482
43,WROL2019_1002,505.2209352
11,WROL2019_1002,505.2476368
40,WROL2019_1002,505.257359
13,WROL2019_1002,505.2685895
11,WROL2019_1002,505.2937741
19,WROL2019_1002,507.0416269
35,WROL2019_1002,507.0780539
3,WROL2019_1002,507.0911817
58,WROL2019_1002,507.1144014
28,WROL2019_1002,507.127452
4,WROL2019_1002,507.1428315
26,WROL2019_1002,507.1507155
27,WROL2019_1002,507.1637893
15,WROL2019_1002,507.1791618
32,WROL2019_1002,507.1871066
35,WROL2019_1002,507.2002113
11,WROL2019_1002,507.2180579
43,WROL2019_1002,507.2235688
25,WROL2019_1002,507.2366607
18,WROL2019_1002,507.2518795
9,WROL2019_1002,507.25438
34,WROL2019_1002,507.2599462
2,WROL2019_1002,507.2656217
16,WROL2019_1002,507.27304
2,WROL2019_1002,507.2907172
13,WROL2019_1002,507.3093545
23,WROL2019_1002,508.1590917
18,WROL2019_1002,508.195512
28,WROL2019_1002,508.2318413
1,WROL2019_1002,508.9498509
24,WROL2019_1002,509.0573193
60,WROL2019_1002,509.0936815
7,WROL2019_1002,509.1068136
3,WROL2019_1002,509.1179857
23,WROL2019_1002,509.1220043
58,WROL2019_1002,509.1300322
27,WROL2019_1002,509.1431403
27,WROL2019_1002,509.1584156
59,WROL2019_1002,509.166422
37,WROL2019_1002,509.1795168
14,WROL2019_1002,509.1948326
57,WROL2019_1002,509.2028495
26,WROL2019_1002,509.2159395
18,WROL2019_1002,509.2392614
18,WROL2019_1002,509.2523284
21,WROL2019_1002,509.2886616
5,WROL2019_1002,509.3766902
15,WROL2019_1002,510.1536691
30,WROL2019_1002,510.2111319
4,WROL2019_1002,510.9469074
6,WROL2019_1002,511.0518523
26,WROL2019_1002,511.0729833
19,WROL2019_1002,511.0882359
10,WROL2019_1002,511.1094133
9,WROL2019_1002,511.1189958
9,WROL2019_1002,511.1224403
33,WROL2019_1002,511.1376415
63,WROL2019_1002,511.145683
21,WROL2019_1002,511.1587511
32,WROL2019_1002,511.182038
3,WROL2019_1002,511.1917119
4,WROL2019_1002,511.1950359
2,WROL2019_1002,511.2071933
42,WROL2019_1002,511.2104196
44,WROL2019_1002,511.2184466
35,WROL2019_1002,511.2315416
13,WROL2019_1002,511.24276
36,WROL2019_1002,511.2548887
16,WROL2019_1002,511.2679612
26,WROL2019_1002,511.2912444
1,WROL2019_1002,511.9464739
19,WROL2019_1002,512.1045174
11,WROL2019_1002,512.1774097
14,WROL2019_1002,512.1904346
15,WROL2019_1002,513.0521476
21,WROL2019_1002,513.0674422
26,WROL2019_1002,513.0886205
30,WROL2019_1002,513.1038086
6,WROL2019_1002,513.1169914
21,WROL2019_1002,513.1250283
16,WROL2019_1002,513.1346926
51,WROL2019_1002,513.1402332
32,WROL2019_1002,513.1533345
54,WROL2019_1002,513.1613649
23,WROL2019_1002,513.1765626
35,WROL2019_1002,513.1896332
24,WROL2019_1002,513.1976556
3,WROL2019_1002,513.2105693
22,WROL2019_1002,513.2260019
16,WROL2019_1002,513.2340319
14,WROL2019_1002,513.2471283
31,WROL2019_1002,513.270482
22,WROL2019_1002,513.3069225
1,WROL2019_1002,514.112468
2,WROL2019_1002,514.9293924
18,WROL2019_1002,515.0466851
4,WROL2019_1002,515.0830019
9,WROL2019_1002,515.0960974
24,WROL2019_1002,515.1041723
24,WROL2019_1002,515.1194429
1,WROL2019_1002,515.1244841
38,WROL2019_1002,515.1325513
47,WROL2019_1002,515.1406041
24,WROL2019_1002,515.1502833
44,WROL2019_1002,515.1559025
4,WROL2019_1002,515.16439
27,WROL2019_1002,515.1689985
18,WROL2019_1002,515.1923108
24,WROL2019_1002,515.2053776
30,WROL2019_1002,515.2134132
8,WROL2019_1002,515.2263667
29,WROL2019_1002,515.249728
1,WROL2019_1002,515.2860556
13,WROL2019_1002,515.3225303
18,WROL2019_1002,516.1277949
4,WROL2019_1002,516.151213
16,WROL2019_1002,517.0624192
5,WROL2019_1002,517.0755187
21,WROL2019_1002,517.098817
19,WROL2019_1002,517.1118801
31,WROL2019_1002,517.1198927
7,WROL2019_1002,517.1295195
63,WROL2019_1002,517.135144
46,WROL2019_1002,517.1482051
8,WROL2019_1002,517.1658814
43,WROL2019_1002,517.1714921
46,WROL2019_1002,517.1845722
25,WROL2019_1002,517.192605
35,WROL2019_1002,517.2078988
44,WROL2019_1002,517.2209917
31,WROL2019_1002,517.2290325
40,WROL2019_1002,517.2443106
12,WROL2019_1002,517.2574261
29,WROL2019_1002,517.2654566
16,WROL2019_1002,517.3018507
32,WROL2019_1002,518.1303585
2,WROL2019_1002,518.9243108
16,WROL2019_1002,519.0416806
44,WROL2019_1002,519.0780276
16,WROL2019_1002,519.0911116
56,WROL2019_1002,519.1143831
66,WROL2019_1002,519.1507952
34,WROL2019_1002,519.1638917
32,WROL2019_1002,519.1872146
20,WROL2019_1002,519.2002985
21,WROL2019_1002,519.223611
30,WROL2019_1002,519.2366772
23,WROL2019_1002,519.2730056
1,WROL2019_1002,519.3205833
35,WROL2019_1002,520.1096723
2,WROL2019_1002,520.1308667
1,WROL2019_1002,520.9124525
17,WROL2019_1002,521.0572398
40,WROL2019_1002,521.0936483
16,WROL2019_1002,521.1067698
69,WROL2019_1002,521.1300762
15,WROL2019_1002,521.1431814
33,WROL2019_1002,521.1664824
27,WROL2019_1002,521.1795558
55,WROL2019_1002,521.2028255
35,WROL2019_1002,521.2158761
1,WROL2019_1002,521.2394678
31,WROL2019_1002,521.2522194
20,WROL2019_1002,521.288626
2,WROL2019_1002,522.7775825
1,WROL2019_1002,522.965564
42,WROL2019_1002,523.0729346
38,WROL2019_1002,523.1093616
1,WROL2019_1002,523.1225531
6,WROL2019_1002,523.1377495
50,WROL2019_1002,523.1457286
34,WROL2019_1002,523.1740479
44,WROL2019_1002,523.1820484
15,WROL2019_1002,523.195064
1,WROL2019_1002,523.1954278
26,WROL2019_1002,523.2104074
28,WROL2019_1002,523.2183966
27,WROL2019_1002,523.2314685
1,WROL2019_1002,523.2551402
36,WROL2019_1002,523.2679325
1,WROL2019_1002,523.9650955
38,WROL2019_1002,524.1409583
20,WROL2019_1002,524.1903417
23,WROL2019_1002,524.2267556
1,WROL2019_1002,524.7755529
25,WROL2019_1002,525.0886359
4,WROL2019_1002,525.1128673
20,WROL2019_1002,525.1169645
52,WROL2019_1002,525.1249933
36,WROL2019_1002,525.1532865
33,WROL2019_1002,525.1613024
4,WROL2019_1002,525.1741773
15,WROL2019_1002,525.1896072
10,WROL2019_1002,525.1976421
18,WROL2019_1002,525.2220543
42,WROL2019_1002,525.2340739
30,WROL2019_1002,525.2471642
35,WROL2019_1002,525.2705367
14,WROL2019_1002,525.2836077
1,WROL2019_1002,525.9621043
22,WROL2019_1002,526.1485478
12,WROL2019_1002,526.2059831
1,WROL2019_1002,526.7911578
1,WROL2019_1002,526.8697208
24,WROL2019_1002,527.067876
13,WROL2019_1002,527.1043088
20,WROL2019_1002,527.119548
61,WROL2019_1002,527.1406303
25,WROL2019_1002,527.1688941
20,WROL2019_1002,527.2052527
13,WROL2019_1002,527.2132966
49,WROL2019_1002,527.2497482
9,WROL2019_1002,527.286221
7,WROL2019_1002,528.1456028
1,WROL2019_1002,528.1899392
13,WROL2019_1002,529.0623135
31,WROL2019_1002,529.0987766
7,WROL2019_1002,529.1119142
15,WROL2019_1002,529.1199539
15,WROL2019_1002,529.1352266
24,WROL2019_1002,529.1482619
21,WROL2019_1002,529.1563324
28,WROL2019_1002,529.1715733
32,WROL2019_1002,529.1846285
43,WROL2019_1002,529.1926477
31,WROL2019_1002,529.20788
35,WROL2019_1002,529.2209453
21,WROL2019_1002,529.2289568
37,WROL2019_1002,529.2653781
11,WROL2019_1002,529.3018571
11,WROL2019_1002,531.0416465
15,WROL2019_1002,531.0779582
8,WROL2019_1002,531.0990722
29,WROL2019_1002,531.1143593
23,WROL2019_1002,531.1274715
32,WROL2019_1002,531.1355188
14,WROL2019_1002,531.1451941
36,WROL2019_1002,531.1508301
16,WROL2019_1002,531.1639293
7,WROL2019_1002,531.1872737
5,WROL2019_1002,531.200356
4,WROL2019_1002,531.2236567
16,WROL2019_1002,531.2367091
28,WROL2019_1002,531.2447105
42,WROL2019_1002,531.2730164
24,WROL2019_1002,531.2810443
7,WROL2019_1002,533.057373
6,WROL2019_1002,533.0937648
4,WROL2019_1002,533.1068474
65,WROL2019_1002,533.1300753
35,WROL2019_1002,533.1431474
53,WROL2019_1002,533.1664085
32,WROL2019_1002,533.1794921
51,WROL2019_1002,533.2028248
30,WROL2019_1002,533.2159146
10,WROL2019_1002,533.2392849
11,WROL2019_1002,533.2523533
6,WROL2019_1002,533.288751
31,WROL2019_1002,535.0728988
59,WROL2019_1002,535.1093287
11,WROL2019_1002,535.1224591
27,WROL2019_1002,535.145776
3,WROL2019_1002,535.1588895
9,WROL2019_1002,535.1821781
9,WROL2019_1002,535.1952518
41,WROL2019_1002,535.2185077
39,WROL2019_1002,535.2315419
38,WROL2019_1002,535.2548104
27,WROL2019_1002,535.2678845
10,WROL2019_1002,536.068154
17,WROL2019_1002,536.1410043
11,WROL2019_1002,536.2268265
8,WROL2019_1002,537.0522563
11,WROL2019_1002,537.0886783
1,WROL2019_1002,537.1018434
25,WROL2019_1002,537.1250301
4,WROL2019_1002,537.1381514
12,WROL2019_1002,537.1533663
44,WROL2019_1002,537.1613453
22,WROL2019_1002,537.1743741
29,WROL2019_1002,537.1896823
40,WROL2019_1002,537.1976963
20,WROL2019_1002,537.210727
45,WROL2019_1002,537.2341106
25,WROL2019_1002,537.2472115
9,WROL2019_1002,537.26252
8,WROL2019_1002,537.2836503
1,WROL2019_1002,537.9808131
1,WROL2019_1002,538.921996
3,WROL2019_1002,538.9782122
3,WROL2019_1002,539.0468177
8,WROL2019_1002,539.067907
6,WROL2019_1002,539.0962422
44,WROL2019_1002,539.1042341
3,WROL2019_1002,539.1219345
19,WROL2019_1002,539.1325679
50,WROL2019_1002,539.1405923
3,WROL2019_1002,539.1535347
49,WROL2019_1002,539.1770095
4,WROL2019_1002,539.1898097
18,WROL2019_1002,539.2134582
36,WROL2019_1002,539.2264608
4,WROL2019_1002,539.2498489
16,WROL2019_1002,539.2628953
1,WROL2019_1002,539.2741524
28,WROL2019_1002,539.2861552
30,WROL2019_1002,540.1722539
21,WROL2019_1002,541.0834903
16,WROL2019_1002,541.1118586
34,WROL2019_1002,541.1198596
24,WROL2019_1002,541.1482561
32,WROL2019_1002,541.1563042
9,WROL2019_1002,541.1658943
24,WROL2019_1002,541.1846595
19,WROL2019_1002,541.1927258
4,WROL2019_1002,541.2419737
36,WROL2019_1002,541.2654098
13,WROL2019_1002,541.3017436
7,WROL2019_1002,541.3381308
1,WROL2019_1002,541.8849706
11,WROL2019_1002,542.1435132
20,WROL2019_1002,542.2242686
31,WROL2019_1002,543.0780295
32,WROL2019_1002,543.0991634
40,WROL2019_1002,543.114404
16,WROL2019_1002,543.1275273
26,WROL2019_1002,543.1355745
25,WROL2019_1002,543.1508445
33,WROL2019_1002,543.1638922
4,WROL2019_1002,543.1816812
13,WROL2019_1002,543.208358
40,WROL2019_1002,543.236669
30,WROL2019_1002,543.2447106
9,WROL2019_1002,543.2576677
25,WROL2019_1002,543.2810376
18,WROL2019_1002,543.3174203
1,WROL2019_1002,544.1405274
18,WROL2019_1002,544.2319212
19,WROL2019_1002,545.0572907
45,WROL2019_1002,545.0936763
14,WROL2019_1002,545.1068017
26,WROL2019_1002,545.1300991
30,WROL2019_1002,545.1664868
18,WROL2019_1002,545.1795808
24,WROL2019_1002,545.2028753
20,WROL2019_1002,545.2159456
23,WROL2019_1002,545.2392474
32,WROL2019_1002,545.252293
33,WROL2019_1002,545.2603323
23,WROL2019_1002,545.2967055
15,WROL2019_1002,545.3331093
25,WROL2019_1002,547.0729115
56,WROL2019_1002,547.1093276
19,WROL2019_1002,547.1224545
32,WROL2019_1002,547.1457465
21,WROL2019_1002,547.1821601
10,WROL2019_1002,547.195246
24,WROL2019_1002,547.2185286
32,WROL2019_1002,547.2315822
30,WROL2019_1002,547.2679139
6,WROL2019_1002,549.0523068
37,WROL2019_1002,549.088607
5,WROL2019_1002,549.1016901
40,WROL2019_1002,549.1249497
22,WROL2019_1002,549.1380619
54,WROL2019_1002,549.1613484
25,WROL2019_1002,549.1744615
26,WROL2019_1002,549.1977979
9,WROL2019_1002,549.210891
6,WROL2019_1002,549.2342233
4,WROL2019_1002,549.2472846
16,WROL2019_1002,549.2705595
5,WROL2019_1002,549.2738575
20,WROL2019_1002,549.2836161
14,WROL2019_1002,549.3199153
7,WROL2019_1002,551.0679354
7,WROL2019_1002,551.1043318
1,WROL2019_1002,551.1174375
29,WROL2019_1002,551.1406774
11,WROL2019_1002,551.1537621
57,WROL2019_1002,551.1770063
36,WROL2019_1002,551.2133587
33,WROL2019_1002,551.2497826
29,WROL2019_1002,551.2628533
20,WROL2019_1002,551.27814
4,WROL2019_1002,551.2805722
3,WROL2019_1002,551.2992986
2,WROL2019_1002,551.3170414
1,WROL2019_1002,551.5305989
1,WROL2019_1002,552.3203535
35,WROL2019_1002,553.0835008
39,WROL2019_1002,553.1199203
2,WROL2019_1002,553.1483258
14,WROL2019_1002,553.15635
6,WROL2019_1002,553.1927423
4,WROL2019_1002,553.221077
13,WROL2019_1002,553.2291082
38,WROL2019_1002,553.2654155
22,WROL2019_1002,553.2784393
6,WROL2019_1002,553.3017319
1,WROL2019_1002,553.5272272
17,WROL2019_1002,554.1879383
22,WROL2019_1002,554.2009308
26,WROL2019_1002,555.0991941
15,WROL2019_1002,555.1144718
14,WROL2019_1002,555.1275339
41,WROL2019_1002,555.1355157
30,WROL2019_1002,555.1638563
37,WROL2019_1002,555.1718817
35,WROL2019_1002,555.2002557
41,WROL2019_1002,555.2083106
15,WROL2019_1002,555.2366913
22,WROL2019_1002,555.2447317
1,WROL2019_1002,555.2574988
14,WROL2019_1002,555.2811349
16,WROL2019_1002,555.3175
1,WROL2019_1002,555.5255114
6,WROL2019_1002,556.1227568
19,WROL2019_1002,557.1147378
27,WROL2019_1002,557.1300498
18,WROL2019_1002,557.1431731
30,WROL2019_1002,557.1512105
27,WROL2019_1002,557.1665019
7,WROL2019_1002,557.1876654
4,WROL2019_1002,557.2029347
2,WROL2019_1002,557.2160028
4,WROL2019_1002,557.2240433
28,WROL2019_1002,557.2523238
34,WROL2019_1002,557.2603431
22,WROL2019_1002,557.2966936
14,WROL2019_1002,557.3330918
12,WROL2019_1002,558.182878
20,WROL2019_1002,559.1305046
31,WROL2019_1002,559.1457591
17,WROL2019_1002,559.1588472
16,WROL2019_1002,559.1668928
42,WROL2019_1002,559.1821129
32,WROL2019_1002,559.1951908
36,WROL2019_1002,559.218478
6,WROL2019_1002,559.2275426
33,WROL2019_1002,559.2315083
13,WROL2019_1002,559.2526359
18,WROL2019_1002,559.2678694
22,WROL2019_1002,559.275944
20,WROL2019_1002,559.3123755
2,WROL2019_1002,559.3309953
1,WROL2019_1002,560.8805292
31,WROL2019_1002,561.0885964
36,WROL2019_1002,561.1249496
27,WROL2019_1002,561.1380514
48,WROL2019_1002,561.1613226
33,WROL2019_1002,561.174437
47,WROL2019_1002,561.1977378
26,WROL2019_1002,561.2108325
24,WROL2019_1002,561.2341689
38,WROL2019_1002,561.2472337
24,WROL2019_1002,561.2836218
22,WROL2019_1002,563.0678883
18,WROL2019_1002,563.1172743
21,WROL2019_1002,563.1405582
22,WROL2019_1002,563.1536614
54,WROL2019_1002,563.1769915
43,WROL2019_1002,563.1900782
24,WROL2019_1002,563.2134533
14,WROL2019_1002,563.2265301
6,WROL2019_1002,563.2498851
8,WROL2019_1002,563.2629294
14,WROL2019_1002,563.2992548
17,WROL2019_1002,564.1357944
1,WROL2019_1002,564.8754416
20,WROL2019_1002,565.0834965
39,WROL2019_1002,565.1198553
6,WROL2019_1002,565.1328538
55,WROL2019_1002,565.1562409
58,WROL2019_1002,565.1926702
2,WROL2019_1002,565.2059856
18,WROL2019_1002,565.2290953
31,WROL2019_1002,565.2421147
11,WROL2019_1002,565.265494
9,WROL2019_1002,565.2785511
14,WROL2019_1002,565.3148801
3,WROL2019_1002,565.4392762
21,WROL2019_1002,566.1879259
32,WROL2019_1002,567.0991239
19,WROL2019_1002,567.1144414
37,WROL2019_1002,567.1355091
47,WROL2019_1002,567.1719283
29,WROL2019_1002,567.2083672
24,WROL2019_1002,567.2577134
13,WROL2019_1002,567.2941213
2,WROL2019_1002,567.4363516
15,WROL2019_1002,568.1672062
19,WROL2019_1002,568.2165807
2,WROL2019_1002,568.7249908
1,WROL2019_1002,568.9165754
30,WROL2019_1002,569.1148198
35,WROL2019_1002,569.1511486
37,WROL2019_1002,569.187546
23,WROL2019_1002,569.2159308
16,WROL2019_1002,569.2240021
15,WROL2019_1002,569.2603976
5,WROL2019_1002,569.2733113
17,WROL2019_1002,569.2967668
18,WROL2019_1002,569.3331387
14,WROL2019_1002,570.2322657
1,WROL2019_1002,570.7229321
1,WROL2019_1002,570.740632
1,WROL2019_1002,570.9135839
22,WROL2019_1002,571.1092688
22,WROL2019_1002,571.1304978
32,WROL2019_1002,571.1668307
40,WROL2019_1002,571.182107
41,WROL2019_1002,571.2032259
36,WROL2019_1002,571.2396134
25,WROL2019_1002,571.2759998
16,WROL2019_1002,571.3123831
6,WROL2019_1002,572.2711568
10,WROL2019_1002,573.1250496
9,WROL2019_1002,573.1745108
42,WROL2019_1002,573.197764
37,WROL2019_1002,573.210815
25,WROL2019_1002,573.2188472
31,WROL2019_1002,573.2341146
21,WROL2019_1002,573.2471238
4,WROL2019_1002,573.283455
11,WROL2019_1002,573.2915783
9,WROL2019_1002,573.328046
30,WROL2019_1002,575.1042067
45,WROL2019_1002,575.1406485
14,WROL2019_1002,575.1537642
31,WROL2019_1002,575.1770488
8,WROL2019_1002,575.1901608
19,WROL2019_1002,575.2134548
14,WROL2019_1002,575.2265278
5,WROL2019_1002,575.2498591
21,WROL2019_1002,575.2628917
11,WROL2019_1002,575.2992447
10,WROL2019_1002,575.3355651
2,WROL2019_1002,577.083636
15,WROL2019_1002,577.1199641
4,WROL2019_1002,577.1330449
38,WROL2019_1002,577.1562605
22,WROL2019_1002,577.1693101
30,WROL2019_1002,577.1925958
8,WROL2019_1002,577.2056318
31,WROL2019_1002,577.228987
32,WROL2019_1002,577.2420516
24,WROL2019_1002,577.2654521
25,WROL2019_1002,577.2785365
6,WROL2019_1002,577.3149596
1,WROL2019_1002,578.8911107
11,WROL2019_1002,579.0627469
26,WROL2019_1002,579.0991443
52,WROL2019_1002,579.1355571
28,WROL2019_1002,579.1719887
10,WROL2019_1002,579.2084055
26,WROL2019_1002,579.2213306
26,WROL2019_1002,579.2578058
12,WROL2019_1002,579.281131
17,WROL2019_1002,579.2941872
12,WROL2019_1002,580.2165603
4,WROL2019_1002,581.0785375
8,WROL2019_1002,581.114907
25,WROL2019_1002,581.1512407
40,WROL2019_1002,581.187544
27,WROL2019_1002,581.2238863
29,WROL2019_1002,581.2370318
9,WROL2019_1002,581.2602421
6,WROL2019_1002,581.2732755
7,WROL2019_1002,581.4341979
1,WROL2019_1002,581.6699373
2,WROL2019_1002,582.1959998
1,WROL2019_1002,582.9323106
20,WROL2019_1002,583.0941087
46,WROL2019_1002,583.1304556
38,WROL2019_1002,583.1668275
38,WROL2019_1002,583.203222
1,WROL2019_1002,583.227576
28,WROL2019_1002,583.2315587
34,WROL2019_1002,583.2396061
28,WROL2019_1002,583.2759788
19,WROL2019_1002,583.3123586
1,WROL2019_1002,584.8694172
16,WROL2019_1002,585.146167
2,WROL2019_1002,585.1825981
25,WROL2019_1002,585.2552116
16,WROL2019_1002,585.2915876
6,WROL2019_1002,585.3279528
3,WROL2019_1002,586.8364893
2,WROL2019_1002,586.8850733
20,WROL2019_1002,587.1406777
34,WROL2019_1002,587.177037
39,WROL2019_1002,587.2134147
33,WROL2019_1002,587.2628369
1,WROL2019_1002,587.9268437
1,WROL2019_1002,588.8334532
10,WROL2019_1002,589.0835672
20,WROL2019_1002,589.1199537
19,WROL2019_1002,589.1563464
3,WROL2019_1002,589.1694689
39,WROL2019_1002,589.1926686
27,WROL2019_1002,589.2056902
14,WROL2019_1002,589.2289617
3,WROL2019_1002,589.2783637
1,WROL2019_1002,589.5038286
7,WROL2019_1002,591.0992585
22,WROL2019_1002,591.1356113
47,WROL2019_1002,591.1719209
37,WROL2019_1002,591.2082739
1,WROL2019_1002,591.2216623
17,WROL2019_1002,591.2576834
23,WROL2019_1002,591.2941288
7,WROL2019_1002,593.1149152
10,WROL2019_1002,593.1512925
17,WROL2019_1002,593.1876494
5,WROL2019_1002,593.200443
34,WROL2019_1002,593.2239829
36,WROL2019_1002,593.2603279
1,WROL2019_1002,593.3000464
7,WROL2019_1002,593.3461608
1,WROL2019_1002,593.4818082
9,WROL2019_1002,595.1669326
31,WROL2019_1002,595.2032553
27,WROL2019_1002,595.2395404
16,WROL2019_1002,595.2527251
2,WROL2019_1002,595.3067306
1,WROL2019_1002,595.3431933
1,WROL2019_1002,595.3527913
25,WROL2019_1002,597.1097466
25,WROL2019_1002,597.1461535
21,WROL2019_1002,597.1825538
6,WROL2019_1002,597.4291297
9,WROL2019_1002,599.0678841
21,WROL2019_1002,599.1617354
10,WROL2019_1002,599.2265533
6,WROL2019_1002,599.2709891
18,WROL2019_1002,599.3073245
2,WROL2019_1002,600.8520651
23,WROL2019_1002,601.1693604
26,WROL2019_1002,601.2057413
34,WROL2019_1002,601.229062
13,WROL2019_1002,601.2866018
18,WROL2019_1002,601.3229367
1,WROL2019_1002,601.8516986
1,WROL2019_1002,602.6859864
2,WROL2019_1002,602.8490696
1,WROL2019_1002,602.9398634
27,WROL2019_1002,603.1356052
2,WROL2019_1002,603.1487726
26,WROL2019_1002,603.1719825
9,WROL2019_1002,603.1850761
30,WROL2019_1002,603.2083385
26,WROL2019_1002,603.2447255
21,WROL2019_1002,603.2940887
32,WROL2019_1002,605.1511467
38,WROL2019_1002,605.1875616
24,WROL2019_1002,605.2240165
30,WROL2019_1002,605.2370361
2,WROL2019_1002,605.3098944
4,WROL2019_1002,607.0941974
4,WROL2019_1002,607.1305806
21,WROL2019_1002,607.1669111
42,WROL2019_1002,607.2032299
33,WROL2019_1002,609.1461181
26,WROL2019_1002,609.1825271
16,WROL2019_1002,609.218939
3,WROL2019_1002,613.1411651
3,WROL2019_1002,614.8677203
1,WROL2019_1002,615.8673516
1,WROL2019_1002,616.8647438
27,WROL2019_1002,617.1512172
18,WROL2019_1002,617.1876244
14,WROL2019_1002,617.2370973
36,WROL2019_1002,619.166868
11,WROL2019_1002,619.1798721
10,WROL2019_1002,619.2033
8,WROL2019_1002,619.239708
2,WROL2019_1002,619.3367538
1,WROL2019_1002,620.8473932
3,WROL2019_1002,621.1462193
3,WROL2019_1002,621.1826382
1,WROL2019_1002,623.125512
4,WROL2019_1002,623.1619086
4,WROL2019_1002,623.198281
9,WROL2019_1002,623.2346128
1,WROL2019_1002,626.331056
3,WROL2019_1002,628.883449
1,WROL2019_1002,629.4583093
4,WROL2019_1002,633.3523584
1,WROL2019_1002,634.8630346
8,WROL2019_1002,635.1618634
2,WROL2019_1002,635.1982984
21,WROL2019_1002,637.1046586
1,WROL2019_1002,637.3263127
2,WROL2019_1002,637.3724111
12,WROL2019_1002,639.1203473
2,WROL2019_1002,639.3329382
2,WROL2019_1002,639.369482
1,WROL2019_1002,639.3790061
1,WROL2019_1002,640.3728395
1,WROL2019_1002,642.8990826
25,WROL2019_1002,645.1460959
1,WROL2019_1002,646.6355066
1,WROL2019_1002,648.6511569
8,WROL2019_1002,651.3153224
9,WROL2019_1002,653.1876343
2,WROL2019_1002,660.8189198
3,WROL2019_1002,660.9096639
1,WROL2019_1002,662.9065636
18,WROL2019_1002,663.1930956
19,WROL2019_1002,667.2607193
3,WROL2019_1002,673.2646804
1,WROL2019_1002,674.8345643
3,WROL2019_1002,674.9253116
27,WROL2019_1002,675.2294569
1,WROL2019_1002,676.922185
15,WROL2019_1002,677.2451546
7,WROL2019_1002,679.2970854
1,WROL2019_1002,680.3336001
2,WROL2019_1002,683.3591525
1,WROL2019_1002,683.3955681
1,WROL2019_1002,688.8502299
1,WROL2019_1002,706.8606777
1,WROL2019_1002,725.4248594
1,WROL2019_1002,727.3855295
1,WROL2019_1002,727.4217929
1,WROL2019_1002,738.8872044
2,WROL2019_1002,752.9025521
1,WROL2019_1002,766.2323783
1,WROL2019_1002,766.9182082
2,WROL2019_1002,780.2482655
1,WROL2019_1002,822.2585969
1,WROL2019_1002,838.2901207
