wrol_sample_id,whondrs_id,Site,Watershed,Sampling Event,sample_date,Fe,Fe2,Fe3,Total Fe Flag,Fe2 Flag,DOC,DOC SD,TN,TN SD,C/N,fi,hix,fi_new,manta_probe1,manta_probe2,freshness,b,t,a,m,c,uva254,uva412,S275295,S350400,SR,S280450,totala250450,totala300340,uva254corr,suva254,suva254corr,perOverSUVA,old_name/alias,notes,season,season_n,season_tb,wrol_mo_end_member
1,169,CT-BUNN,Connecticut,01-Summer 2019,28-Aug-19,379,39,340,,,1.102,0.064,0.64,0.113,1.723,1.310129318,5.224351399,1.694382193,308.5252478,122.4108507,0.713313154,0.1003085,0.104041975,0.339784878,0.200862338,0.156240104,6.436011845,0.92171986,0.009102742,0.016472551,0.55260062,0.014665965,567.2963514,144.1831162,4.21274232,5.841408678,3.823540126,0.528,,,Summer,3,Summer,seasonal
2,162,CT-EBRA,Connecticut,01-Summer 2019,5-Aug-19,52,,NA,,,2.428,0.311,0.244,0.039,9.969,1.124519931,8.877683259,1.455003745,533.0893105,220.7035497,0.552897989,0.06863983,0.123023321,0.575749022,0.325798755,0.23739539,8.912146251,0.727668483,0.015248052,0.018029035,0.845749793,0.016967692,626.215383,145.6975928,NA,3.670196466,NA,NA,,,Summer,3,Summer,seasonal
3,173,CT-FARM,Connecticut,01-Summer 2019,29-Aug-19,150,12,138,,,2.722,0.636,1.255,0.045,2.169,1.351236378,6.108998548,1.652024113,648.8153311,250.9463024,0.69961751,0.186891308,0.222593877,0.734336436,0.438416119,0.34239401,8.584147497,0.792230251,0.014489572,0.017588061,0.823829957,0.016986438,620.2425908,146.7072426,7.682063028,3.153083257,2.821734403,0.117,,,Summer,3,Summer,seasonal
4,NA,CT-MOOS,Connecticut,01-Summer 2019,5-Aug-19,274,,NA,,,4.171,0.544,0.244,0.037,17.089,1.123626758,10.84879522,1.464743114,1052.31744,449.9608196,0.514437905,0.11442762,0.181345976,1.127665922,0.658816167,0.49504957,18.55953208,1.727457489,0.013693039,0.01774673,0.771580962,0.016201776,1367.899136,326.8180771,NA,4.449870477,NA,NA,,eliminate,Summer,8,Summer,seasonal
5,170,CT-NEPA,Connecticut,01-Summer 2019,28-Aug-19,243,12,231,,,2.437,0.177,0.679,0.073,3.59,1.282070322,10.01119404,1.593149006,532.7061856,210.2199115,0.657423495,0.120280873,0.09532465,0.560975209,0.303452021,0.256231292,8.359015523,0.858588293,0.012305356,0.017818757,0.69058442,0.015926337,644.7574748,157.6957093,6.849641054,3.429724007,2.810424062,0.22,,,Summer,3,Summer,seasonal
6,166,CT-PASS,Connecticut,01-Summer 2019,6-Aug-19,24,,NA,,,2.246,0.064,0.432,0.165,5.194,1.193885754,6.774177727,1.530910456,465.5114694,175.3161509,0.614566328,0.095987494,0.123603727,0.516547025,0.300284352,0.205525512,7.425133196,0.565861433,0.01632189,0.018051947,0.904162263,0.017497291,505.9606847,115.2012455,NA,3.306083808,NA,NA,,,Summer,3,Summer,seasonal
7,168,CT-PHEL,Connecticut,01-Summer 2019,28-Aug-19,200,9,191,,,2.111,0.039,0.566,0.16,3.727,1.158681509,11.34576563,1.466854404,661.3384227,272.3226463,0.570609357,0.100949492,0.104671314,0.683675198,0.373950487,0.28809726,8.901489976,1.075563054,0.011292335,0.016408458,0.688202121,0.014687376,719.0938135,176.6627881,7.653551624,4.216750854,3.625586327,0.163,,,Summer,3,Summer,seasonal
8,164,CT-POPE,Connecticut,01-Summer 2019,6-Aug-19,7,,NA,,,0.789,0.013,0.696,0.01,1.134,1.241988849,18.66446373,1.550661865,194.0952928,83.00757707,0.607296309,0.006343983,0.008610972,0.210741117,0.116872572,0.096585202,2.283475047,0.196537728,0.0143048,0.01832541,0.780599187,0.017669516,163.3315783,38.7920165,NA,2.893525668,NA,NA,,,Summer,3,Summer,seasonal
9,NA,CT-SLPR,Connecticut,01-Summer 2019,5-Aug-19,12,,NA,,,1.855,0.399,0.286,0.153,6.494,1.238913215,9.827442758,1.552525886,426.6629051,166.7805758,0.648837235,0.045062316,0.109358996,0.484590614,0.264060069,0.197101187,4.7629229,0.340147332,0.016374054,0.018486442,0.885733105,0.017502361,318.1703859,72.13505842,NA,2.56748499,NA,NA,,eliminate,Summer,8,Summer,seasonal
10,171,CT-STIL,Connecticut,01-Summer 2019,28-Aug-19,134,27,107,,,3.379,0.028,0.843,0.21,4.009,1.334971093,4.090064167,1.713711741,1063.287904,426.3533412,0.70438731,0.256436719,0.612337684,1.163690729,0.677563937,0.569058394,12.18806873,1.150901022,0.014005938,0.017241736,0.812327556,0.016509787,888.5580904,210.4859335,11.48723367,3.606962993,3.399556375,0.061,,,Summer,3,Summer,seasonal
11,172,CT-THOM,Connecticut,01-Summer 2019,29-Aug-19,48,6,42,,,2.818,0.021,0.485,0.063,5.808,1.275219551,6.347949325,1.606880085,608.6143896,217.6938849,0.683536686,0.139403386,0.191303007,0.701683049,0.395876522,0.275338426,8.372879191,0.649586136,0.017224528,0.018170889,0.947918852,0.01780713,569.4394592,129.6101929,8.098146956,2.970942219,2.873459194,0.034,,,Summer,3,Summer,monthly
12,167,CT-UNIO,Connecticut,01-Summer 2019,28-Aug-19,110,0,110,,,3.212,0.007,0.816,0.096,3.938,1.25137804,7.621400149,1.549805089,691.9203094,264.0234584,0.661811503,0.123377214,0.163139114,0.739546869,0.420632772,0.323396041,10.17357997,0.895694202,0.014776891,0.017760249,0.832020457,0.016308936,727.216579,169.9610106,9.455279966,3.167165227,2.943549274,0.076,,,Summer,3,Summer,seasonal
13,165,CT-W9,Connecticut,01-Summer 2019,6-Aug-19,2,,NA,,,1.133,0.216,0.154,0.067,7.337,1.227832878,40.17816943,1.577675124,255.071059,116.6638309,0.570783251,0.020529951,0.000318232,0.261206951,0.151606034,0.13168108,3.037302983,0.262600047,0.013563182,0.018075068,0.750380706,0.016812033,219.33947,52.24449621,NA,2.680670797,NA,NA,,,Summer,3,Summer,seasonal
14,32,BEA-SHI,Deschutes,01-Summer 2019,11-Sep-19,50,0,50,,,0.388,0.071,0.035,NA,10.987,1.170956624,3.085362729,1.622869247,66.14431868,28.5481669,0.544184519,0.01815546,0.026942538,0.078755957,0.037312158,0.032187534,1.596699516,0.197767213,0.012730414,0.014305374,0.889904311,0.014499077,128.3005176,30.81083242,1.270199516,4.117567232,3.275589335,0.257,,,#N/A,#N/A,#N/A,#N/A
15,26,BRO-LAP,Deschutes,01-Summer 2019,10-Sep-19,-20,60,-80,1,1,0.196,0.028,0.016,0.042,12.199,1.211703546,1.43912531,1.580622042,22.36814734,9.82290543,0.441483129,0.006259774,0.01530465,0.027229774,0.016992865,0.012578682,0.815069353,0.107418653,0.013532621,0.013193737,1.025685236,0.013938871,66.02147581,15.51873267,NA,4.16442704,NA,NA,,,Fall,4,Summer,seasonal
16,25,CUL-LAP,Deschutes,01-Summer 2019,10-Sep-19,20,10,10,,,0.132,0.01,0.01,0.114,13.53,1.168169779,0.656934708,1.209511489,16.57456189,6.287908724,0.725621691,0.002050646,0.029123162,0.033315605,0.015003423,0.009807262,0.770703145,0.056614736,0.013887393,0.017344354,0.800686675,0.019015865,52.27404579,12.39617871,0.705403145,5.842477404,5.34745701,0.093,,,Fall,4,Summer,seasonal
17,29,DES-BFA,Deschutes,01-Summer 2019,10-Sep-19,100,0,100,,,1.197,0.197,0.078,0.639,15.415,1.1531246,2.680332473,1.461786082,126.0482789,47.46919165,0.698863145,0.074629248,0.091000715,0.147567866,0.079706241,0.054857082,3.237312009,0.387441027,0.014734751,0.01421388,1.036645224,0.014062991,245.7093418,56.63357852,2.584312009,2.704172564,2.158712417,0.253,,,Fall,4,Summer,seasonal
18,24,DES-LAP,Deschutes,01-Summer 2019,10-Sep-19,30,0,30,,,0.612,0,0.043,0.103,14.375,1.099997363,1.487576717,1.588027763,41.55766404,17.16140034,0.710426394,0.036025933,0.057914391,0.056102747,0.031369249,0.021493094,0.859451984,0.029925284,0.01655395,0.026745894,0.618934257,0.030133997,56.15309679,13.60906822,0.663551984,1.403210553,1.08336843,0.295,,,Fall,4,Summer,seasonal
19,30,DES-MAD,Deschutes,01-Summer 2019,11-Sep-19,30,0,30,,,0.865,0.032,0.327,0.094,2.647,1.218915623,0.787594191,1.500950465,138.45604,45.37575177,1.152390562,0.098881325,0.464319179,0.159980715,0.102017413,0.053107103,2.120242054,0.097307311,0.018040108,0.021194307,0.851177038,0.022581835,129.0301179,28.52784927,1.924342054,2.452171779,2.225603096,0.102,,,Fall,4,Summer,seasonal
20,33,DES-MOO,Deschutes,01-Summer 2019,11-Sep-19,40,0,40,,,1.073,0.075,0.317,1.575,3.38,1.184367079,3.997302782,1.563897912,140.1080545,53.56599936,0.703338057,0.05117095,0.079084552,0.159307718,0.08176279,0.061314818,2.459855442,0.266206647,0.015025029,0.014529581,1.034099225,0.015010655,182.5421047,42.08975786,2.198655442,2.292844028,2.049378152,0.119,,,Fall,4,Summer,monthly
21,NA,DES-WIC,Deschutes,01-Summer 2019,10-Sep-19,90,0,90,,,1.342,0.092,0.159,0.17,8.449,1.220317942,2.450060432,1.49749344,129.8797477,44.85286668,0.801733486,0.084613306,0.101927386,0.143977117,0.079508173,0.054599988,2.896487525,0.264490954,0.016449753,0.016507736,0.996487518,0.015761827,204.3963825,46.16885388,2.308787525,2.157774757,1.719960262,0.255,,eliminate,Summer,9,Summer,seasonal
22,NA,LDS-LAP,Deschutes,01-Summer 2019,10-Sep-19,200,40,160,,,1.366,0.071,0.114,0.604,11.996,1.131396085,1.739511291,1.391418716,203.7323744,80.08163894,0.735075152,0.083256263,0.299350723,0.225817529,0.126153775,0.085572491,4.942040832,0.578632301,0.011917431,0.016154543,0.737713945,0.01487547,392.0767668,95.34486179,3.897240832,3.617511352,2.852730973,0.268,,eliminate,Summer,9,Summer,seasonal
23,31,WRM-HOT,Deschutes,01-Summer 2019,11-Sep-19,40,0,40,,,0.737,0.092,0.04,0.021,18.503,1.247224914,3.242839423,1.541760749,129.0108028,53.04774705,0.573648648,0.039394851,0.090633886,0.14353757,0.069702838,0.058234761,2.671897901,0.317043122,0.013093947,0.01484059,0.882306374,0.014457044,209.1238409,49.54404686,2.410697901,3.623947407,3.269676736,0.108,,,#N/A,#N/A,#N/A,#N/A
24,7,EAS-ALM,Gunnison,01-Summer 2019,17-Aug-19,NA,NA,NA,,,1.238,NA,0.348,0.873,3.557,1.248830263,173.2410257,1.567422494,268.2020891,101.5294924,0.593627173,0.049131897,0,0.28678551,0.147740255,0.117478091,2.784326577,0.279860103,0.013861318,0.017108738,0.81018939,0.016429467,203.3626208,47.91210601,NA,2.249533841,NA,NA,,,Summer,3,Summer,seasonal
25,3,EAS-BRA,Gunnison,01-Summer 2019,16-Aug-19,NA,NA,NA,,,0.4,NA,0.123,0.013,3.246,1.297173917,373.1878733,1.6156768,76.56588831,32.84678875,0.429837659,-7.11E-15,0,0.084438665,0.044347436,0.039027969,0.840726244,0.120168442,0.012497369,0.016095491,0.776451575,0.014635796,70.24720127,16.98804108,NA,2.103479719,NA,NA,,,Summer,3,Summer,seasonal
26,6,EAS-PUM,Gunnison,01-Summer 2019,17-Aug-19,NA,NA,NA,,,0.548,NA,0.172,1.035,3.19,1.21997068,170.4701351,1.409962964,130.3538846,54.20951161,0.417875226,0.01762149,0,0.142563913,0.073383999,0.061464081,1.239070997,0.121626178,0.013454773,0.01827045,0.736422631,0.015384615,94.91090952,22.73140385,NA,2.261055724,NA,NA,,,Summer,3,Summer,seasonal
27,1,EAS-ROC,Gunnison,01-Summer 2019,16-Aug-19,NA,NA,NA,,,1.304,0.058,0.116,1.566,11.195,1.171468265,193.5738261,1.409725171,292.6890977,133.281143,0.480474594,0.023708869,0,0.291627415,0.157257385,0.136944336,4.225741455,0.372000148,0.013343573,0.018217775,0.732447972,0.01660211,304.7959198,72.73163272,NA,3.239968768,NA,NA,,,Summer,3,Summer,seasonal
28,2,EAS-RUS,Gunnison,01-Summer 2019,16-Aug-19,NA,NA,NA,,,0.692,NA,0.302,0.612,2.289,1.26821906,48.31061967,1.589830305,107.2279392,44.93264431,0.461068701,0.040275622,0,0.113845401,0.06209931,0.052558229,1.340727882,0.165981982,0.013932804,0.01484239,0.938717066,0.013345359,105.9933858,24.68705308,NA,1.937406322,NA,NA,,,Summer,3,Summer,seasonal
29,11,GUN-GRJ,Gunnison,01-Summer 2019,18-Aug-19,NA,NA,NA,,,4.427,0.354,1.303,0.05,3.397,1.271211564,10.78756179,1.568567789,1178.175156,397.3548767,0.693111372,0.151110435,0.18797038,1.33146447,0.693168907,0.480727503,11.18961677,0.7879026,0.016098598,0.018787038,0.856899224,0.018514114,738.7484675,169.1842508,NA,2.52735019,NA,NA,,,Summer,3,Summer,monthly
30,8,GUN-GUN,Gunnison,01-Summer 2019,18-Aug-19,NA,NA,NA,,,1.777,NA,0.134,0.127,13.296,1.178641241,90.88373963,1.468177973,457.4865269,181.4561778,0.569027141,0.033988062,0,0.472650326,0.25400209,0.196827203,5.983931805,0.542397798,0.01452084,0.017367197,0.836107298,0.016024524,430.6678747,100.7558034,NA,3.36663882,NA,NA,,,Summer,3,Summer,seasonal
31,9,GUN-R32,Gunnison,01-Summer 2019,17-Aug-19,NA,NA,NA,,,2.004,NA,0.124,0.161,16.205,1.184504831,30.48129961,1.491095453,542.9702131,212.3484883,0.607769446,0.068034154,0.051470393,0.58850744,0.309896345,0.231603175,6.991265828,0.642034984,0.017415132,0.0175133,0.99439464,0.015953174,511.002619,117.7282113,NA,3.488854684,NA,NA,,,Summer,3,Summer,seasonal
32,10,GUN-TUN,Gunnison,01-Summer 2019,18-Aug-19,NA,NA,NA,,,3.356,0.559,0.24,0.108,14.014,1.207177109,13.01409716,1.529433456,932.9406973,345.8769022,0.625461498,0.07468731,0.103062366,1.013733299,0.533908479,0.390361767,10.54439858,0.774709512,0.015216436,0.018944909,0.803193909,0.018245163,713.082919,166.3187078,NA,3.14154658,NA,NA,,,Summer,3,Summer,seasonal
33,5,TAY-RES,Gunnison,01-Summer 2019,16-Aug-19,NA,NA,NA,,,2.828,0.891,0.121,0.09,23.425,1.13301065,80.62408729,1.451771028,761.9849098,319.5115134,0.522438278,0.041307827,0,0.777298029,0.41633167,0.334134795,10.82337182,1.006473283,0.013779342,0.017385732,0.792566117,0.016110732,788.7639816,187.0152716,NA,3.827293041,NA,NA,,,Summer,3,Summer,seasonal
34,4,TAY-TAY,Gunnison,01-Summer 2019,16-Aug-19,NA,NA,NA,,,1.338,0.068,0.071,0.159,18.915,1.155176252,272.8569604,1.463071097,339.9460055,140.7333323,0.502855788,0.018588278,0,0.359171358,0.185802476,0.147221873,5.007082063,0.482577642,0.012708158,0.018410321,0.690273578,0.016671817,379.5379665,92.51253583,NA,3.740866454,NA,NA,,,Summer,3,Summer,seasonal
35,16,BLU-BLU,Willamette,01-Summer 2019,4-Sep-19,30,0,30,,,0.705,0.066,0.042,0.002,16.75,1.152520459,6.196648394,1.603089259,129.9814679,54.47336741,0.608355617,0.021192682,0.048509645,0.147182324,0.083852461,0.06434221,2.452304623,0.245411934,0.013889499,0.016119477,0.861659445,0.017339878,175.3771139,41.19347146,2.256404623,3.480876558,3.202810076,0.087,,,Fall,4,Summer,seasonal
36,15,BLU-TID,Willamette,01-Summer 2019,4-Sep-19,0,0,0,,,0.613,0.008,0.079,0.03,7.786,1.15079622,8.250710602,1.551892531,88.32948052,40.26041396,0.590083714,0.022350111,0.03486474,0.095805854,0.05118468,0.044085379,1.924296595,0.237457262,0.013774693,0.01385987,0.993854399,0.013690211,150.8206405,35.32001953,1.924296595,3.13960802,3.13960802,0,,,Fall,4,Summer,seasonal
37,13,LOO-BLU,Willamette,01-Summer 2019,4-Sep-19,20,0,20,,,0.534,0.039,0.047,0.021,11.35,1.153393891,5.106350965,1.57015878,99.09666283,46.03988765,0.55705836,0.013020729,0.031099412,0.107171346,0.056795525,0.050626735,1.93741586,0.208234089,0.013910988,0.014953462,0.930285463,0.014762515,145.3694896,34.13778689,1.80681586,3.630227253,3.385515888,0.072,,,Fall,4,Summer,seasonal
38,14,HJA-WS1,Willamette,01-Summer 2019,4-Sep-19,10,20,-10,,1,0.673,0.013,0.122,0.091,5.501,1.211083798,8.273733971,1.518381828,126.0108649,59.45917765,0.554101741,0.013229836,0.026431282,0.137521418,0.071428947,0.064295157,2.250448552,0.186226226,0.013321451,0.018912354,0.704378268,0.018853253,160.4406585,39.02879376,2.315748552,3.342448375,3.43943432,-0.028,,,Fall,4,Summer,seasonal
39,12,HJA-WS2,Willamette,01-Summer 2019,4-Sep-19,20,0,20,,,1.572,0.036,0.046,0.069,34.16,1.096446986,9.112623524,1.438217428,292.3789105,144.5020812,0.524945948,0.040961735,0.073140459,0.28749587,0.152040698,0.139112127,7.058979754,0.599175828,0.012723846,0.018672969,0.681404583,0.01731462,522.0619593,127.0853951,6.928379754,4.491836284,4.408731666,0.019,,,Fall,4,Summer,seasonal
40,17,MCK-WAL,Willamette,01-Summer 2019,4-Sep-19,20,0,20,,,0.612,0.049,0.031,0.106,19.722,1.183930179,6.493528513,1.543157487,93.12325446,38.75561011,0.598204911,0.029773765,0.034200978,0.107674016,0.05572056,0.042295899,2.041941647,0.226470743,0.013613783,0.015660189,0.869324301,0.016813261,152.6383691,36.45377022,1.911341647,3.337414118,3.12395734,0.068,,,Fall,4,Summer,seasonal
41,21,WIL-COR,Willamette,01-Summer 2019,6-Sep-19,50,0,50,,,1.087,0.04,0.102,0.032,10.7,1.188510609,4.145526229,1.524339519,193.483805,75.16219568,0.678458857,0.078692397,0.094998471,0.210043667,0.119549296,0.089401688,3.953928523,0.379475168,0.014610311,0.016289349,0.896924177,0.01573904,285.4805291,66.19730921,3.627428523,3.638038717,3.337623665,0.09,,,Fall,4,Summer,seasonal
42,19,WIL-GOS,Willamette,01-Summer 2019,6-Sep-19,220,0,220,,,1.756,0.1,0.121,0.025,14.57,1.198323036,6.360239191,1.518695163,337.4784467,128.9027188,0.635062471,0.100875515,0.100559347,0.381051322,0.21814183,0.151369664,6.130144748,0.580914413,0.014446887,0.017686189,0.816845695,0.016131619,452.8407804,106.9988238,4.693544748,3.490969444,2.672860425,0.306,,,Fall,4,Summer,seasonal
43,20,WIL-HAR,Willamette,01-Summer 2019,4-Sep-19,20,0,20,,,1.074,0.081,0.087,0.168,12.355,1.236877671,4.667370399,1.586815145,168.2552857,67.07100941,0.636684756,0.069374573,0.086107953,0.207101837,0.106373996,0.080431264,3.53341696,0.351354259,0.014571725,0.01571459,0.927273644,0.015275203,256.469604,59.26496781,3.40281696,3.289236156,3.167661418,0.038,,,Fall,4,Summer,seasonal
44,18,WIL-JAS,Willamette,01-Summer 2019,6-Sep-19,10,0,10,,,1.374,0.387,0.093,0.018,14.797,1.208549882,6.581000917,1.534930384,227.7469645,91.07711792,0.637072765,0.071467094,0.084168498,0.253478317,0.133355437,0.103945769,4.929915749,0.488552206,0.014354234,0.016267801,0.882370877,0.016277051,359.3503643,84.39737741,4.864615749,3.587998344,3.540472929,0.013,,,Fall,4,Summer,seasonal
45,22,WIL-POR,Willamette,01-Summer 2019,7-Sep-19,30,0,30,,,1.559,0.079,0.464,0.072,3.363,1.272383595,3.818932102,1.606486978,225.9968662,89.86879519,0.724011211,0.118554586,0.132009897,0.248048364,0.15385791,0.116533349,3.783388974,0.320414543,0.015586115,0.017858462,0.872757976,0.01677414,265.4535132,61.25583702,3.587488974,2.4262598,2.300630557,0.055,,,Fall,4,Summer,monthly
46,186,CT-BUNN,Connecticut,02-Fall 2019,8-Nov-19,263,34,229,,,3.047,0.283,0.531,0.066,5.735,1.220802097,8.401516097,1.540804219,735.4216495,345.3420528,0.592269389,0.125822038,0.166984167,0.777927106,0.467303696,0.397592951,12.64740867,1.226726509,0.012445466,0.017960281,0.692943804,0.016325171,948.2053506,230.8477306,11.15025475,4.151033364,3.659649239,0.134,,,Fall,4,Fall,seasonal
47,183,CT-EBRA,Connecticut,02-Fall 2019,4-Nov-19,31,7,24,,,3.947,0.325,0.173,0.012,22.869,1.139354292,14.00052475,1.475331605,861.195287,420.3976387,0.507731142,0.064137286,0.108379874,0.893085152,0.523288135,0.441612357,16.03669845,1.372953079,0.013799558,0.018224994,0.757177628,0.016800813,1156.829889,276.5733414,15.87831566,4.063057412,4.022929555,0.01,,,Fall,4,Fall,seasonal
48,179,CT-FARM,Connecticut,02-Fall 2019,7-Nov-19,179,3,176,,,3.632,0.304,0.674,0.043,5.392,1.222858097,8.792245329,1.565940831,907.3007632,412.8832914,0.617221276,0.143365273,0.216968623,0.966692884,0.589284186,0.490836484,14.99562665,1.353478476,0.013567883,0.017854923,0.759895868,0.016344613,1102.487878,263.2353816,13.84878026,4.128987672,3.813207963,0.083,,,Fall,4,Fall,seasonal
49,174,CT-MOOS,Connecticut,02-Fall 2019,4-Nov-19,117,40,77,,,6.098,0.601,0.193,0.02,31.638,1.151855013,16.04729854,1.48895594,1347.757944,677.3546505,0.49637629,0.086759204,0.137628941,1.317103982,0.753667335,0.710142179,27.76509759,2.537096226,0.012893103,0.017934224,0.718910585,0.016471898,2049.387215,498.2225358,27.26537089,4.553306218,4.471354096,0.018,,,Fall,4,Fall,seasonal
50,182,CT-NEPA,Connecticut,02-Fall 2019,8-Nov-19,308,13,295,,,3.753,0.474,0.314,0.136,11.959,1.18975357,11.73073027,1.521838417,971.0755718,461.9019938,0.56127285,0.096181604,0.14908971,1.004539746,0.58642529,0.509642585,17.63042156,1.771859098,0.012087871,0.017830288,0.67794029,0.015934357,1350.91755,330.7808108,15.70727599,4.697144924,4.184775246,0.122,,,Fall,4,Fall,seasonal
51,175,CT-PASS,Connecticut,02-Fall 2019,4-Nov-19,43,7,36,,,3.972,0.361,0.269,0.052,14.77,1.166375653,6.642310618,1.500882883,916.1681377,436.7101834,0.570993841,0.088992797,0.328482684,0.943593094,0.56654025,0.469884557,16.14360072,1.380048932,0.013499096,0.018320925,0.736813011,0.016867734,1163.450915,278.9549906,15.90685794,4.063954183,4.004357081,0.015,,,Fall,4,Fall,seasonal
52,185,CT-PHEL,Connecticut,02-Fall 2019,8-Nov-19,217,20,197,,,5.484,0.198,0.291,0.047,18.821,1.16311634,14.8945816,1.496402037,1438.866612,706.5027165,0.510057742,0.117674276,0.196406851,1.43537396,0.841312307,0.770590282,25.66397014,2.511324826,0.012487582,0.017771836,0.702661348,0.01611698,1943.340507,475.2602521,24.37910179,4.679744275,4.445452571,0.053,,,Fall,4,Fall,seasonal
53,177,CT-POPE,Connecticut,02-Fall 2019,5-Nov-19,7,0,7,,,1.797,0.101,0.208,0.075,8.636,1.224618888,15.30589768,1.58017676,396.438366,191.0917394,0.588768917,0.009828287,0.039713534,0.41768402,0.240595194,0.21202944,5.502256838,0.41767257,0.014406813,0.019417489,0.741950395,0.017522927,380.5365714,89.79997478,5.456546838,3.062472447,3.037030956,0.008,,,Fall,4,Fall,seasonal
54,184,CT-SLPR,Connecticut,02-Fall 2019,4-Nov-19,2,3,-1,,,2.592,0.021,0.225,0.57,11.537,1.232519661,15.87835547,1.581266157,613.9392745,285.1799967,0.600231598,0.051369891,0.074102417,0.635466015,0.380447144,0.323716766,8.157755431,0.575513325,0.014899923,0.019907001,0.748476532,0.018138058,556.3619247,130.9653405,8.16671904,3.146900362,3.150358125,-0.001,,,Fall,4,Fall,seasonal
55,180,CT-STIL,Connecticut,02-Fall 2019,7-Nov-19,103,3,100,,,3.987,0.184,0.266,0.004,14.977,1.154985527,10.08145646,1.511904111,922.41482,432.7471418,0.583906499,0.110078774,0.179644601,0.956695848,0.551961349,0.471077551,16.18713567,1.474694503,0.014014622,0.017665408,0.793337024,0.016316096,1179.205961,280.2184183,15.53656927,4.060219953,3.897038357,0.042,,,Fall,4,Fall,seasonal
56,178,CT-THOM,Connecticut,02-Fall 2019,7-Nov-19,107,3,104,,,4.163,0.629,0.366,0.06,11.363,1.180296153,10.57571757,1.529054784,935.7885627,445.0471628,0.542890241,0.101131157,0.15382578,0.969027202,0.594951458,0.50067063,17.28328824,1.556340252,0.013577654,0.017780561,0.76362349,0.016459573,1259.920725,301.7945155,16.60660185,4.152051696,3.989487903,0.041,,,Fall,4,Fall,monthly
57,181,CT-UNIO,Connecticut,02-Fall 2019,7-Nov-19,107,0,107,,,4.075,0.311,0.283,0.313,14.404,1.176837753,10.42446422,1.507025053,907.4109757,416.7446953,0.570670984,0.115180746,0.162447228,0.951606007,0.570983832,0.462538303,15.83994376,1.360600798,0.014020603,0.018247432,0.768360352,0.016854292,1142.242834,272.1219011,15.14123376,3.886883897,3.715430975,0.046,,,Fall,4,Fall,seasonal
58,176,CT-W9,Connecticut,02-Fall 2019,5-Nov-19,5,0,5,,,1.574,0.467,0.119,0.02,13.193,1.213412251,9.096692567,1.562152381,343.6944721,174.4094652,0.571091491,0.049159455,0.067455753,0.344410053,0.200129745,0.186027488,5.58173073,0.462564819,0.013544008,0.018687895,0.72474765,0.017359931,400.5393627,96.04978186,5.54908073,3.545555445,3.524815931,0.006,,,Fall,4,Fall,seasonal
59,43,BRO-LAP,Deschutes,02-Fall 2019,20-Nov-19,-2,12,-14,,1,0.272,0.04,0.041,0.411,6.633,1.001738092,0.473302475,1.703557049,29.21453607,10.62004987,1.251942314,0.044139691,0.155237929,0.04792777,0.02783354,0.012885999,1.138611593,0.064017735,0.017940122,0.01988639,0.902130645,0.020134164,68.63838437,15.59316251,1.232913976,4.182846874,4.529279696,-0.076,,,Fall,4,Fall,seasonal
60,42,CUL-LAP,Deschutes,02-Fall 2019,20-Nov-19,2,3,-1,,,0.209,0.105,0.011,0.056,19.444,1.068161813,2.124767118,2.42625504,13.4308713,7.605963124,0.523841652,0.00608859,0,0.026895778,0.009363072,0.009880281,0.632178236,-0.029134538,0.022875178,0.065522855,0.349117537,0.029709154,26.58441749,5.70104114,0.635825853,3.018628556,3.036045798,-0.006,,,Fall,4,Fall,seasonal
61,46,DES-BFA,Deschutes,02-Fall 2019,21-Nov-19,43,NA,NA,,,0.56,0.214,0.041,0.122,13.805,1.088827349,6.859661278,1.60194902,69.6012052,29.8992237,0.551273938,0.027781813,0,0.077592903,0.041863753,0.033531679,1.926509376,0.16430534,0.015907389,0.01845704,0.861860249,0.017011263,134.9876191,31.61788696,NA,3.439028047,NA,NA,,,Fall,4,Fall,seasonal
62,41,DES-LAP,Deschutes,02-Fall 2019,20-Nov-19,2,-9,11,,1,0.356,0.162,0.025,0.081,14.152,1.247988474,1.735161806,1.833457534,21.94698768,11.66339999,0.394946936,0.024009613,0,0.034695091,0.017866486,0.0142906,0.81741385,0.044770958,0.021965809,0.021835165,1.005983173,0.020795399,49.49338527,10.77786659,0.742701467,2.298340034,2.088269626,0.101,,,#N/A,#N/A,#N/A,seasonal
63,48,DES-MAD,Deschutes,02-Fall 2019,21-Nov-19,0,NA,NA,,,0.663,0.12,0.274,0.416,2.419,1.249509323,6.859990959,1.548228179,98.01778894,38.28279803,0.673507862,0.02796255,0.004836207,0.111856759,0.062434147,0.046468555,1.761256226,0.139650271,0.017299119,0.017673507,0.978816386,0.01618224,117.4054578,26.11388802,NA,2.657747115,NA,NA,,,Fall,4,Fall,seasonal
64,50,DES-MOO,Deschutes,02-Fall 2019,21-Nov-19,2,NA,NA,,,0.79,0.134,0.198,0.082,3.98,1.230168044,6.857850194,1.695827952,108.5314093,43.14314334,0.633277407,0.041795187,0.010580866,0.124560018,0.064402185,0.049398646,1.889656076,0.120818097,0.019233223,0.020072668,0.958179663,0.018889399,120.4320383,26.53690664,NA,2.392385433,NA,NA,,,Fall,4,Fall,monthly
65,44,DES-WIC,Deschutes,02-Fall 2019,20-Nov-19,2,-9,11,,1,0.913,0.267,0.08,0.035,11.345,1.186215654,3.197222072,1.446787701,68.38078562,26.92889882,0.682535658,0.055387473,0.024384782,0.077196903,0.04227241,0.031429346,1.373066748,0.005341531,0.024928327,0.040652549,0.613204519,0.040628308,70.06904688,14.55094516,1.298354365,1.504629428,1.422758354,0.058,,,Fall,4,Fall,seasonal
66,47,WHY-SIS,Deschutes,02-Fall 2019,21-Nov-19,10,NA,NA,,,0.453,0.195,0.024,0.039,18.779,1.108240659,4.037596589,1.487502677,70.84785247,35.51703192,0.417786889,0.030970346,0,0.078560468,0.040501028,0.035871952,1.373477497,0.079175678,0.016582951,0.023042267,0.719675324,0.021157326,93.31685277,22.30890997,NA,3.029746138,NA,NA,,,#N/A,#N/A,#N/A,seasonal
67,216,EAS-ALM,Gunnison,02-Fall 2019,18-Oct-19,-5,3,-8,1,,1.03,0.04,0.223,0.51,4.611,1.252739109,6.895740163,1.656981741,202.4464167,77.7164531,0.671751824,0.064489215,0.066195082,0.225133079,0.118715464,0.092943903,1.960148716,0.163169964,0.016711165,0.019090209,0.875378846,0.016446013,133.4958711,29.80138768,2.012152599,1.903668106,1.954173526,-0.026,,,Fall,4,Fall,seasonal
68,1004,EAS-BRA,Gunnison,02-Fall 2019,19-Oct-19,-5,0,-5,1,,0.488,0.182,0.218,0.19,2.244,1.212796318,2.866711689,1.634776555,79.14905328,31.95143655,0.675590158,0.04669125,0.04048137,0.098647204,0.052614935,0.040216115,1.492745243,0.132832916,0.016263491,0.016964839,0.958658723,0.01550217,103.4567978,23.37039871,1.524630009,3.05799226,3.123310416,-0.021,,,Fall,4,Fall,seasonal
69,1003,EAS-PUM,Gunnison,02-Fall 2019,19-Oct-19,5,15,-10,,1,0.721,0.067,0.129,0.814,5.596,1.177053265,3.763047746,1.595787439,123.5009083,49.56774612,0.660553547,0.057664721,0.034236238,0.142543676,0.079272802,0.055744439,1.953378585,0.063567204,0.01874659,0.026698723,0.702153062,0.0250707,112.9189071,24.80709161,2.018263232,2.710386593,2.800416493,-0.032,,,Fall,4,Fall,seasonal
70,1001,EAS-ROC,Gunnison,02-Fall 2019,19-Oct-19,0,0,0,,,0.974,0.224,0.384,0.274,2.535,1.204828043,7.782963884,1.610289881,233.6765644,103.3611258,0.579789034,0.051454823,0.04914454,0.258076301,0.134353994,0.112394573,3.225403141,0.241782494,0.014852816,0.019109063,0.777265501,0.017307426,220.3972983,51.19515034,3.225403141,3.310969158,3.310969158,0,,,Fall,4,Fall,seasonal
71,1002,EAS-RUS,Gunnison,02-Fall 2019,19-Oct-19,-2,12,-14,1,1,0.578,0.059,0.051,0.197,11.263,1.202827143,3.303514282,1.549145834,111.090484,46.31714613,0.652826597,0.057468305,0.034460035,0.133311962,0.074930121,0.053958593,1.556630553,0.102649825,0.017012352,0.018411706,0.923996476,0.017022558,103.1988626,23.35414859,NA,2.694449034,NA,NA,,,Fall,4,Fall,seasonal
72,213,GUN-GRJ,Gunnison,02-Fall 2019,20-Oct-19,-2,3,-5,1,,4,0.198,0.906,0.085,4.416,1.258854957,9.639036826,1.585265715,1198.33948,423.7079183,0.695453675,0.121184802,0.210093581,1.277301752,0.701240249,0.510967658,10.81764591,0.709581056,0.016220377,0.019264249,0.841993765,0.018151397,706.0358382,160.3944581,10.85294217,2.704389047,2.713213041,-0.003,,,Fall,4,Fall,seasonal
73,212,GUN-GUN,Gunnison,02-Fall 2019,18-Oct-19,7,-12,19,,1,1.42,0.173,0.133,0.262,10.708,1.19358946,6.016642136,1.549115232,302.8792893,115.4665728,0.659027306,0.06782732,0.070774272,0.33439168,0.178317853,0.132414716,3.929179577,0.230132225,0.017045808,0.020467938,0.832805303,0.019130695,251.1493641,56.63052099,3.802992429,2.767407173,2.678530803,0.033,,,Fall,4,Fall,seasonal
74,210,GUN-R32,Gunnison,02-Fall 2019,18-Oct-19,17,18,-1,,,1.495,NA,0.036,NA,41.478,1.248196192,6.152405549,1.544113929,350.6897187,134.5039532,0.668081206,0.098583191,0.098839825,0.381751772,0.208195971,0.152457225,4.961523405,0.351374465,0.016374988,0.018086055,0.905393018,0.017502623,326.0624744,73.85200518,4.966050022,3.319477679,3.322506185,-0.001,,,Fall,4,Fall,seasonal
75,209,GUN-TUN,Gunnison,02-Fall 2019,20-Oct-19,-2,3,-5,1,,3.496,0.905,0.337,0.935,10.383,1.196425926,10.17004929,1.509271641,1014.370044,385.9823355,0.620047554,0.104313342,0.17369928,1.092269766,0.606927215,0.434910621,12.22112041,0.811467837,0.015924227,0.019389479,0.821281826,0.018208371,805.3819543,184.6246822,12.25353429,3.495968084,3.505240384,-0.003,,,Fall,4,Fall,seasonal
76,215,TAY-RES,Gunnison,02-Fall 2019,18-Oct-19,12,6,6,,,2.006,0.349,0.258,0.061,7.763,1.131564633,5.535610026,1.455022529,418.549581,152.1234118,0.645196591,0.089041214,0.124950146,0.460920193,0.249982466,0.16873957,6.862010497,0.435623311,0.018258275,0.018907237,0.965676533,0.01810918,438.625415,96.58473037,6.822358263,3.420923681,3.40115582,0.006,,,Fall,4,Fall,seasonal
77,211,TAY-TAY,Gunnison,02-Fall 2019,18-Oct-19,60,NA,NA,,,0.906,0.359,0.173,0.969,5.239,1.142771692,6.113005806,1.481109545,220.3463757,91.53978746,0.580365648,0.044249176,0.040681599,0.23815943,0.129888078,0.097645282,3.54844289,0.338050465,0.013806994,0.017320429,0.797150835,0.015747611,259.5150259,61.00315242,NA,3.915006655,NA,NA,,,Fall,4,Fall,seasonal
78,55,BLU-BLU,Willamette,02-Fall 2019,10-Dec-19,134,3,131,,,0.939,0.432,0.138,0.045,6.803,1.222721971,9.804355408,1.556299603,135.6985804,65.40898667,0.607683999,0.034709614,0.018356343,0.154993612,0.09256242,0.074902346,3.274139055,0.2512383,0.012224133,0.020958293,0.583259929,0.018649849,239.437782,59.11849257,2.418709055,3.487835216,2.576573101,0.354,,,Winter,1,Fall,seasonal
79,53,BLU-TID,Willamette,02-Fall 2019,10-Dec-19,0,-3,3,,,1.139,0.098,0.04,0.24,28.315,1.11340636,18.67755023,1.40768814,173.7548949,92.40774054,0.561638475,0.016341161,0,0.171189523,0.09903151,0.095779027,3.61865042,0.301580689,0.013280722,0.018304457,0.725545793,0.016990805,259.1324263,62.02627776,3.59906042,3.176025016,3.158831222,0.005,,,Winter,1,Fall,seasonal
80,51,HJA-WS1,Willamette,02-Fall 2019,10-Dec-19,0,0,0,,,1.417,0.257,0.047,0.022,30.349,1.161050138,25.7805878,1.474578861,231.2612619,120.1666487,0.541038317,0.002816621,0,0.236162969,0.130047961,0.128991147,4.570819761,0.360632692,0.013451875,0.019016426,0.707381858,0.017332411,323.1899541,77.44473989,4.570819761,3.225929563,3.225929563,0,,,Winter,1,Fall,seasonal
81,52,HJA-WS2,Willamette,02-Fall 2019,10-Dec-19,2,6,-4,1,,2.127,0.098,0.041,0.025,51.897,1.100180041,22.78681488,1.443047468,338.7653078,179.980013,0.497640109,0.032811602,0,0.335763497,0.18888152,0.177199192,9.018840461,0.68399876,0.013037461,0.019936199,0.653959249,0.018173555,648.9609616,158.6062513,9.042078078,4.239180044,4.250102562,-0.003,,,Winter,1,Fall,seasonal
82,45,LDS-LAP,Deschutes,02-Fall 2019,20-Nov-19,143,21,122,,,1.174,0.057,0.046,0.172,25.474,1.128342685,7.024433948,1.435591678,194.8076143,88.27726195,0.52642623,0.058511387,0.01989232,0.214206374,0.117077138,0.092539452,4.47536067,0.397268961,0.012664284,0.019214967,0.659084372,0.017157187,333.4963382,81.40956967,3.67870067,3.812344275,3.133707979,0.217,,,Fall,4,Fall,seasonal
83,54,LOO-BLU,Willamette,02-Fall 2019,10-Dec-19,-5,0,-5,1,,0.805,0.06,0.024,0.045,33.329,1.121392824,22.66319652,1.491111465,119.5239712,63.97487803,0.494975454,0.002769677,0,0.126185145,0.067465808,0.063787026,2.694731713,0.245465053,0.01265481,0.017460205,0.724780138,0.016495548,196.2957375,47.26393414,2.726616479,3.34600527,3.385596074,-0.012,,,Winter,1,Fall,seasonal
84,56,MCK-WAL,Willamette,02-Fall 2019,5-Dec-19,5,0,5,,,0.529,0.093,0.028,0.041,18.677,1.074391035,4.81897199,1.624861143,64.27316678,30.8249928,0.510939275,0.034709148,1.72E-05,0.071745203,0.039950936,0.034045639,1.493630805,0.062144617,0.017603685,0.024505756,0.718349004,0.025612794,92.56952404,21.5808219,1.461746039,2.826110634,2.765781217,0.022,,,Winter,1,Fall,seasonal
85,49,TRO-GAT,Deschutes,02-Fall 2019,21-Nov-19,-2,NA,NA,,,2.345,0.445,2.87,0.44,0.817,1.311301061,16.43779821,1.679273549,685.7223594,267.8955611,0.711108655,0.063360202,0.085615873,0.726359165,0.412138969,0.339277954,6.479677311,0.427163593,0.015092777,0.019490417,0.774369108,0.018500232,426.1529157,98.7363787,NA,2.763050403,NA,NA,,,Fall,4,Fall,seasonal
86,60,WIL-COR,Willamette,02-Fall 2019,6-Dec-19,31,6,25,,,1.162,0.107,0.345,0.001,3.366,1.191017124,5.064709266,1.586262206,185.9891468,78.26165054,0.678079792,0.101064975,0.07487822,0.218963796,0.125819944,0.095888069,3.745016419,0.250440907,0.015656355,0.019760166,0.79231899,0.018771212,249.8603323,57.91531287,3.581766419,3.22233557,3.081869889,0.046,,,Winter,1,Fall,seasonal
87,57,WIL-GOS,Willamette,02-Fall 2019,5-Dec-19,103,12,91,,,1.724,0.049,0.237,0.025,7.261,1.237361188,6.987997477,1.606137213,291.9963163,130.976136,0.650782671,0.07848412,0.070108972,0.321902947,0.194355824,0.155398553,6.079695116,0.59638385,0.013304594,0.017300059,0.769049024,0.015953026,453.5675602,108.3232641,5.485465116,3.525701944,3.181099489,0.108,,,Winter,1,Fall,seasonal
88,59,WIL-HAR,Willamette,02-Fall 2019,5-Dec-19,14,12,2,,,0.989,0.052,0.319,0.015,3.098,1.276921266,4.747497918,1.616428475,142.068813,62.39644227,0.686939001,0.080909076,0.054857604,0.155487876,0.100506337,0.080140229,2.77480724,0.193772713,0.015276843,0.019609601,0.779049171,0.018625307,188.2823565,43.84481009,2.76174724,2.806634926,2.793425125,0.005,,,Winter,1,Fall,seasonal
89,58,WIL-JAS,Willamette,02-Fall 2019,5-Dec-19,26,9,17,,,1.238,0.096,0.057,0.058,21.71,1.14379945,6.220260022,1.506776618,179.2614909,79.91640873,0.604511776,0.058893755,0.016352994,0.198880867,0.110560843,0.088416659,4.154325981,0.374336452,0.015068466,0.016981693,0.88733595,0.016106365,295.5287641,68.42582026,4.043315981,3.355162379,3.265507263,0.027,,,Winter,1,Fall,seasonal
90,61,WIL-POR,Willamette,02-Fall 2019,8-Dec-19,38,0,38,,,1.292,0.076,0.641,0.031,2.015,1.368826219,6.132791364,1.732469527,234.61417,103.6420382,0.636411565,0.066635754,0.077333809,0.266851478,0.165725255,0.144352229,3.580036891,0.229733986,0.014413314,0.020492974,0.703329553,0.01904301,244.1410809,57.67211175,3.331896891,2.770144002,2.578139408,0.074,,,Winter,1,Fall,monthly
91,134,CT-BUNN,Connecticut,03-Winter 2020,22-Mar-20,,27,NA,,,NA,NA,NA,NA,NA,1.167953603,5.978058616,1.496272283,541.6385192,255.8015837,0.555712922,0.091766262,0.143717442,0.569094158,0.338688301,0.280837127,10.82148867,1.110231712,0.012255109,0.017453173,0.702170834,0.015651726,824.1986157,200.3806901,NA,#VALUE!,NA,NA,,,Spring,2,Winter,seasonal
92,124,CT-EBRA,Connecticut,03-Winter 2020,13-Mar-20,17,30,-13,,,3.145,0.368,0.268,0.02,11.751,1.129854799,13.893009,1.452793579,640.178223,315.1511327,0.485493028,0.050841738,0.063559907,0.649769863,0.375165656,0.328194523,11.93601714,0.971579011,0.013387215,0.018951907,0.706378262,0.017406774,854.9608471,206.2327988,12.01795929,3.795110337,3.821164211,-0.007,,,Spring,2,Winter,seasonal
93,NA,CT-FARM,Connecticut,03-Winter 2020,21-Mar-20,,13,NA,,,NA,NA,NA,NA,NA,1.158603411,6.265637869,1.501474292,686.9458699,309.1431216,0.59438853,0.123920533,0.175468575,0.738249653,0.429508959,0.344920341,11.54958885,1.047669936,0.01351351,0.017413891,0.776018981,0.016335032,841.6509315,200.6888561,NA,#VALUE!,NA,NA,,eliminate,Winter,3,Winter,seasonal
94,126,CT-MOOS,Connecticut,03-Winter 2020,12-Mar-20,81,44,37,,,5.499,0.262,0.319,0.006,17.219,1.142751095,19.365923,1.455326918,1235.573041,623.0141078,0.474686241,0.060758205,0.093921417,1.211695323,0.672264622,0.641382499,24.98496936,2.143127617,0.012935945,0.018600082,0.695477877,0.016982686,1824.87511,445.099951,24.74335936,4.543914491,4.499973865,0.01,,,Spring,2,Winter,seasonal
95,NA,CT-NEPA,Connecticut,03-Winter 2020,21-Mar-20,,13,NA,,,NA,NA,NA,NA,NA,1.144547621,8.42207388,1.432553304,759.5428635,362.5641364,0.526090313,0.091528376,0.130456122,0.791851607,0.459983312,0.388142653,13.03009749,1.231254508,0.012926271,0.017630323,0.733184047,0.01613921,966.7791809,233.5986065,NA,#VALUE!,NA,NA,,eliminate,Winter,3,Winter,seasonal
96,125,CT-PASS,Connecticut,03-Winter 2020,13-Mar-20,33,33,0,,,3.143,0.156,0.444,0.162,7.082,1.164025554,8.679700912,1.485687026,705.6725204,342.8679885,0.520835001,0.044695145,0.171909269,0.724202789,0.422401746,0.362464191,12.66855414,1.037096665,0.013071064,0.01903634,0.686637466,0.017375685,911.9887422,221.2414834,12.66855414,4.031032635,4.031032635,0,,,Spring,2,Winter,seasonal
97,NA,CT-PHEL,Connecticut,03-Winter 2020,22-Mar-20,,17,NA,,,NA,NA,NA,NA,NA,1.118257898,11.45520104,1.445353022,1077.012479,530.691939,0.488981328,0.105187587,0.157384696,1.065113682,0.580334996,0.543368598,20.49474161,2.145131032,0.012301526,0.017043512,0.721771798,0.015587924,1575.606272,384.7889467,NA,#VALUE!,NA,NA,,eliminate,Winter,3,Winter,seasonal
98,122,CT-POPE,Connecticut,03-Winter 2020,13-Mar-20,2,6,-4,,,1.489,0.054,0.342,0.355,4.357,1.227516451,18.64375326,1.502334121,327.027518,154.7152004,0.542106273,0.01272072,0.000173936,0.341164789,0.201161939,0.171326524,4.515380138,0.294126853,0.014036193,0.021376554,0.656616282,0.019355628,308.8196773,74.17880336,4.538617755,3.031532582,3.047133836,-0.005,,,Spring,2,Winter,seasonal
99,121,CT-SLPR,Connecticut,03-Winter 2020,12-Mar-20,10,18,-8,,,1.787,0.025,0.365,0.057,4.891,1.218391571,13.80851525,1.539176698,417.5458743,188.8029333,0.577517298,0.02078427,0.047188817,0.444222009,0.264477724,0.216573409,5.742435764,0.364634413,0.014878261,0.02100939,0.708171979,0.019116602,385.6401211,90.80845347,5.796206233,3.213823527,3.243916819,-0.009,,,Spring,2,Winter,seasonal
100,130,CT-STIL,Connecticut,03-Winter 2020,21-Mar-20,,3,NA,,,NA,NA,NA,NA,NA,1.137454193,6.511312742,1.453460905,783.1072383,371.1420976,0.540324631,0.136063408,0.19347365,0.815766721,0.473579928,0.394931255,13.983856,1.32579005,0.013451702,0.017476327,0.769709884,0.016062538,1032.012806,246.8523609,NA,#VALUE!,NA,NA,,,Spring,2,Winter,seasonal
101,128,CT-THOM,Connecticut,03-Winter 2020,21-Mar-20,,54,NA,,,NA,NA,NA,NA,NA,1.179601352,11.47498181,1.525326228,539.058729,256.2919092,0.553561558,0.059610249,0.063347594,0.568451863,0.325279871,0.281504649,8.803317273,0.886414762,0.013016745,0.017062259,0.762896935,0.015548806,644.2814103,153.1639334,NA,#VALUE!,NA,NA,,,Spring,2,Winter,monthly
102,NA,CT-UNIO,Connecticut,03-Winter 2020,22-Mar-20,,7,NA,,,NA,NA,NA,NA,NA,1.133438322,6.881098051,1.452824136,584.3475276,267.1228717,0.562658278,0.101017397,0.123187884,0.623602433,0.364858903,0.29184255,10.54153827,0.904901832,0.014309501,0.017712681,0.807867627,0.016474165,753.4162081,177.8065749,NA,#VALUE!,NA,NA,,eliminate,Winter,3,Winter,seasonal
103,123,CT-W9,Connecticut,03-Winter 2020,13-Mar-20,0,18,-18,1,1,1.728,0.019,0.54,0.146,3.199,1.168970293,12.31766736,1.493056992,344.3978626,169.4150148,0.474889644,0.023918929,0.000770806,0.354174961,0.209981747,0.182312257,5.590859882,0.411425436,0.013430761,0.020329861,0.660642056,0.018482864,398.669658,97.03489133,NA,3.235038896,NA,NA,,,Spring,2,Winter,seasonal
104,76,BRO-LAP,Deschutes,03-Winter 2020,5-Feb-20,5,NA,NA,,,0.465,0.052,0.017,0.021,26.783,1.084989928,14.9388216,1.431533366,94.25216522,45.34049088,0.375204465,0.011380372,0,0.097140702,0.047534298,0.045564846,1.757676381,0.163206035,0.011635395,0.01814804,0.641137816,0.016723126,131.6802264,32.34614136,NA,3.782929507,NA,NA,,,Winter,1,Winter,seasonal
105,75,CUL-LAP,Deschutes,03-Winter 2020,5-Feb-20,-2,NA,NA,,,0.068,0.276,0.031,0.047,2.169,1.194633827,0.497150595,1.322497815,23.91613214,8.989818852,0.854381208,0.031244505,0.132379977,0.049538425,0.018054585,0.012858704,0.545247794,0.001593068,0.015672268,0.037065963,0.422821012,0.032093528,31.18386955,7.7193923,NA,8.003418429,NA,NA,,,Winter,1,Winter,seasonal
106,79,DES-BFA,Deschutes,03-Winter 2020,5-Feb-20,107,NA,NA,,,1.318,0.162,0.08,0.002,16.569,1.121643968,17.28119411,1.454004753,273.1786385,125.8569117,0.514756388,0.040829726,0.013127285,0.296551776,0.155396764,0.131705286,5.623511138,0.55034602,0.011842022,0.018154149,0.6523039,0.016347599,432.4389153,106.6072854,NA,4.267144734,NA,NA,,,Winter,1,Winter,seasonal
107,74,DES-LAP,Deschutes,03-Winter 2020,5-Feb-20,-2,NA,NA,,,0.329,0.226,0.024,0.054,13.927,1.119872361,7.684902526,1.572248437,46.19071908,21.36144125,0.400623134,0.032980326,0.004746891,0.060198248,0.02757575,0.024883273,1.040790138,0.06871124,0.014055998,0.0213999,0.656825409,0.019345975,69.70208537,16.71459219,NA,3.160657127,NA,NA,,,Winter,1,Winter,seasonal
108,81,DES-MAD,Deschutes,03-Winter 2020,4-Feb-20,2,NA,NA,,,0.407,0.374,0.287,0.046,1.419,1.156300223,31.50421918,1.537568319,81.03244573,30.2328786,0.609139347,0.004049447,0,0.100006969,0.05182451,0.037357925,1.483569735,0.118562011,0.0174052,0.016282784,1.068932659,0.01633243,99.16317702,21.9634126,NA,3.643028765,NA,NA,,,Winter,1,Winter,seasonal
109,83,DES-MOO,Deschutes,03-Winter 2020,8-Feb-20,12,NA,NA,,,1.07,NA,0.115,0.028,9.292,1.130287289,14.31888684,1.513076175,221.6012937,99.09670264,0.555999613,0.048269056,0.029321335,0.229592858,0.12896776,0.107625516,3.937745819,0.332446489,0.01404229,0.017666601,0.794849552,0.016807347,281.2429348,66.28017689,NA,3.681492443,NA,NA,,,Winter,1,Winter,monthly
110,77,DES-WIC,Deschutes,03-Winter 2020,4-Feb-20,5,NA,NA,,,0.435,0.142,0.057,0.027,7.626,1.073216385,9.641880758,1.503176198,49.15682462,20.19444838,0.549388682,0.027602647,0,0.060684285,0.033204595,0.023159479,1.065840462,0.067510705,0.017794154,0.0164078,1.084493591,0.01714727,69.02728614,15.15205287,NA,2.447921829,NA,NA,,,Winter,1,Winter,seasonal
111,78,LDS-LAP,Deschutes,03-Winter 2020,4-Feb-20,279,NA,NA,,,3.812,0.156,0.14,0.084,27.138,1.08957614,11.82915207,1.408063621,917.8428396,443.2121323,0.481393081,0.148785242,0.135629105,0.932800585,0.525926659,0.452941955,22.68592324,2.417463036,0.011693266,0.017267498,0.677183572,0.015599846,1779.482813,438.107068,NA,5.951471141,NA,NA,,,Winter,1,Winter,seasonal
112,80,WHY-SIS,Deschutes,03-Winter 2020,4-Feb-20,10,NA,NA,,,0.647,1.008,0.019,0.045,33.977,1.078026033,35.49271471,1.515893062,115.6045886,57.46065076,0.455922293,0.012719049,0.004808774,0.124674853,0.064521075,0.060257947,2.133299308,0.168151589,0.012197412,0.019740247,0.61789562,0.017985732,154.2217331,37.87502498,NA,3.297008585,NA,NA,,,Winter,1,Winter,seasonal
113,189,EAS-ALM,Gunnison,03-Winter 2020,14-Feb-20,2,50,-48,,1,0.722,0.273,0.123,0.031,5.876,1.218683934,7.342275972,1.570847302,132.6522944,54.09736628,0.634453531,0.031759224,0.009859359,0.147466717,0.080589307,0.065717991,1.457749038,0.074978315,0.016946935,0.023633736,0.717065441,0.02050784,90.93546826,20.46899003,1.768306655,2.01858578,2.448623581,-0.176,,,Winter,1,Winter,seasonal
114,192,EAS-PUM,Gunnison,03-Winter 2020,15-Feb-20,7,44,-37,,1,0.471,0.003,0.112,0.122,4.193,1.365670521,5.482641399,1.619226703,111.7557175,45.95940937,0.553198921,0.039042818,0.000299938,0.129532776,0.074716558,0.057203334,1.306281916,0.014093338,0.017228621,0.037883145,0.454783288,0.03647313,76.27097386,18.28183328,1.544761682,2.770824161,3.276676296,-0.154,,optics used from 20200317 run; what about data from 20200326 run?,Winter,1,Winter,seasonal
115,193,EAS-ROC,Gunnison,03-Winter 2020,20-Feb-20,5,10,-5,,,0.973,0.079,0.085,0.071,11.433,1.219688455,20.45023935,1.536169073,222.0867594,101.7558346,0.532502936,0,0,0.235362458,0.130596104,0.110892819,2.825195119,0.15892884,0.015003775,0.022484412,0.66729673,0.02023899,186.1227258,43.51428923,2.85938118,2.90463498,2.939782297,-0.012,,,Winter,1,Winter,seasonal
116,190,EAS-RUS,Gunnison,03-Winter 2020,20-Feb-20,0,0,0,,,0.357,0.101,0.155,0.259,2.313,1.227864274,4.976981365,1.504024471,100.315931,42.72101799,0.58740326,0.026573809,0.000240494,0.120254984,0.061477485,0.051655335,1.551264512,0.070524,0.015601015,0.025877371,0.602882544,0.022687627,96.09973071,22.23365576,1.551264512,4.339608223,4.339608223,0,,optics run 20200326,Winter,1,Winter,seasonal
117,195,GUN-GUN,Gunnison,03-Winter 2020,14-Feb-20,2,0,2,,,1.089,0.182,0.086,0.148,12.724,1.24101229,7.465650014,1.53593948,230.0541171,88.32827442,0.631525582,0.04095236,0.020257669,0.251128378,0.135634808,0.103969312,2.811601679,0.149445647,0.017496081,0.021830585,0.801448094,0.019956183,175.4332323,38.89500639,2.795659296,2.581882784,2.567242957,0.006,,,Winter,1,Winter,seasonal
118,188,GUN-R32,Gunnison,03-Winter 2020,14-Feb-20,10,24,-14,,,1.278,0.099,0.149,0.214,8.57,1.242687495,8.486292307,1.582447421,306.5098381,122.4607035,0.656358671,0.047133864,0.051809844,0.331792381,0.186099552,0.148852232,3.739553636,0.223221636,0.016065883,0.021337181,0.752952468,0.019356435,240.816932,55.18055111,3.829949366,2.925397896,2.996113148,-0.024,,,Winter,1,Winter,seasonal
119,194,TAY-RES,Gunnison,03-Winter 2020,15-Feb-20,19,60,-41,,1,1.759,0.108,0.167,0.074,10.529,1.188261243,9.464309219,1.501962453,347.2903325,132.0961839,0.617671197,0.04579213,0.039481813,0.383681477,0.211870993,0.14825184,5.278930988,0.30967402,0.0180722,0.020388988,0.886370623,0.018973143,334.5469447,74.1342157,5.546660988,3.001944054,3.154192774,-0.048,,,Winter,1,Winter,seasonal
120,70,BLU-BLU,Willamette,03-Winter 2020,23-Jan-20,7,NA,NA,,,1.226,0.172,0.049,0.081,24.788,1.175700804,15.49919099,1.481317618,201.3751145,100.795519,0.491694378,0.03147705,7.11E-15,0.215860468,0.121299421,0.108832194,4.403262626,0.350424195,0.013129289,0.01892958,0.693585856,0.017622541,313.5311881,75.62650524,NA,3.592044317,NA,NA,,,Winter,1,Winter,seasonal
121,68,BLU-TID,Willamette,03-Winter 2020,23-Jan-20,7,NA,NA,,,1.368,0.065,0.035,0.035,39.264,1.11832395,9.258983443,1.495193901,214.4451622,108.3538885,0.498459117,0.024415387,0.004853057,0.216264722,0.128963467,0.11338695,4.550632612,0.355438917,0.013331158,0.018745249,0.711175294,0.0173838,320.7347076,76.73079623,NA,3.325954795,NA,NA,,,Winter,1,Winter,seasonal
122,67,HJA-WS1,Willamette,03-Winter 2020,23-Jan-20,5,NA,NA,,,1.327,NA,0.045,0.041,29.329,1.153135272,3.000551009,1.477392463,226.6595289,110.7375931,0.627223713,0.062282194,0.169639824,0.238244625,0.137682151,0.118031955,4.827040517,0.373745387,0.013750982,0.018808682,0.731097588,0.017332685,338.023306,80.13703367,NA,3.636543541,NA,NA,,,Winter,1,Winter,seasonal
123,66,HJA-WS2,Willamette,03-Winter 2020,23-Jan-20,17,NA,NA,,,1.347,0.065,0.033,0.055,40.238,1.10172975,8.919905215,1.49454605,216.0874589,106.2760124,0.48400396,0.034045226,0.005944347,0.225979804,0.128962262,0.110926026,4.876681602,0.333506976,0.013149397,0.020482655,0.641977169,0.01875799,338.9113425,81.97236598,NA,3.62015974,NA,NA,,,Winter,1,Winter,seasonal
124,69,LOO-BLU,Willamette,03-Winter 2020,23-Jan-20,2,NA,NA,,,1.392,0.049,0.048,0.082,28.785,1.161357083,9.440017959,1.461090319,227.1441936,113.9687532,0.505471945,0.020218593,0.031523017,0.241120334,0.135477422,0.11961359,5.231540078,0.362072154,0.013296749,0.019803174,0.671445336,0.018350555,364.1519995,87.95254929,NA,3.757848179,NA,NA,,,Winter,1,Winter,seasonal
125,71,MCK-WAL,Willamette,03-Winter 2020,23-Jan-20,0,NA,NA,,,1.007,0.53,0.063,0.042,15.981,1.125069031,12.79553936,1.505649064,181.2319273,90.08667488,0.48747361,0.026999523,0.02434466,0.54095304,0.108410844,0.096252281,3.949185667,0.276540678,0.01340706,0.019928401,0.672761444,0.018720312,274.5201121,66.37300307,NA,3.922938805,NA,NA,,,Winter,1,Winter,seasonal
126,82,TRO-GAT,Deschutes,03-Winter 2020,4-Feb-20,2,NA,NA,,,2.834,0.106,1.343,0.12,2.11,1.261940436,15.18906324,1.58208372,735.9513044,295.9676956,0.668677535,0.061740054,0.111078018,0.77428359,0.432106769,0.349759996,7.490458104,0.489463508,0.014987648,0.0195301,0.767412785,0.01855564,495.5110847,115.5199707,NA,2.643023176,NA,NA,,,Winter,1,Winter,seasonal
127,72,WIL-COR,Willamette,03-Winter 2020,24-Jan-20,53,NA,NA,,,2.239,0.156,0.389,0.002,5.756,1.207979958,5.864827695,1.50685441,452.8578547,202.9340584,0.600132325,0.161768887,0.166693219,0.47208589,0.270135578,0.2253457,8.769093826,0.82780782,0.013337178,0.017486873,0.762696605,0.016150323,649.4992214,155.5669034,NA,3.916632656,NA,NA,,,Winter,1,Winter,seasonal
128,64,WIL-GOS,Willamette,03-Winter 2020,22-Jan-20,missing?,,,,,NA,NA,NA,NA,NA,NA,NA,NA,NA,NA,NA,NA,NA,NA,NA,NA,NA,NA,NA,NA,NA,NA,NA,NA,NA,NA,NA,NA,,no DOC or optical DOM daa,Winter,1,Winter,seasonal
129,23,WIL-HAR,Willamette,03-Winter 2020,24-Jan-20,19,NA,NA,,,1.527,0.076,0.059,0.02,25.759,1.161265521,4.490814932,1.473572628,297.3680716,141.8383522,0.561999126,0.118422051,0.147680714,0.312464391,0.173764008,0.152180447,6.043445124,0.532936145,0.013712485,0.017360411,0.789871,0.016638712,440.7110742,105.3951436,NA,3.95672792,NA,NA,,,Winter,1,Winter,seasonal
130,65,WIL-JAS,Willamette,03-Winter 2020,22-Jan-20,missing?,,,,,NA,NA,NA,NA,NA,NA,NA,NA,NA,NA,NA,NA,NA,NA,NA,NA,NA,NA,NA,NA,NA,NA,NA,NA,NA,NA,NA,NA,,no DOC or optical DOM daa,Winter,1,Winter,seasonal
131,73,WIL-POR,Willamette,03-Winter 2020,26-Jan-20,5,0,5,,,1.885,0.179,0.793,0.072,2.377,1.194756605,5.865232667,1.508698724,406.6037167,180.9367476,0.592205841,0.140339205,0.164700677,0.425607955,0.254310992,0.206081697,6.694373337,0.552957864,0.01378657,0.018554618,0.743026305,0.017045378,476.4070398,113.5846832,6.662488571,3.552203259,3.535284399,0.005,,,Winter,1,Winter,monthly
132,NA,CT-THOM,Connecticut,99-Monthly,3-Dec-19,88,,NA,,,3.048,0.049,0.4,0.053,7.624,1.181522376,12.69564773,1.504975483,665.669813,312.3138578,0.545963919,0.068878974,0.100553275,0.702683724,0.427053624,0.351060704,11.33921787,0.968293587,0.013304512,0.018411675,0.722612782,0.016835485,820.8722528,196.6756079,NA,3.720318957,NA,NA,CT-THOM 2019-12,,Winter,12,Winter,monthly
133,NA,CT-THOM,Connecticut,99-Monthly,24-Jan-20,76,,NA,,,2.708,0.028,0.625,0.107,4.332,1.18690961,10.40684916,1.499864272,556.0730787,260.2077699,0.540477464,0.072797399,0.118042183,0.60385659,0.364214053,0.298469245,9.807173612,0.791821624,0.013321013,0.018932533,0.703604371,0.017383249,701.0948113,168.2150129,NA,3.620949401,NA,NA,CT-THOM 2020-01,,Winter,1,Winter,monthly
134,NA,CT-THOM,Connecticut,99-Monthly,2-Mar-20,62,,NA,,,2.663,0.064,0.423,0.006,6.292,1.145229926,11.26120236,1.490209993,526.7323984,246.88502,0.522107562,0.060829805,0.076939335,0.57019436,0.345184032,0.275616978,9.610057321,0.840335326,0.013205087,0.018321927,0.720725889,0.016716332,699.5120354,168.1574542,NA,3.609172927,NA,NA,CT-THOM 2020-02,no FTICR data,Winter,3,Winter,monthly
135,34,DES-MOO,Deschutes,99-Monthly,1-Oct-19,,,NA,,,0.791,0.021,0.27,0.21,2.933,1.247382759,5.033080204,1.614778817,127.9401669,51.2098276,0.669678353,0.057002209,0.046998581,0.1418289,0.077428498,0.059497896,2.233169941,0.145804722,0.015120288,0.018111785,0.834831446,0.01903318,144.943114,33.36528877,NA,2.822715818,NA,NA,DES-MOO 2019-10,,Fall,4,Fall,monthly
136,37,DES-MOO,Deschutes,99-Monthly,10-Nov-19,,,NA,,,0.84,0.181,0.12,0.16,6.991,1.274208435,7.392466567,1.56611427,126.001348,49.02929749,0.677840391,0.043902815,0.043830288,0.143818165,0.075407989,0.058913719,2.21051709,0.263193761,0.013834897,0.013785589,1.003576776,0.013781599,166.3187481,37.91404703,NA,2.632198629,NA,NA,DES-MOO 2019-11,,Fall,4,Fall,monthly
137,62,DES-MOO,Deschutes,99-Monthly,27-Dec-19,-2,,NA,,,0.573,0.045,0.188,0.021,3.045,NA,NA,NA,NA,NA,NA,NA,NA,NA,NA,NA,NA,NA,NA,NA,NA,NA,NA,NA,NA,NA,NA,NA,DES-MOO 2019-12,no DOC or optical DOM data,Winter,1,Fall,monthly
138,85,DES-MOO,Deschutes,99-Monthly,8-Mar-20,,,NA,,,0.573,0.192,0.188,0.021,3.045,1.174117415,12.81566463,1.477166893,100.7309363,40.32386583,0.615283043,0.017025002,0.019345598,0.117869772,0.056647554,0.04614028,1.845153422,0.10860098,0.014866575,0.020800542,0.714720579,0.020217455,119.8868289,28.00757304,NA,3.218986785,NA,NA,,,Spring,2,Winter,monthly
139,104,DES-MOO,Deschutes,99-Monthly,3-Apr-20,10,,NA,,,0.977,0.04,0.035,0.021,27.914,1.279350848,6.898827072,1.612913957,131.9086949,48.55526681,0.654097512,0.063942984,0.058035242,0.144286017,0.073305221,0.055708841,2.171074839,0.195327763,0.016785032,0.015836942,1.059865696,0.01585504,150.9843897,33.76959936,NA,2.222185096,NA,NA,DES-MOO 2020-04,,Spring,2,Spring,monthly
140,151,DES-MOO,Deschutes,99-Monthly,21-Jun-20,17,,NA,,,0.9,0.023,0.056,0.058,16.071,1.318567181,4.799844089,1.624467232,124.7334489,44.58651302,0.695974957,0.055118568,0.057795166,0.138835634,0.067249209,0.052028353,1.599427317,0.118901013,0.017424872,0.018703451,0.931639419,0.017702975,106.2244878,23.68781489,NA,1.777141463,NA,NA,DES-MOO 2020-06,,Summer,3,Summer,monthly
142,NA,GUN-GRJ,Gunnison,99-Monthly,24-Nov-19,0,NA,NA,,,3.641,0.375,0.668,0.132,5.447,1.267706669,6.385892529,1.597887869,1016.37104,364.5696456,0.687123729,0.112579319,0.186353584,1.100140913,0.609390063,0.435955533,10.03805321,0.620063131,0.016629495,0.019424435,0.856112176,0.018411251,644.3328244,145.2836824,NA,2.75722277,NA,NA,GUN-GRJ 2019-11,,Fall,11,Fall,monthly
143,NA,GUN-GRJ,Gunnison,99-Monthly,8-Jan-20,,NA,NA,,,3.003,0.969,0.78,0.716,3.849,1.255184659,12.88471081,1.549438231,770.5096028,272.6228307,0.695490215,0.082983159,0.096501379,0.852686285,0.46230078,0.32450068,7.961404791,0.4896434,0.017185942,0.019590213,0.877271846,0.018716639,507.963736,113.864695,NA,2.651338887,NA,NA,GUN-GRJ 2019-12,,Winter,1,Winter,monthly
144,NA,GUN-GRJ,Gunnison,99-Monthly,29-Jan-20,0,NA,NA,,,3.216,0.156,0.683,0.022,4.707,1.263673633,6.780445782,1.572332165,804.9834146,283.0283068,0.69590648,0.187976643,0.203388649,0.872198573,0.483392768,0.338782294,8.442091319,0.475455108,0.017927045,0.019869483,0.902240099,0.019015949,524.1950362,115.9464688,NA,2.625410769,NA,NA,GUN-GRJ 2020-01,,Winter,1,Winter,monthly
145,NA,GUN-GRJ,Gunnison,99-Monthly,10-Mar-20,0,NA,NA,,,3.366,0.014,0.579,0.032,5.816,1.283048531,10.25741656,1.5899591,772.2905789,267.5421744,0.720719985,0.116382816,0.134557324,0.853953891,0.439305684,0.321147898,7.491977525,0.421363896,0.018057912,0.02019706,0.894086163,0.019443118,470.2490028,104.3151026,NA,2.225928122,NA,NA,GUN-GRJ 2020-02,no FTICR data,Winter,3,Winter,monthly
146,NA,GUN-GRJ,Gunnison,99-Monthly,24-Apr-20,-38,,NA,,1,3.898,0.707,0.42,0.077,9.281,1.25028745,5.101103105,1.574397763,1068.4066,353.3822676,0.727300737,0.25707058,0.472580672,1.54045039,0.699895907,0.421864812,10.64574108,0.798419034,0.016667907,0.017003965,0.980236518,0.016912616,708.2857259,159.5418255,NA,2.731077753,NA,NA,GUN-GRJ 2020-04,,Spring,4,Spring,monthly
147,NA,GUN-GRJ,Gunnison,99-Monthly,23-Jun-20,12,,NA,,,3.998,0.177,1.147,0.155,3.486,1.2659347,7.515639823,1.592769456,1137.775014,378.4438143,0.702641026,0.251802615,0.330041942,1.583537512,0.757341538,0.463424122,11.17843424,0.752153983,0.016454357,0.018852459,0.872796332,0.018187965,739.1311651,166.909542,NA,2.796006564,NA,NA,GUN-GRJ 2020-06,,Summer,6,Summer,monthly
148,35,WIL-POR,Willamette,99-Monthly,1-Oct-19,,,NA,,,1.413,0.264,0.472,0.026,2.996,1.287365546,6.263811005,1.609893152,254.7753314,109.7755527,0.650537574,0.070098681,0.086134114,0.27367211,0.176533875,0.141296134,4.690671264,0.423641961,0.014544278,0.017043321,0.853371154,0.01629195,336.2754498,78.52065979,NA,3.318994096,NA,NA,WIL-POR 2019-10,,Fall,4,Fall,monthly
149,36,WIL-POR,Willamette,99-Monthly,10-Nov-19,,,NA,,,1.371,0.021,0.413,0.044,3.32,1.361722803,4.882198923,1.65146523,250.1502092,107.1118745,0.659290286,0.111293608,0.105043883,0.277135489,0.169232158,0.141055575,5.639039539,0.624400736,0.014655794,0.014676768,0.998570909,0.014452828,417.2619519,95.95356136,NA,4.11330165,NA,NA,WIL-POR 2019-11,,Fall,4,Fall,monthly
150,63,WIL-POR,Willamette,99-Monthly,27-Dec-19,43,,NA,,,NA,NA,NA,NA,NA,NA,NA,NA,NA,NA,NA,NA,NA,NA,NA,NA,NA,NA,NA,NA,NA,NA,NA,NA,NA,NA,NA,NA,WIL-POR 2019-12,no DOC or optical DOM data,Winter,1,Fall,monthly
151,86,WIL-POR,Willamette,99-Monthly,8-Mar-20,50,,NA,,,1.091,0.128,0.883,0.035,1.236,1.311845062,9.440929598,1.53497232,232.8606365,98.59523046,0.607849739,0.045937651,0.030537851,0.266120805,0.150592803,0.121516879,4.128075798,0.356791666,0.013245542,0.018316143,0.723162176,0.017027138,299.8200547,71.68885127,NA,3.782641271,NA,NA,WIL-POR 2020-03,,Spring,2,Winter,monthly
152,103,WIL-POR,Willamette,99-Monthly,3-Apr-20,,,NA,,,2.273,0.478,0.814,0.051,2.792,1.21802965,7.500052697,1.510662449,479.8638113,199.3463457,0.580614615,0.12970917,0.137015888,0.506431396,0.285930602,0.228895376,8.230253859,0.739977553,0.01293373,0.018132278,0.713298699,0.016714338,607.4642007,146.6741188,NA,3.620877193,NA,NA,WIL-POR 2020-04,,Spring,2,Spring,monthly
154,138,CT-EBRA,Connecticut,04-Spring 2020,5-Jun-20,21,10,11,,1,2.437,0.042,0.17,0.122,14.335,1.11711401,8.184753815,1.459442731,526.4539288,227.2535688,0.514746232,0.04908829,0.069382366,0.571984119,0.324870181,0.23977442,9.055361648,0.772648929,0.014630424,0.017728118,0.825266641,0.016565066,640.874506,150.0126372,8.983531648,3.715782375,3.686307611,0.008,,,Summer,3,Summer,seasonal
155,137,CT-MOOS,Connecticut,04-Spring 2020,5-Jun-20,136,100,36,,1,4.504,0.325,0.178,0.037,25.303,1.123165496,9.270750211,1.457788884,1088.026432,496.9279749,0.469365062,0.107938142,0.133080819,1.136316002,0.649066483,0.538606237,19.07341031,1.645172734,0.013584945,0.018419696,0.737522749,0.016779269,1381.44253,331.864402,18.83833031,4.234771384,4.182577778,0.012,,,Summer,3,Summer,seasonal
156,135,CT-PASS,Connecticut,04-Spring 2020,5-Jun-20,14,40,-26,,1,2.455,0.354,0.234,0.071,10.491,1.161908495,6.080896793,1.504633947,529.7782902,217.8065891,0.552031198,0.083174874,0.099421403,0.581682827,0.341574076,0.244631141,8.492717721,0.699919401,0.01509076,0.017890292,0.843516712,0.016793058,594.7890203,138.8801927,8.662497721,3.459355487,3.52851231,-0.02,,,Summer,3,Summer,seasonal
157,139,CT-POPE,Connecticut,04-Spring 2020,5-Jun-20,7,30,-23,,1,1.217,0.105,0.293,0.048,4.154,1.23346954,7.892212359,1.563681242,268.1706786,114.0505194,0.568702039,0.035694881,0.016531968,0.290063482,0.160337519,0.129916611,3.385639006,0.267202433,0.014304086,0.018525566,0.772126812,0.017113407,232.7710074,54.07349539,3.535829006,2.781954812,2.905364837,-0.042,,,Summer,3,Summer,seasonal
158,136,CT-SLPR,Connecticut,04-Spring 2020,5-Jun-20,5,50,-45,,1,1.604,0.078,0.184,0.033,8.717,1.2214329,5.014997132,1.590969419,391.9129065,153.0515351,0.616098283,0.073318871,0.1120403,0.444759429,0.25411322,0.182589934,5.008403163,0.315053216,0.016396319,0.019617651,0.83579422,0.018643018,326.0976774,74.03856894,5.302253163,3.122445862,3.305644116,-0.055,,,Summer,3,Summer,seasonal
159,140,CT-W9,Connecticut,04-Spring 2020,6-Jun-20,5,90,-85,,1,1.192,0.232,0.135,0.015,8.83,1.229192768,4.839719723,1.53870345,251.5527205,113.4546874,0.532737001,0.039744604,0.024598852,0.265656725,0.151595408,0.129702886,3.583191656,0.280144278,0.014853393,0.018634141,0.797106426,0.01700797,246.0693164,57.42744109,4.138241656,3.006033269,3.471679242,-0.134,,,Summer,3,Summer,seasonal
160,99,CT-BUNN,Connecticut,04-Spring 2020,5-Jun-20,351,0,351,,,2.093,0.248,0.578,0.079,3.621,1.226417726,6.311828193,1.562358419,519.4250795,221.5218186,0.576350403,0.103523184,0.136461547,0.554648228,0.312608658,0.254276504,8.898045455,0.994751612,0.010922764,0.017557218,0.622123859,0.015563788,711.3377333,176.7734151,6.606015455,4.251335621,3.156242453,0.347,,,Summer,3,Summer,seasonal
161,101,CT-FARM,Connecticut,04-Spring 2020,6-Jun-20,146,6,140,,,2.813,0.707,0.702,0.006,4.007,1.258160535,5.251777965,1.553674702,649.0691094,260.1664005,0.633363756,0.180110526,0.226367492,0.702957618,0.412703036,0.312555798,9.744098164,0.857999611,0.013818599,0.018088671,0.763936645,0.016644799,707.0989985,168.4298595,8.829898164,3.463952422,3.13896131,0.104,,,Summer,3,Summer,seasonal
162,NA,CT-NEPA,Connecticut,04-Spring 2020,6-Jun-20,286,6,280,,,2.951,0.17,0.454,0.087,6.5,1.173059389,7.874525075,1.485867864,733.8204938,311.180272,0.547154871,0.133025451,0.165412765,0.771812222,0.432297918,0.345285853,11.63987558,1.184690694,0.011796095,0.018150084,0.64991959,0.016058514,900.7376024,222.0449563,9.811475583,3.944383457,3.324796877,0.186,,eliminate,Summer,6,Summer,monthly
163,98,CT-PHEL,Connecticut,04-Spring 2020,5-Jun-20,575,3,572,,,4.302,0.488,0.295,0.007,14.583,1.112104373,10.88440487,1.432662829,1356.242153,603.0328481,0.486558273,0.149227585,0.218070612,1.352547969,0.750383055,0.630564102,24.81975363,2.833478469,0.011039306,0.017156535,0.643446115,0.015312793,1996.62688,497.7372841,21.08459363,5.769352309,4.90111428,0.177,,,Summer,3,Summer,seasonal
164,102,CT-STIL,Connecticut,04-Spring 2020,6-Jun-20,224,3,221,,,3.538,0.431,0.544,0.016,6.504,1.217786511,7.318872875,1.566332788,954.6663695,389.9900402,0.607737144,0.167325216,0.218903392,1.029237591,0.569639783,0.452571931,13.52114759,1.330370288,0.013407527,0.017199813,0.779515838,0.015708649,1007.534387,240.8404127,12.07801759,3.821692367,3.413798076,0.119,,,Summer,3,Summer,seasonal
165,100,CT-THOM,Connecticut,04-Spring 2020,6-Jun-20,93,14,79,,,2.72,0.544,0.463,0.061,5.875,1.174266071,6.023097585,1.505009097,561.5661887,222.4357229,0.598593919,0.110877865,0.144752875,0.641322801,0.369309191,0.266865225,9.320412835,0.767767455,0.015085474,0.017464727,0.8637681,0.016723971,649.3506504,150.5902975,8.804542835,3.426622366,3.236964278,0.059,,,Summer,3,Summer,monthly
166,97,CT-UNIO,Connecticut,04-Spring 2020,5-Jun-20,91,6,85,,,3.001,0.177,0.24,0.036,12.504,1.157406378,7.335592394,1.498104767,663.1971894,273.8781168,0.57084086,0.085899482,0.139629659,0.71581354,0.404708459,0.312634917,10.89343276,0.966623978,0.014104949,0.017557319,0.803365779,0.016386572,786.3173895,186.0970279,10.33838276,3.629934276,3.444979261,0.054,,,Summer,3,Summer,seasonal
167,NA,CT-THOM,Connecticut,99-Monthly,30-Aug-20,45,,NA,,,2.992,0.127,0.53,0.185,5.645,1.270650759,5.11462717,1.615856654,571.5896436,199.6618289,0.717611789,0.171256992,0.206177799,1.102016192,0.475103856,0.252418909,8.428024957,0.605290699,0.017604989,0.018315557,0.961204136,0.017460205,554.8004722,123.7868726,NA,2.816853261,NA,NA,CT-THOM 2020-08,no FTICR data,Summer,8,Summer,monthly
168,NA,CT-THOM,Connecticut,99-Monthly,1-Oct-20,21,,NA,,,2.708,0.573,0.559,0.037,4.843,1.315044354,4.861749635,1.617714699,565.5534097,203.1792165,0.713200793,0.192412627,0.24598076,0.655116204,0.38572833,0.265366094,7.240227225,0.550471136,0.018017049,0.017414253,1.034615096,0.01708392,481.5695598,106.8859411,NA,2.673687203,NA,NA,CT-THOM 2020-09; THOM SEPT 2020,,Fall,10,Fall,monthly
169,NA,GUN-GRJ,Gunnison,99-Monthly,5-Aug-20,12,,NA,,,4.007,0.021,1.43,0.05,2.802,1.285185621,1.964322904,1.594875581,1204.257634,395.5977,0.712644421,0.276020677,0.341424913,1.650726138,0.789830191,0.496185229,11.12585552,0.757519758,0.016655591,0.018461012,0.902203604,0.017783128,716.5264454,160.4614447,NA,2.776604821,NA,NA,GUN-GRJ 2020-08,,Summer,8,Summer,monthly
170,113,BLU-BLU,Willamette,04-Spring 2020,21-Apr-20,12,,NA,,,0.908,0.235,0.008,0.004,113.5,1.160431735,14.07498501,1.486929318,130.1589376,58.65002069,0.514677659,0.023350839,0.020236308,0.149719654,0.07892108,0.065490081,3.090481625,0.282565354,0.013810661,0.016831615,0.82051906,0.01583155,219.2240162,51.02988054,NA,3.403614125,NA,NA,,,Spring,2,Spring,seasonal
171,115,BLU-TID,Willamette,04-Spring 2020,21-Apr-20,2,,NA,,,0.761,0.054,0.003,0.051,253.667,1.142347568,8.81103995,1.435195598,111.1919525,51.85030268,0.487343922,0.033865184,0.02031482,0.127452581,0.068324513,0.056368571,2.158336618,0.178654637,0.013569064,0.016903284,0.802747157,0.016408784,153.3532721,35.95246941,NA,2.83618478,NA,NA,,,Spring,2,Spring,seasonal
172,106,HJA-WS1,Willamette,04-Spring 2020,21-Apr-20,2,,NA,,,0.9,0.032,0.007,0.078,128.571,1.14490002,11.96686126,1.5228451,145.846965,68.60175468,0.506882286,0.022204599,0.015259136,0.153310128,0.081100899,0.071416555,2.44960064,0.185560429,0.012619118,0.018839583,0.669819395,0.017384531,175.2399011,42.42360123,NA,2.721778489,NA,NA,,,Spring,2,Spring,seasonal
173,109,HJA-WS2,Willamette,04-Spring 2020,21-Apr-20,2,,NA,,,0.909,0.377,0.013,0.024,69.923,1.067821774,18.57452308,1.418107677,128.8004685,62.67387876,0.45542261,0.016941153,-3.55E-15,0.138564513,0.072506965,0.064564015,2.974030038,0.252630556,0.012202082,0.018949346,0.643931555,0.017264316,219.8723367,53.75306571,NA,3.271760217,NA,NA,,,Spring,2,Spring,seasonal
174,110,LOO-BLU,Willamette,04-Spring 2020,21-Apr-20,7,,NA,,,0.66,0.023,0.026,0.036,25.385,1.119826509,14.47117088,1.445361546,101.3014586,47.12754479,0.434888181,0.009737086,0,0.103789878,0.056920938,0.050987762,2.034264732,0.177121597,0.01409256,0.017683028,0.796954038,0.016699977,144.7161575,34.14960498,NA,3.08221929,NA,NA,,,Spring,2,Spring,seasonal
175,107,MCK-WAL,Willamette,04-Spring 2020,23-Apr-20,7,,NA,,,0.956,0.059,0.02,0.082,47.8,1.302453846,3.864342099,1.620633766,249.5969012,68.11069608,0.454581107,0.047162238,0.053293905,0.156545442,0.083397993,0.075104358,2.750435565,0.248303128,0.013258408,0.018363593,0.721994211,0.015702235,203.825759,48.67474193,NA,2.87702465,NA,NA,,,Spring,2,Spring,seasonal
176,114,WIL-COR,Willamette,04-Spring 2020,23-Apr-20,43,,NA,,,1.466,0.353,0.231,0.117,6.346,1.142419637,5.250038721,1.438259873,239.6941085,93.48352261,0.618112549,0.096239657,0.08688526,0.259081553,0.143577499,0.104137188,3.778540468,0.29883532,0.014760785,0.018545949,0.795903465,0.017268436,266.4300563,62.4340438,NA,2.57744916,NA,NA,,,Spring,2,Spring,seasonal
177,112,WIL-GOS,Willamette,04-Spring 2020,23-Apr-20,72,,NA,,,2.123723777,0.239002092,0.12904184,0.113844192,16.458,1.21838027,6.428411101,1.513392944,390.0664795,161.1984786,0.597698319,0.12183192,0.146147193,0.417709308,0.237536391,0.183448166,6.374317268,0.5638839,0.013356187,0.018414298,0.725316104,0.016892973,468.6112549,112.5447135,NA,3.00148133,NA,NA,WIL-GOS 23-APR,,Spring,2,Spring,seasonal
178,111,WIL-HAR,Willamette,04-Spring 2020,23-Apr-20,29,,NA,,,1.243,0.172,0.12,0.175,10.358,1.279333019,8.307513947,1.473211571,182.1872975,75.29966479,0.573824789,0.078535704,0.06615262,0.197279294,0.112610552,0.088165729,2.893631796,0.225215463,0.013885257,0.018920196,0.73388549,0.017627024,208.1090638,49.80516821,NA,2.327941911,NA,NA,,,Spring,2,Spring,seasonal
179,105,WIL-JAS,Willamette,04-Spring 2020,23-Apr-20,36,,NA,,,1.912490784,0.033234019,0.066061275,0.070144993,28.95,1.186025701,8.092635008,1.483321933,345.6223646,152.1410951,0.526524498,0.075454468,0.099901481,0.358022495,0.198130143,0.163999842,7.042493762,0.623493055,0.013165904,0.018057014,0.72912963,0.016783604,518.2059099,124.7493981,NA,3.682367423,NA,NA,WIL-JAS 23-APR; WIL-JAS 2020-04,,Spring,2,Spring,seasonal
180,108,WIL-POR,Willamette,04-Spring 2020,27-Apr-20,38,,NA,,,1.387,0.076,0.469,0.1,2.957,1.229463501,8.528808883,1.512470666,256.6013914,102.2481851,0.592015032,0.084653103,0.080801627,0.294896887,0.160726278,0.120347554,3.823105672,0.280467303,0.01406554,0.019170828,0.733694937,0.01797205,270.3863141,64.43174484,NA,2.756384767,NA,NA,WIL-POR 21-APR,,Spring,2,Spring,monthly
181,118,BRO-LAP,Deschutes,04-Spring 2020,7-May-20,10,3,7,,,0.331,0.065,-0.003,0.06,-110.333,1.152771487,12.4802558,1.71600276,33.9087786,15.04997449,0.363903059,0.010456375,0,0.045682562,0.020325899,0.017464736,0.5374111,0.051646102,0.015609621,0.018019327,0.866270991,0.016319969,38.78558959,8.986370547,0.4917011,1.623598489,1.485501813,0.093,,,Spring,2,Spring,seasonal
182,117,CUL-LAP,Deschutes,04-Spring 2020,7-May-20,2,3,-1,,,0.305,0.138,0.028,0.049,10.893,1.47786143,5.603931975,2.325059599,15.45916451,7.869917127,0.301092322,0.013564443,0,0.031804183,0.009660402,0.012049986,0.480455851,0.056151295,0.014349272,0.016351538,0.877548806,0.013683433,34.98775959,7.870582252,0.486985851,1.575265086,1.596674922,-0.013,,,Spring,2,Spring,seasonal
183,145,DES-BFA,Deschutes,04-Spring 2020,7-May-20,36,3,33,,,1.404,0.086,0.058,0.015,24.207,1.135142854,13.3063263,1.48707826,253.8969263,105.7596282,0.519818201,0.052866734,0.033719836,0.270806876,0.141221687,0.108476799,5.16938517,0.580242947,0.012920268,0.015692021,0.823365434,0.014836392,395.019137,94.79026389,4.95389517,3.681898269,3.528415363,0.043,,,Spring,2,Spring,seasonal
184,116,DES-LAP,Deschutes,04-Spring 2020,7-May-20,7,3,4,,,0.545,NA,-0.003,0.025,-181.667,1.233358144,63.18640953,1.49686715,91.59142909,40.06791188,0.476788389,0.018942141,0,0.102283672,0.05166804,0.041743086,1.814717035,0.236069616,0.01189213,0.014121764,0.84211362,0.013674666,143.6188871,34.12652788,1.788597035,3.329756028,3.281829423,0.015,,,Spring,2,Spring,seasonal
185,147,DES-MAD,Deschutes,04-Spring 2020,7-May-20,0,6,-6,,,0.752,0.008,0.1,0.024,7.52,1.254954657,9.526177742,1.594000933,84.61565198,30.12687173,0.74018035,0.020932881,0.013092127,0.100581775,0.049028663,0.037175175,1.698444484,0.151695039,0.01733804,0.014882599,1.164987354,0.015919455,111.4389004,24.33318703,1.737624484,2.258569792,2.310670856,-0.023,,,Spring,2,Spring,seasonal
186,149,DES-MOO,Deschutes,04-Spring 2020,13-May-20,,0,,,,0.978,0.032,0.04,0.027,24.45,1.179098835,2.793254881,1.592692955,112.9743039,42.07441696,0.62106493,0.052763611,0.046238829,0.124873455,0.064347593,0.047749182,1.757256047,0.133480784,0.017693852,0.019151143,0.923905798,0.017242273,117.0592133,26.05224022,NA,1.796785324,NA,NA,,,Spring,2,Spring,monthly
187,119,DES-WIC,Deschutes,04-Spring 2020,7-May-20,12,3,9,,,1.024,0.241,0.064,0.044,16,1.2473744,7.876049227,1.621741757,96.63028214,36.61414682,0.650122828,0.043942271,0.015920678,0.11584959,0.057976254,0.040717207,1.732980441,0.120296776,0.017941568,0.018679236,0.960508673,0.017921326,113.365265,25.20664476,1.674210441,1.692363712,1.634971134,0.035,,,Spring,2,Spring,seasonal
188,120,LDS-LAP,Deschutes,04-Spring 2020,7-May-20,NA,15,#VALUE!,,,3.928,0.311,0.128,0.088,30.688,1.093561072,10.41727165,1.43029071,908.7403866,394.6527059,0.481335336,0.129589783,0.145488998,0.961494505,0.523138298,0.396298036,18.93827154,2.500084801,0.011426078,0.015701196,0.727720231,0.014590371,1497.258507,362.6142082,NA,4.821352225,NA,NA,,,Spring,2,Spring,seasonal
189,146,WHY-SIS,Deschutes,04-Spring 2020,7-May-20,7,,NA,,,0.893,0.055,0.02,0.009,44.65,1.063711861,11.11588981,1.463551265,113.4960014,51.63775957,0.432080323,0.022819706,-1.78E-15,0.123270655,0.066532977,0.055055556,2.304683452,0.201609777,0.01372387,0.017900585,0.766671603,0.016436257,166.410199,39.22767101,NA,2.580832534,NA,NA,,,Spring,2,Spring,seasonal
190,148,TRO-GAT,Deschutes,04-Spring 2020,7-May-20,-64,9,-73,1,,3.368,0.403,0.558,0.005,6.036,1.248966343,5.77330085,1.59133217,672.2434712,257.5252496,0.712701693,0.17417905,0.198539788,0.713927262,0.389775757,0.29947377,8.665187728,0.934394847,0.015771122,0.014353112,1.098794578,0.014842858,611.5467022,138.3887145,9.141877728,2.572799207,2.714334242,-0.052,,,Spring,2,Spring,seasonal
224,152,DES-MOO,Deschutes,99-Monthly,30-Jul-20,19,,NA,,,0.901,0.038,0.079,0.025,11.405,1.273127018,3.364129443,1.56319285,113.0261917,40.71284503,0.747428005,0.069584816,0.10312196,0.126678937,0.065697504,0.050131098,1.947352856,0.185006405,0.014024972,0.016675139,0.841070744,0.01620169,139.3731162,32.60809055,NA,2.161323924,NA,NA,DES-MOO 2020-07,,Summer,3,Summer,monthly
225,154,DES-MOO,Deschutes,99-Monthly,3-Sep-20,14,,NA,,,0.764,0.002,0.136,0.051,5.605,1.368386151,3.627749139,1.647756137,116.4172658,44.725478,0.783815049,0.074639819,0.084876041,0.132999401,0.067711497,0.056190168,1.719468959,0.205958788,0.013997733,0.014070823,0.994805547,0.013937941,129.2927155,29.8042237,NA,2.249544958,NA,NA,DES-MOO 2020-09,,Fall,4,Summer,monthly
226,84,DES-MOO,Deschutes,99-Monthly,2-Oct-20,,,,,,NA,NA,NA,NA,NA,NA,NA,NA,NA,NA,NA,NA,NA,NA,NA,NA,NA,NA,NA,NA,NA,NA,NA,NA,NA,NA,NA,NA,,DOM lost during shipping,Fall,10,Fall,seasonal
228,150,WIL-POR,Willamette,99-Monthly,21-Jun-20,62,,NA,,,1.359,0.129,0.364,0.133,3.734,1.18780178,5.941135143,1.506110237,295.8284938,116.1518896,0.621806221,0.097557497,0.098915821,0.325948195,0.183939775,0.137246006,4.518458266,0.334002331,0.014385,0.019924427,0.721978116,0.018079319,318.2984232,75.31115673,NA,3.32484052,NA,NA,WIL-POR 2020-06,,Summer,3,Summer,monthly
229,153,WIL-POR,Willamette,99-Monthly,30-Jul-20,50,,NA,,,1.28,0.035,0.421,0.034,3.04,1.186815289,3.545716152,1.48530812,221.111975,83.13975416,0.71501132,0.106502976,0.134410191,0.246841042,0.142045298,0.09972416,3.809460699,0.281879464,0.016787457,0.018817908,0.892100077,0.017652061,256.9279862,58.13611499,NA,2.976141171,NA,NA,WIL-POR 2020-07,,Summer,3,Summer,monthly
230,155,WIL-POR,Willamette,99-Monthly,3-Sep-20,36,,NA,,,1.039,0.26,0.341,0.043,3.046,NA,NA,NA,NA,NA,NA,NA,NA,NA,NA,NA,NA,NA,NA,NA,NA,NA,NA,NA,NA,NA,NA,NA,WIL-POR 2020-09,"Only DOC and TN, no optics run",Fall,4,Summer,monthly
234,NA,GUN-GRJ,Gunnison,99-Monthly,23-Sep-20,,,,,,NA,NA,NA,NA,NA,NA,NA,NA,NA,NA,NA,NA,NA,NA,NA,NA,NA,NA,NA,NA,NA,NA,NA,NA,NA,NA,NA,NA,,"PNNL did not process, no record of the data",Fall,9,Fall,monthly